1846871 execve("/usr/bin/make", ["make", "HOST_LUA=luajit", "HOST_CC=gcc ", "HOST_CFLAGS=-D_CRT_SECURE_NO_WAR"..., "CC=clang", "CROSS=x86_64-linux-android-", "STATIC_CC=x86_64-linux-android21"..., "DYNAMIC_CC=x86_64-linux-android2"..., "TARGET_AR=llvm-ar.exe rcus", "TARGET_SYS=Linux", "TARGET_LD=x86_64-linux-android21"..., "TARGET_LDFLAGS=-fuse-ld=lld", "TARGET_SONAME=libluajit.so", "CCDEBUG=-g", "GIT_RELVER=cp ../.relver luajit_"..., "VERBOSE=1", "amalg", "-j16"], 0x7ffcb12efee0 /* 89 vars */) = 0
1846871 brk(NULL)                       = 0x55e22ac24000
1846871 access("/etc/ld.so.preload", R_OK) = -1 ENOENT (No such file or directory)
1846871 openat(AT_FDCWD, "/etc/ld.so.cache", O_RDONLY|O_CLOEXEC) = 3
1846871 fstat(3, {st_mode=S_IFREG|0644, st_size=171419, ...}) = 0
1846871 mmap(NULL, 171419, PROT_READ, MAP_PRIVATE, 3, 0) = 0x7fe7e65bf000
1846871 close(3)                        = 0
1846871 mmap(NULL, 8192, PROT_READ|PROT_WRITE, MAP_PRIVATE|MAP_ANONYMOUS, -1, 0) = 0x7fe7e65bd000
1846871 openat(AT_FDCWD, "/lib64/libc.so.6", O_RDONLY|O_CLOEXEC) = 3
1846871 read(3, "\177ELF\2\1\1\3\0\0\0\0\0\0\0\0\3\0>\0\1\0\0\0 4\0\0\0\0\0\0"..., 832) = 832
1846871 pread64(3, "\6\0\0\0\4\0\0\0@\0\0\0\0\0\0\0@\0\0\0\0\0\0\0@\0\0\0\0\0\0\0"..., 784, 64) = 784
1846871 fstat(3, {st_mode=S_IFREG|0755, st_size=2454144, ...}) = 0
1846871 pread64(3, "\6\0\0\0\4\0\0\0@\0\0\0\0\0\0\0@\0\0\0\0\0\0\0@\0\0\0\0\0\0\0"..., 784, 64) = 784
1846871 mmap(NULL, 2042904, PROT_READ, MAP_PRIVATE|MAP_DENYWRITE, 3, 0) = 0x7fe7e63ca000
1846871 mmap(0x7fe7e63cb000, 1503232, PROT_READ|PROT_EXEC, MAP_PRIVATE|MAP_FIXED|MAP_DENYWRITE, 3, 0x1000) = 0x7fe7e63cb000
1846871 mmap(0x7fe7e653a000, 479232, PROT_READ, MAP_PRIVATE|MAP_FIXED|MAP_DENYWRITE, 3, 0x170000) = 0x7fe7e653a000
1846871 mmap(0x7fe7e65af000, 24576, PROT_READ|PROT_WRITE, MAP_PRIVATE|MAP_FIXED|MAP_DENYWRITE, 3, 0x1e5000) = 0x7fe7e65af000
1846871 mmap(0x7fe7e65b5000, 31768, PROT_READ|PROT_WRITE, MAP_PRIVATE|MAP_FIXED|MAP_ANONYMOUS, -1, 0) = 0x7fe7e65b5000
1846871 close(3)                        = 0
1846871 mmap(NULL, 12288, PROT_READ|PROT_WRITE, MAP_PRIVATE|MAP_ANONYMOUS, -1, 0) = 0x7fe7e63c7000
1846871 arch_prctl(ARCH_SET_FS, 0x7fe7e63c7740) = 0
1846871 set_tid_address(0x7fe7e63c7a10) = 1846871
1846871 set_robust_list(0x7fe7e63c7a20, 24) = 0
1846871 rseq(0x7fe7e63c8060, 0x20, 0, 0x53053053) = 0
1846871 mprotect(0x7fe7e65af000, 16384, PROT_READ) = 0
1846871 mprotect(0x55e211e7b000, 4096, PROT_READ) = 0
1846871 mprotect(0x7fe7e6624000, 8192, PROT_READ) = 0
1846871 prlimit64(0, RLIMIT_STACK, NULL, {rlim_cur=8192*1024, rlim_max=RLIM64_INFINITY}) = 0
1846871 munmap(0x7fe7e65bf000, 171419)  = 0
1846871 getrandom("\x28\xef\xf4\x5d\xe2\xf7\x1b\xb3", 8, GRND_NONBLOCK) = 8
1846871 brk(NULL)                       = 0x55e22ac24000
1846871 brk(0x55e22ac45000)             = 0x55e22ac45000
1846871 fcntl(0, F_GETFD)               = 0
1846871 fcntl(1, F_GETFD)               = 0
1846871 fcntl(2, F_GETFD)               = 0
1846871 fstat(1, {st_mode=S_IFCHR|0600, st_rdev=makedev(0x88, 0x4), ...}) = 0
1846871 fstat(2, {st_mode=S_IFCHR|0600, st_rdev=makedev(0x88, 0x4), ...}) = 0
1846871 openat(AT_FDCWD, "/usr/lib/locale/locale-archive", O_RDONLY|O_CLOEXEC) = 3
1846871 fstat(3, {st_mode=S_IFREG|0644, st_size=232351648, ...}) = 0
1846871 mmap(NULL, 232351648, PROT_READ, MAP_PRIVATE, 3, 0) = 0x7fe7d8600000
1846871 close(3)                        = 0
1846871 rt_sigaction(SIGHUP, {sa_handler=0x55e211e466e0, sa_mask=[HUP], sa_flags=SA_RESTORER|SA_RESTART, sa_restorer=0x7fe7e63e4050}, {sa_handler=SIG_DFL, sa_mask=[], sa_flags=0}, 8) = 0
1846871 rt_sigaction(SIGQUIT, {sa_handler=0x55e211e466e0, sa_mask=[QUIT], sa_flags=SA_RESTORER|SA_RESTART, sa_restorer=0x7fe7e63e4050}, {sa_handler=SIG_DFL, sa_mask=[], sa_flags=0}, 8) = 0
1846871 rt_sigaction(SIGPIPE, {sa_handler=0x55e211e466e0, sa_mask=[PIPE], sa_flags=SA_RESTORER|SA_RESTART, sa_restorer=0x7fe7e63e4050}, {sa_handler=SIG_DFL, sa_mask=[], sa_flags=0}, 8) = 0
1846871 rt_sigaction(SIGINT, {sa_handler=0x55e211e466e0, sa_mask=[INT], sa_flags=SA_RESTORER|SA_RESTART, sa_restorer=0x7fe7e63e4050}, {sa_handler=SIG_DFL, sa_mask=[], sa_flags=0}, 8) = 0
1846871 rt_sigaction(SIGTERM, {sa_handler=0x55e211e466e0, sa_mask=[TERM], sa_flags=SA_RESTORER|SA_RESTART, sa_restorer=0x7fe7e63e4050}, {sa_handler=SIG_DFL, sa_mask=[], sa_flags=0}, 8) = 0
1846871 rt_sigaction(SIGXCPU, {sa_handler=0x55e211e466e0, sa_mask=[XCPU], sa_flags=SA_RESTORER|SA_RESTART, sa_restorer=0x7fe7e63e4050}, {sa_handler=SIG_DFL, sa_mask=[], sa_flags=0}, 8) = 0
1846871 rt_sigaction(SIGXFSZ, {sa_handler=0x55e211e466e0, sa_mask=[XFSZ], sa_flags=SA_RESTORER|SA_RESTART, sa_restorer=0x7fe7e63e4050}, {sa_handler=SIG_DFL, sa_mask=[], sa_flags=0}, 8) = 0
1846871 rt_sigaction(SIGCHLD, {sa_handler=SIG_DFL, sa_mask=[CHLD], sa_flags=SA_RESTORER|SA_RESTART, sa_restorer=0x7fe7e63e4050}, {sa_handler=SIG_DFL, sa_mask=[], sa_flags=0}, 8) = 0
1846871 fstat(1, {st_mode=S_IFCHR|0600, st_rdev=makedev(0x88, 0x4), ...}) = 0
1846871 fstat(2, {st_mode=S_IFCHR|0600, st_rdev=makedev(0x88, 0x4), ...}) = 0
1846871 getcwd("/home/shorty/projects/external/love-android/love/src/jni/LuaJIT-2.1", 4096) = 68
1846871 ioctl(1, TCGETS, {c_iflag=ICRNL|IUTF8, c_oflag=NL0|CR0|TAB0|BS0|VT0|FF0|OPOST|ONLCR, c_cflag=B38400|CS8|CREAD, c_lflag=ISIG|ICANON|ECHO|ECHOE|ECHOK|IEXTEN|ECHOCTL|ECHOKE, ...}) = 0
1846871 ioctl(1, TCGETS, {c_iflag=ICRNL|IUTF8, c_oflag=NL0|CR0|TAB0|BS0|VT0|FF0|OPOST|ONLCR, c_cflag=B38400|CS8|CREAD, c_lflag=ISIG|ICANON|ECHO|ECHOE|ECHOK|IEXTEN|ECHOCTL|ECHOKE, ...}) = 0
1846871 ioctl(1, TCGETS, {c_iflag=ICRNL|IUTF8, c_oflag=NL0|CR0|TAB0|BS0|VT0|FF0|OPOST|ONLCR, c_cflag=B38400|CS8|CREAD, c_lflag=ISIG|ICANON|ECHO|ECHOE|ECHOK|IEXTEN|ECHOCTL|ECHOKE, ...}) = 0
1846871 fstat(1, {st_mode=S_IFCHR|0600, st_rdev=makedev(0x88, 0x4), ...}) = 0
1846871 readlink("/proc/self/fd/1", "/dev/pts/4", 4095) = 10
1846871 newfstatat(AT_FDCWD, "/dev/pts/4", {st_mode=S_IFCHR|0600, st_rdev=makedev(0x88, 0x4), ...}, 0) = 0
1846871 ioctl(2, TCGETS, {c_iflag=ICRNL|IUTF8, c_oflag=NL0|CR0|TAB0|BS0|VT0|FF0|OPOST|ONLCR, c_cflag=B38400|CS8|CREAD, c_lflag=ISIG|ICANON|ECHO|ECHOE|ECHOK|IEXTEN|ECHOCTL|ECHOKE, ...}) = 0
1846871 ioctl(2, TCGETS, {c_iflag=ICRNL|IUTF8, c_oflag=NL0|CR0|TAB0|BS0|VT0|FF0|OPOST|ONLCR, c_cflag=B38400|CS8|CREAD, c_lflag=ISIG|ICANON|ECHO|ECHOE|ECHOK|IEXTEN|ECHOCTL|ECHOKE, ...}) = 0
1846871 ioctl(2, TCGETS, {c_iflag=ICRNL|IUTF8, c_oflag=NL0|CR0|TAB0|BS0|VT0|FF0|OPOST|ONLCR, c_cflag=B38400|CS8|CREAD, c_lflag=ISIG|ICANON|ECHO|ECHOE|ECHOK|IEXTEN|ECHOCTL|ECHOKE, ...}) = 0
1846871 fstat(2, {st_mode=S_IFCHR|0600, st_rdev=makedev(0x88, 0x4), ...}) = 0
1846871 readlink("/proc/self/fd/2", "/dev/pts/4", 4095) = 10
1846871 newfstatat(AT_FDCWD, "/dev/pts/4", {st_mode=S_IFCHR|0600, st_rdev=makedev(0x88, 0x4), ...}, 0) = 0
1846871 newfstatat(AT_FDCWD, "/usr/gnu/include", 0x7ffd0e763490, 0) = -1 ENOENT (No such file or directory)
1846871 newfstatat(AT_FDCWD, "/usr/local/include", {st_mode=S_IFDIR|0755, st_size=20, ...}, 0) = 0
1846871 newfstatat(AT_FDCWD, "/usr/include", {st_mode=S_IFDIR|0755, st_size=4664, ...}, 0) = 0
1846871 rt_sigaction(SIGCHLD, {sa_handler=0x55e211e4e160, sa_mask=[CHLD], sa_flags=SA_RESTORER|SA_RESTART, sa_restorer=0x7fe7e63e4050}, {sa_handler=SIG_DFL, sa_mask=[CHLD], sa_flags=SA_RESTORER|SA_RESTART, sa_restorer=0x7fe7e63e4050}, 8) = 0
1846871 rt_sigprocmask(SIG_SETMASK, [CHLD], NULL, 8) = 0
1846871 rt_sigaction(SIGUSR1, {sa_handler=0x55e211e4e0a0, sa_mask=[USR1], sa_flags=SA_RESTORER|SA_RESTART, sa_restorer=0x7fe7e63e4050}, {sa_handler=SIG_DFL, sa_mask=[], sa_flags=0}, 8) = 0
1846871 brk(0x55e22ac66000)             = 0x55e22ac66000
1846871 newfstatat(AT_FDCWD, ".", {st_mode=S_IFDIR|0755, st_size=274, ...}, 0) = 0
1846871 openat(AT_FDCWD, ".", O_RDONLY|O_NONBLOCK|O_CLOEXEC|O_DIRECTORY) = 3
1846871 fstat(3, {st_mode=S_IFDIR|0755, st_size=274, ...}) = 0
1846871 getdents64(3, 0x55e22ac47180 /* 19 entries */, 32768) = 592
1846871 getdents64(3, 0x55e22ac47180 /* 0 entries */, 32768) = 0
1846871 close(3)                        = 0
1846871 openat(AT_FDCWD, "Makefile", O_RDONLY) = 3
1846871 fcntl(3, F_GETFD)               = 0
1846871 fcntl(3, F_SETFD, FD_CLOEXEC)   = 0
1846871 fstat(3, {st_mode=S_IFREG|0644, st_size=6311, ...}) = 0
1846871 read(3, "################################"..., 4096) = 4096
1846871 pipe2([4, 5], 0)                = 0
1846871 fcntl(5, F_GETFD)               = 0
1846871 fcntl(5, F_SETFD, FD_CLOEXEC)   = 0
1846871 fcntl(4, F_GETFD)               = 0
1846871 fcntl(4, F_SETFD, FD_CLOEXEC)   = 0
1846871 prlimit64(0, RLIMIT_NOFILE, NULL, {rlim_cur=1024, rlim_max=1024*1024}) = 0
1846871 prlimit64(0, RLIMIT_NOFILE, NULL, {rlim_cur=1024, rlim_max=1024*1024}) = 0
1846871 newfstatat(AT_FDCWD, "/home/shorty/Android/Sdk/ndk/25.2.9519653/toolchains/llvm/prebuilt/linux-x86_64/bin/uname", 0x7ffd0e7627b0, 0) = -1 ENOENT (No such file or directory)
1846871 newfstatat(AT_FDCWD, "/home/shorty/.yarn/bin/uname", 0x7ffd0e7627b0, 0) = -1 ENOENT (No such file or directory)
1846871 newfstatat(AT_FDCWD, "/home/shorty/.nvm/versions/node/v22.14.0/bin/uname", 0x7ffd0e7627b0, 0) = -1 ENOENT (No such file or directory)
1846871 newfstatat(AT_FDCWD, "/home/shorty/.cargo/bin/uname", 0x7ffd0e7627b0, 0) = -1 ENOENT (No such file or directory)
1846871 newfstatat(AT_FDCWD, "/home/shorty/bin/uname", 0x7ffd0e7627b0, 0) = -1 ENOENT (No such file or directory)
1846871 newfstatat(AT_FDCWD, "/home/shorty/.local/bin/uname", 0x7ffd0e7627b0, 0) = -1 ENOENT (No such file or directory)
1846871 newfstatat(AT_FDCWD, "/usr/games/uname", 0x7ffd0e7627b0, 0) = -1 ENOENT (No such file or directory)
1846871 newfstatat(AT_FDCWD, "/usr/lib64/qt-3.3/bin/uname", 0x7ffd0e7627b0, 0) = -1 ENOENT (No such file or directory)
1846871 newfstatat(AT_FDCWD, "/usr/lib64/ccache/uname", 0x7ffd0e7627b0, 0) = -1 ENOENT (No such file or directory)
1846871 newfstatat(AT_FDCWD, "/usr/local/bin/uname", 0x7ffd0e7627b0, 0) = -1 ENOENT (No such file or directory)
1846871 newfstatat(AT_FDCWD, "/usr/bin/uname", {st_mode=S_IFREG|0755, st_size=36840, ...}, 0) = 0
1846871 geteuid()                       = 1000
1846871 getegid()                       = 1000
1846871 getuid()                        = 1000
1846871 getgid()                        = 1000
1846871 access("/usr/bin/uname", X_OK)  = 0
1846871 newfstatat(AT_FDCWD, "/usr/bin/uname", {st_mode=S_IFREG|0755, st_size=36840, ...}, 0) = 0
1846871 mmap(NULL, 36864, PROT_READ|PROT_WRITE, MAP_PRIVATE|MAP_ANONYMOUS|MAP_STACK, -1, 0) = 0x7fe7e65e0000
1846871 rt_sigprocmask(SIG_BLOCK, ~[], [CHLD], 8) = 0
1846871 clone3({flags=CLONE_VM|CLONE_VFORK|CLONE_CLEAR_SIGHAND, exit_signal=SIGCHLD, stack=0x7fe7e65e0000, stack_size=0x9000}, 88 <unfinished ...>
1846872 rt_sigprocmask(SIG_BLOCK, NULL, ~[KILL STOP], 8) = 0
1846872 dup2(5, 1)                      = 1
1846872 rt_sigprocmask(SIG_SETMASK, [], NULL, 8) = 0
1846872 execve("/usr/bin/uname", ["uname", "-s"], 0x55e22ac4cd70 /* 111 vars */ <unfinished ...>
1846871 <... clone3 resumed>)           = 1846872
1846871 munmap(0x7fe7e65e0000, 36864)   = 0
1846871 rt_sigprocmask(SIG_SETMASK, [CHLD],  <unfinished ...>
1846872 <... execve resumed>)           = 0
1846871 <... rt_sigprocmask resumed>NULL, 8) = 0
1846871 close(5)                        = 0
1846872 brk(NULL <unfinished ...>
1846871 read(4,  <unfinished ...>
1846872 <... brk resumed>)              = 0x5607ef448000
1846872 access("/etc/ld.so.preload", R_OK) = -1 ENOENT (No such file or directory)
1846872 openat(AT_FDCWD, "/etc/ld.so.cache", O_RDONLY|O_CLOEXEC) = 3
1846872 fstat(3, {st_mode=S_IFREG|0644, st_size=171419, ...}) = 0
1846872 mmap(NULL, 171419, PROT_READ, MAP_PRIVATE, 3, 0) = 0x7f08daa21000
1846872 close(3)                        = 0
1846872 mmap(NULL, 8192, PROT_READ|PROT_WRITE, MAP_PRIVATE|MAP_ANONYMOUS, -1, 0) = 0x7f08daa1f000
1846872 openat(AT_FDCWD, "/lib64/libc.so.6", O_RDONLY|O_CLOEXEC) = 3
1846872 read(3, "\177ELF\2\1\1\3\0\0\0\0\0\0\0\0\3\0>\0\1\0\0\0 4\0\0\0\0\0\0"..., 832) = 832
1846872 pread64(3, "\6\0\0\0\4\0\0\0@\0\0\0\0\0\0\0@\0\0\0\0\0\0\0@\0\0\0\0\0\0\0"..., 784, 64) = 784
1846872 fstat(3, {st_mode=S_IFREG|0755, st_size=2454144, ...}) = 0
1846872 pread64(3, "\6\0\0\0\4\0\0\0@\0\0\0\0\0\0\0@\0\0\0\0\0\0\0@\0\0\0\0\0\0\0"..., 784, 64) = 784
1846872 mmap(NULL, 2042904, PROT_READ, MAP_PRIVATE|MAP_DENYWRITE, 3, 0) = 0x7f08da82c000
1846872 mmap(0x7f08da82d000, 1503232, PROT_READ|PROT_EXEC, MAP_PRIVATE|MAP_FIXED|MAP_DENYWRITE, 3, 0x1000) = 0x7f08da82d000
1846872 mmap(0x7f08da99c000, 479232, PROT_READ, MAP_PRIVATE|MAP_FIXED|MAP_DENYWRITE, 3, 0x170000) = 0x7f08da99c000
1846872 mmap(0x7f08daa11000, 24576, PROT_READ|PROT_WRITE, MAP_PRIVATE|MAP_FIXED|MAP_DENYWRITE, 3, 0x1e5000) = 0x7f08daa11000
1846872 mmap(0x7f08daa17000, 31768, PROT_READ|PROT_WRITE, MAP_PRIVATE|MAP_FIXED|MAP_ANONYMOUS, -1, 0) = 0x7f08daa17000
1846872 close(3)                        = 0
1846872 mmap(NULL, 12288, PROT_READ|PROT_WRITE, MAP_PRIVATE|MAP_ANONYMOUS, -1, 0) = 0x7f08da829000
1846872 arch_prctl(ARCH_SET_FS, 0x7f08da829740) = 0
1846872 set_tid_address(0x7f08da829a10) = 1846872
1846872 set_robust_list(0x7f08da829a20, 24) = 0
1846872 rseq(0x7f08da82a060, 0x20, 0, 0x53053053) = 0
1846872 mprotect(0x7f08daa11000, 16384, PROT_READ) = 0
1846872 mprotect(0x5607d2394000, 4096, PROT_READ) = 0
1846872 mprotect(0x7f08daa86000, 8192, PROT_READ) = 0
1846872 prlimit64(0, RLIMIT_STACK, NULL, {rlim_cur=8192*1024, rlim_max=RLIM64_INFINITY}) = 0
1846872 munmap(0x7f08daa21000, 171419)  = 0
1846872 getrandom("\x79\x1a\x3d\x0a\xc2\x59\x5f\x7c", 8, GRND_NONBLOCK) = 8
1846872 brk(NULL)                       = 0x5607ef448000
1846872 brk(0x5607ef469000)             = 0x5607ef469000
1846872 openat(AT_FDCWD, "/usr/lib/locale/locale-archive", O_RDONLY|O_CLOEXEC) = 3
1846872 fstat(3, {st_mode=S_IFREG|0644, st_size=232351648, ...}) = 0
1846872 mmap(NULL, 232351648, PROT_READ, MAP_PRIVATE, 3, 0) = 0x7f08cca00000
1846872 close(3)                        = 0
1846872 uname({sysname="Linux", nodename="Shorty-Laptop", ...}) = 0
1846872 fstat(1, {st_mode=S_IFIFO|0600, st_size=0, ...}) = 0
1846872 write(1, "Linux\n", 6 <unfinished ...>
1846871 <... read resumed>"Linux\n", 200) = 6
1846872 <... write resumed>)            = 6
1846871 read(4,  <unfinished ...>
1846872 close(1 <unfinished ...>
1846871 <... read resumed>"", 194)      = 0
1846872 <... close resumed>)            = 0
1846871 close(4 <unfinished ...>
1846872 close(2 <unfinished ...>
1846871 <... close resumed>)            = 0
1846872 <... close resumed>)            = 0
1846871 wait4(-1,  <unfinished ...>
1846872 exit_group(0)                   = ?
1846872 +++ exited with 0 +++
1846871 <... wait4 resumed>[{WIFEXITED(s) && WEXITSTATUS(s) == 0}], 0, NULL) = 1846872
1846871 read(3, "ORT1= $(INSTALL_DYLIBSHORT1)\n  I"..., 4096) = 2215
1846871 read(3, "", 4096)               = 0
1846871 close(3)                        = 0
1846871 getpid()                        = 1846871
1846871 mknodat(AT_FDCWD, "/tmp/GMfifo1846871", S_IFIFO|0600) = 0
1846871 openat(AT_FDCWD, "/tmp/GMfifo1846871", O_RDONLY|O_NONBLOCK) = 3
1846871 openat(AT_FDCWD, "/tmp/GMfifo1846871", O_WRONLY) = 4
1846871 fcntl(3, F_GETFD)               = 0
1846871 fcntl(3, F_SETFD, FD_CLOEXEC)   = 0
1846871 fcntl(4, F_GETFD)               = 0
1846871 fcntl(4, F_SETFD, FD_CLOEXEC)   = 0
1846871 write(4, "+", 1)                = 1
1846871 write(4, "+", 1)                = 1
1846871 write(4, "+", 1)                = 1
1846871 write(4, "+", 1)                = 1
1846871 write(4, "+", 1)                = 1
1846871 write(4, "+", 1)                = 1
1846871 write(4, "+", 1)                = 1
1846871 write(4, "+", 1)                = 1
1846871 write(4, "+", 1)                = 1
1846871 write(4, "+", 1)                = 1
1846871 write(4, "+", 1)                = 1
1846871 write(4, "+", 1)                = 1
1846871 write(4, "+", 1)                = 1
1846871 write(4, "+", 1)                = 1
1846871 write(4, "+", 1)                = 1
1846871 fcntl(3, F_GETFL)               = 0x8800 (flags O_RDONLY|O_NONBLOCK|O_LARGEFILE)
1846871 fcntl(3, F_SETFL, O_RDONLY|O_NONBLOCK|O_LARGEFILE) = 0
1846871 newfstatat(AT_FDCWD, "RCS", 0x7ffd0e763100, 0) = -1 ENOENT (No such file or directory)
1846871 newfstatat(AT_FDCWD, "SCCS", 0x7ffd0e763100, 0) = -1 ENOENT (No such file or directory)
1846871 newfstatat(AT_FDCWD, "Makefile", {st_mode=S_IFREG|0644, st_size=6311, ...}, 0) = 0
1846871 newfstatat(AT_FDCWD, ".", {st_mode=S_IFDIR|0755, st_size=274, ...}, 0) = 0
1846871 openat(AT_FDCWD, ".", O_RDONLY|O_NONBLOCK|O_CLOEXEC|O_DIRECTORY) = 5
1846871 fstat(5, {st_mode=S_IFDIR|0755, st_size=274, ...}) = 0
1846871 getdents64(5, 0x55e22ac55830 /* 19 entries */, 32768) = 592
1846871 getdents64(5, 0x55e22ac55830 /* 0 entries */, 32768) = 0
1846871 close(5)                        = 0
1846871 rt_sigprocmask(SIG_BLOCK, [HUP INT QUIT PIPE TERM XCPU XFSZ], NULL, 8) = 0
1846871 newfstatat(AT_FDCWD, "/bin/sh", {st_mode=S_IFREG|0755, st_size=1414688, ...}, 0) = 0
1846871 geteuid()                       = 1000
1846871 getegid()                       = 1000
1846871 getuid()                        = 1000
1846871 getgid()                        = 1000
1846871 access("/bin/sh", X_OK)         = 0
1846871 newfstatat(AT_FDCWD, "/bin/sh", {st_mode=S_IFREG|0755, st_size=1414688, ...}, 0) = 0
1846871 mmap(NULL, 36864, PROT_READ|PROT_WRITE, MAP_PRIVATE|MAP_ANONYMOUS|MAP_STACK, -1, 0) = 0x7fe7e65e0000
1846871 rt_sigprocmask(SIG_BLOCK, ~[], [HUP INT QUIT PIPE TERM CHLD XCPU XFSZ], 8) = 0
1846871 clone3({flags=CLONE_VM|CLONE_VFORK|CLONE_CLEAR_SIGHAND, exit_signal=SIGCHLD, stack=0x7fe7e65e0000, stack_size=0x9000}, 88 <unfinished ...>
1846873 rt_sigprocmask(SIG_BLOCK, NULL, ~[KILL STOP], 8) = 0
1846873 rt_sigprocmask(SIG_SETMASK, [], NULL, 8) = 0
1846873 execve("/bin/sh", ["/bin/sh", "-c", "echo \"==== Building LuaJIT 2.1 ("...], 0x55e22ac54c30 /* 111 vars */ <unfinished ...>
1846871 <... clone3 resumed>)           = 1846873
1846871 munmap(0x7fe7e65e0000, 36864)   = 0
1846871 rt_sigprocmask(SIG_SETMASK, [HUP INT QUIT PIPE TERM CHLD XCPU XFSZ],  <unfinished ...>
1846873 <... execve resumed>)           = 0
1846871 <... rt_sigprocmask resumed>NULL, 8) = 0
1846871 rt_sigprocmask(SIG_UNBLOCK, [HUP INT QUIT PIPE TERM XCPU XFSZ],  <unfinished ...>
1846873 brk(NULL <unfinished ...>
1846871 <... rt_sigprocmask resumed>NULL, 8) = 0
1846873 <... brk resumed>)              = 0x55805ed4c000
1846871 wait4(-1,  <unfinished ...>
1846873 access("/etc/ld.so.preload", R_OK) = -1 ENOENT (No such file or directory)
1846873 openat(AT_FDCWD, "/etc/ld.so.cache", O_RDONLY|O_CLOEXEC) = 3
1846873 fstat(3, {st_mode=S_IFREG|0644, st_size=171419, ...}) = 0
1846873 mmap(NULL, 171419, PROT_READ, MAP_PRIVATE, 3, 0) = 0x7efc5ff1a000
1846873 close(3)                        = 0
1846873 mmap(NULL, 8192, PROT_READ|PROT_WRITE, MAP_PRIVATE|MAP_ANONYMOUS, -1, 0) = 0x7efc5ff18000
1846873 openat(AT_FDCWD, "/lib64/libtinfo.so.6", O_RDONLY|O_CLOEXEC) = 3
1846873 read(3, "\177ELF\2\1\1\0\0\0\0\0\0\0\0\0\3\0>\0\1\0\0\0\0\0\0\0\0\0\0\0"..., 832) = 832
1846873 fstat(3, {st_mode=S_IFREG|0755, st_size=187416, ...}) = 0
1846873 mmap(NULL, 186656, PROT_READ, MAP_PRIVATE|MAP_DENYWRITE, 3, 0) = 0x7efc5feea000
1846873 mmap(0x7efc5fef0000, 86016, PROT_READ|PROT_EXEC, MAP_PRIVATE|MAP_FIXED|MAP_DENYWRITE, 3, 0x6000) = 0x7efc5fef0000
1846873 mmap(0x7efc5ff05000, 57344, PROT_READ, MAP_PRIVATE|MAP_FIXED|MAP_DENYWRITE, 3, 0x1b000) = 0x7efc5ff05000
1846873 mmap(0x7efc5ff13000, 20480, PROT_READ|PROT_WRITE, MAP_PRIVATE|MAP_FIXED|MAP_DENYWRITE, 3, 0x28000) = 0x7efc5ff13000
1846873 close(3)                        = 0
1846873 openat(AT_FDCWD, "/lib64/libc.so.6", O_RDONLY|O_CLOEXEC) = 3
1846873 read(3, "\177ELF\2\1\1\3\0\0\0\0\0\0\0\0\3\0>\0\1\0\0\0 4\0\0\0\0\0\0"..., 832) = 832
1846873 pread64(3, "\6\0\0\0\4\0\0\0@\0\0\0\0\0\0\0@\0\0\0\0\0\0\0@\0\0\0\0\0\0\0"..., 784, 64) = 784
1846873 fstat(3, {st_mode=S_IFREG|0755, st_size=2454144, ...}) = 0
1846873 pread64(3, "\6\0\0\0\4\0\0\0@\0\0\0\0\0\0\0@\0\0\0\0\0\0\0@\0\0\0\0\0\0\0"..., 784, 64) = 784
1846873 mmap(NULL, 2042904, PROT_READ, MAP_PRIVATE|MAP_DENYWRITE, 3, 0) = 0x7efc5fcf7000
1846873 mmap(0x7efc5fcf8000, 1503232, PROT_READ|PROT_EXEC, MAP_PRIVATE|MAP_FIXED|MAP_DENYWRITE, 3, 0x1000) = 0x7efc5fcf8000
1846873 mmap(0x7efc5fe67000, 479232, PROT_READ, MAP_PRIVATE|MAP_FIXED|MAP_DENYWRITE, 3, 0x170000) = 0x7efc5fe67000
1846873 mmap(0x7efc5fedc000, 24576, PROT_READ|PROT_WRITE, MAP_PRIVATE|MAP_FIXED|MAP_DENYWRITE, 3, 0x1e5000) = 0x7efc5fedc000
1846873 mmap(0x7efc5fee2000, 31768, PROT_READ|PROT_WRITE, MAP_PRIVATE|MAP_FIXED|MAP_ANONYMOUS, -1, 0) = 0x7efc5fee2000
1846873 close(3)                        = 0
1846873 mmap(NULL, 12288, PROT_READ|PROT_WRITE, MAP_PRIVATE|MAP_ANONYMOUS, -1, 0) = 0x7efc5fcf4000
1846873 arch_prctl(ARCH_SET_FS, 0x7efc5fcf4740) = 0
1846873 set_tid_address(0x7efc5fcf4a10) = 1846873
1846873 set_robust_list(0x7efc5fcf4a20, 24) = 0
1846873 rseq(0x7efc5fcf5060, 0x20, 0, 0x53053053) = 0
1846873 mprotect(0x7efc5fedc000, 16384, PROT_READ) = 0
1846873 mprotect(0x7efc5ff13000, 16384, PROT_READ) = 0
1846873 mprotect(0x55801f09c000, 16384, PROT_READ) = 0
1846873 mprotect(0x7efc5ff7f000, 8192, PROT_READ) = 0
1846873 prlimit64(0, RLIMIT_STACK, NULL, {rlim_cur=8192*1024, rlim_max=RLIM64_INFINITY}) = 0
1846873 munmap(0x7efc5ff1a000, 171419)  = 0
1846873 openat(AT_FDCWD, "/dev/tty", O_RDWR|O_NONBLOCK) = 3
1846873 close(3)                        = 0
1846873 getrandom("\xba\x0e\xd7\xc8\x56\xe4\xc2\x67", 8, GRND_NONBLOCK) = 8
1846873 brk(NULL)                       = 0x55805ed4c000
1846873 brk(0x55805ed6d000)             = 0x55805ed6d000
1846873 openat(AT_FDCWD, "/usr/lib/locale/locale-archive", O_RDONLY|O_CLOEXEC) = 3
1846873 fstat(3, {st_mode=S_IFREG|0644, st_size=232351648, ...}) = 0
1846873 mmap(NULL, 232351648, PROT_READ, MAP_PRIVATE, 3, 0) = 0x7efc51e00000
1846873 close(3)                        = 0
1846873 openat(AT_FDCWD, "/usr/lib64/gconv/gconv-modules.cache", O_RDONLY|O_CLOEXEC) = 3
1846873 fstat(3, {st_mode=S_IFREG|0644, st_size=27012, ...}) = 0
1846873 mmap(NULL, 27012, PROT_READ, MAP_SHARED, 3, 0) = 0x7efc5ff3d000
1846873 close(3)                        = 0
1846873 futex(0x7efc5fee172c, FUTEX_WAKE_PRIVATE, 2147483647) = 0
1846873 getuid()                        = 1000
1846873 getgid()                        = 1000
1846873 geteuid()                       = 1000
1846873 getegid()                       = 1000
1846873 rt_sigprocmask(SIG_BLOCK, NULL, [], 8) = 0
1846873 rt_sigaction(SIGCHLD, {sa_handler=SIG_DFL, sa_mask=[], sa_flags=SA_RESTORER|SA_RESTART, sa_restorer=0x7efc5fd11050}, {sa_handler=SIG_DFL, sa_mask=[], sa_flags=0}, 8) = 0
1846873 rt_sigaction(SIGCHLD, {sa_handler=SIG_DFL, sa_mask=[], sa_flags=SA_RESTORER|SA_RESTART, sa_restorer=0x7efc5fd11050}, {sa_handler=SIG_DFL, sa_mask=[], sa_flags=SA_RESTORER|SA_RESTART, sa_restorer=0x7efc5fd11050}, 8) = 0
1846873 rt_sigaction(SIGINT, {sa_handler=SIG_DFL, sa_mask=[], sa_flags=SA_RESTORER, sa_restorer=0x7efc5fd11050}, {sa_handler=SIG_DFL, sa_mask=[], sa_flags=0}, 8) = 0
1846873 rt_sigaction(SIGINT, {sa_handler=SIG_DFL, sa_mask=[], sa_flags=SA_RESTORER, sa_restorer=0x7efc5fd11050}, {sa_handler=SIG_DFL, sa_mask=[], sa_flags=SA_RESTORER, sa_restorer=0x7efc5fd11050}, 8) = 0
1846873 rt_sigaction(SIGQUIT, {sa_handler=SIG_DFL, sa_mask=[], sa_flags=SA_RESTORER, sa_restorer=0x7efc5fd11050}, {sa_handler=SIG_DFL, sa_mask=[], sa_flags=0}, 8) = 0
1846873 rt_sigaction(SIGQUIT, {sa_handler=SIG_DFL, sa_mask=[], sa_flags=SA_RESTORER, sa_restorer=0x7efc5fd11050}, {sa_handler=SIG_DFL, sa_mask=[], sa_flags=SA_RESTORER, sa_restorer=0x7efc5fd11050}, 8) = 0
1846873 rt_sigaction(SIGTSTP, {sa_handler=SIG_DFL, sa_mask=[], sa_flags=SA_RESTORER, sa_restorer=0x7efc5fd11050}, {sa_handler=SIG_DFL, sa_mask=[], sa_flags=0}, 8) = 0
1846873 rt_sigaction(SIGTSTP, {sa_handler=SIG_DFL, sa_mask=[], sa_flags=SA_RESTORER, sa_restorer=0x7efc5fd11050}, {sa_handler=SIG_DFL, sa_mask=[], sa_flags=SA_RESTORER, sa_restorer=0x7efc5fd11050}, 8) = 0
1846873 rt_sigaction(SIGTTIN, {sa_handler=SIG_DFL, sa_mask=[], sa_flags=SA_RESTORER, sa_restorer=0x7efc5fd11050}, {sa_handler=SIG_DFL, sa_mask=[], sa_flags=0}, 8) = 0
1846873 rt_sigaction(SIGTTIN, {sa_handler=SIG_DFL, sa_mask=[], sa_flags=SA_RESTORER, sa_restorer=0x7efc5fd11050}, {sa_handler=SIG_DFL, sa_mask=[], sa_flags=SA_RESTORER, sa_restorer=0x7efc5fd11050}, 8) = 0
1846873 rt_sigaction(SIGTTOU, {sa_handler=SIG_DFL, sa_mask=[], sa_flags=SA_RESTORER, sa_restorer=0x7efc5fd11050}, {sa_handler=SIG_DFL, sa_mask=[], sa_flags=0}, 8) = 0
1846873 rt_sigaction(SIGTTOU, {sa_handler=SIG_DFL, sa_mask=[], sa_flags=SA_RESTORER, sa_restorer=0x7efc5fd11050}, {sa_handler=SIG_DFL, sa_mask=[], sa_flags=SA_RESTORER, sa_restorer=0x7efc5fd11050}, 8) = 0
1846873 rt_sigprocmask(SIG_BLOCK, NULL, [], 8) = 0
1846873 rt_sigaction(SIGQUIT, {sa_handler=SIG_IGN, sa_mask=[], sa_flags=SA_RESTORER, sa_restorer=0x7efc5fd11050}, {sa_handler=SIG_DFL, sa_mask=[], sa_flags=SA_RESTORER, sa_restorer=0x7efc5fd11050}, 8) = 0
1846873 uname({sysname="Linux", nodename="Shorty-Laptop", ...}) = 0
1846873 newfstatat(AT_FDCWD, "/home/shorty/projects/external/love-android/love/src/jni/LuaJIT-2.1", {st_mode=S_IFDIR|0755, st_size=274, ...}, 0) = 0
1846873 newfstatat(AT_FDCWD, ".", {st_mode=S_IFDIR|0755, st_size=274, ...}, 0) = 0
1846873 newfstatat(AT_FDCWD, "/home", {st_mode=S_IFDIR|0755, st_size=12, ...}, 0) = 0
1846873 newfstatat(AT_FDCWD, "/home/shorty", {st_mode=S_IFDIR|0750, st_size=7224, ...}, 0) = 0
1846873 newfstatat(AT_FDCWD, "/home/shorty/projects", {st_mode=S_IFDIR|0755, st_size=2500, ...}, 0) = 0
1846873 newfstatat(AT_FDCWD, "/home/shorty/projects/external", {st_mode=S_IFDIR|0755, st_size=1214, ...}, 0) = 0
1846873 newfstatat(AT_FDCWD, "/home/shorty/projects/external/love-android", {st_mode=S_IFDIR|0755, st_size=504, ...}, 0) = 0
1846873 newfstatat(AT_FDCWD, "/home/shorty/projects/external/love-android/love", {st_mode=S_IFDIR|0755, st_size=76, ...}, 0) = 0
1846873 newfstatat(AT_FDCWD, "/home/shorty/projects/external/love-android/love/src", {st_mode=S_IFDIR|0755, st_size=36, ...}, 0) = 0
1846873 newfstatat(AT_FDCWD, "/home/shorty/projects/external/love-android/love/src/jni", {st_mode=S_IFDIR|0755, st_size=538, ...}, 0) = 0
1846873 newfstatat(AT_FDCWD, "/home/shorty/projects/external/love-android/love/src/jni/LuaJIT-2.1", {st_mode=S_IFDIR|0755, st_size=274, ...}, 0) = 0
1846873 getpid()                        = 1846873
1846873 getppid()                       = 1846871
1846873 getpid()                        = 1846873
1846873 getppid()                       = 1846871
1846873 getpid()                        = 1846873
1846873 getppid()                       = 1846871
1846873 getpgrp()                       = 1846868
1846873 ioctl(2, TIOCGPGRP, [1846868])  = 0
1846873 rt_sigaction(SIGCHLD, {sa_handler=0x55801ef8b140, sa_mask=[], sa_flags=SA_RESTORER|SA_RESTART, sa_restorer=0x7efc5fd11050}, {sa_handler=SIG_DFL, sa_mask=[], sa_flags=SA_RESTORER|SA_RESTART, sa_restorer=0x7efc5fd11050}, 8) = 0
1846873 prlimit64(0, RLIMIT_NPROC, NULL, {rlim_cur=126640, rlim_max=126640}) = 0
1846873 rt_sigprocmask(SIG_BLOCK, NULL, [], 8) = 0
1846873 rt_sigprocmask(SIG_BLOCK, NULL, [], 8) = 0
1846873 fstat(1, {st_mode=S_IFCHR|0600, st_rdev=makedev(0x88, 0x4), ...}) = 0
1846873 write(1, "==== Building LuaJIT 2.1 (amalga"..., 45) = 45
1846873 rt_sigprocmask(SIG_BLOCK, [CHLD], [], 8) = 0
1846873 rt_sigprocmask(SIG_SETMASK, [], NULL, 8) = 0
1846873 exit_group(0)                   = ?
1846873 +++ exited with 0 +++
1846871 <... wait4 resumed>[{WIFEXITED(s) && WEXITSTATUS(s) == 0}], 0, NULL) = 1846873
1846871 fstat(1, {st_mode=S_IFCHR|0600, st_rdev=makedev(0x88, 0x4), ...}) = 0
1846871 write(1, "make -C src amalg\n", 18) = 18
1846871 rt_sigprocmask(SIG_BLOCK, [HUP INT QUIT PIPE TERM XCPU XFSZ], NULL, 8) = 0
1846871 newfstatat(AT_FDCWD, "/home/shorty/Android/Sdk/ndk/25.2.9519653/toolchains/llvm/prebuilt/linux-x86_64/bin/make", 0x7ffd0e762be0, 0) = -1 ENOENT (No such file or directory)
1846871 newfstatat(AT_FDCWD, "/home/shorty/.yarn/bin/make", 0x7ffd0e762be0, 0) = -1 ENOENT (No such file or directory)
1846871 newfstatat(AT_FDCWD, "/home/shorty/.nvm/versions/node/v22.14.0/bin/make", 0x7ffd0e762be0, 0) = -1 ENOENT (No such file or directory)
1846871 newfstatat(AT_FDCWD, "/home/shorty/.cargo/bin/make", 0x7ffd0e762be0, 0) = -1 ENOENT (No such file or directory)
1846871 newfstatat(AT_FDCWD, "/home/shorty/bin/make", 0x7ffd0e762be0, 0) = -1 ENOENT (No such file or directory)
1846871 newfstatat(AT_FDCWD, "/home/shorty/.local/bin/make", 0x7ffd0e762be0, 0) = -1 ENOENT (No such file or directory)
1846871 newfstatat(AT_FDCWD, "/usr/games/make", 0x7ffd0e762be0, 0) = -1 ENOENT (No such file or directory)
1846871 newfstatat(AT_FDCWD, "/usr/lib64/qt-3.3/bin/make", 0x7ffd0e762be0, 0) = -1 ENOENT (No such file or directory)
1846871 newfstatat(AT_FDCWD, "/usr/lib64/ccache/make", 0x7ffd0e762be0, 0) = -1 ENOENT (No such file or directory)
1846871 newfstatat(AT_FDCWD, "/usr/local/bin/make", 0x7ffd0e762be0, 0) = -1 ENOENT (No such file or directory)
1846871 newfstatat(AT_FDCWD, "/usr/bin/make", {st_mode=S_IFREG|0755, st_size=287608, ...}, 0) = 0
1846871 geteuid()                       = 1000
1846871 getegid()                       = 1000
1846871 getuid()                        = 1000
1846871 getgid()                        = 1000
1846871 access("/usr/bin/make", X_OK)   = 0
1846871 newfstatat(AT_FDCWD, "/usr/bin/make", {st_mode=S_IFREG|0755, st_size=287608, ...}, 0) = 0
1846871 mmap(NULL, 36864, PROT_READ|PROT_WRITE, MAP_PRIVATE|MAP_ANONYMOUS|MAP_STACK, -1, 0) = 0x7fe7e65e0000
1846871 rt_sigprocmask(SIG_BLOCK, ~[], [HUP INT QUIT PIPE TERM CHLD XCPU XFSZ], 8) = 0
1846871 clone3({flags=CLONE_VM|CLONE_VFORK|CLONE_CLEAR_SIGHAND, exit_signal=SIGCHLD, stack=0x7fe7e65e0000, stack_size=0x9000}, 88 <unfinished ...>
1846874 rt_sigprocmask(SIG_BLOCK, NULL, ~[KILL STOP], 8) = 0
1846874 rt_sigprocmask(SIG_SETMASK, [], NULL, 8) = 0
1846874 execve("/usr/bin/make", ["make", "-C", "src", "amalg"], 0x55e22ac54c30 /* 111 vars */ <unfinished ...>
1846871 <... clone3 resumed>)           = 1846874
1846871 munmap(0x7fe7e65e0000, 36864)   = 0
1846871 rt_sigprocmask(SIG_SETMASK, [HUP INT QUIT PIPE TERM CHLD XCPU XFSZ], NULL, 8) = 0
1846874 <... execve resumed>)           = 0
1846871 rt_sigprocmask(SIG_UNBLOCK, [HUP INT QUIT PIPE TERM XCPU XFSZ], NULL, 8) = 0
1846871 wait4(-1,  <unfinished ...>
1846874 brk(NULL)                       = 0x55ece1da8000
1846874 access("/etc/ld.so.preload", R_OK) = -1 ENOENT (No such file or directory)
1846874 openat(AT_FDCWD, "/etc/ld.so.cache", O_RDONLY|O_CLOEXEC) = 3
1846874 fstat(3, {st_mode=S_IFREG|0644, st_size=171419, ...}) = 0
1846874 mmap(NULL, 171419, PROT_READ, MAP_PRIVATE, 3, 0) = 0x7ffb1ee8e000
1846874 close(3)                        = 0
1846874 mmap(NULL, 8192, PROT_READ|PROT_WRITE, MAP_PRIVATE|MAP_ANONYMOUS, -1, 0) = 0x7ffb1ee8c000
1846874 openat(AT_FDCWD, "/lib64/libc.so.6", O_RDONLY|O_CLOEXEC) = 3
1846874 read(3, "\177ELF\2\1\1\3\0\0\0\0\0\0\0\0\3\0>\0\1\0\0\0 4\0\0\0\0\0\0"..., 832) = 832
1846874 pread64(3, "\6\0\0\0\4\0\0\0@\0\0\0\0\0\0\0@\0\0\0\0\0\0\0@\0\0\0\0\0\0\0"..., 784, 64) = 784
1846874 fstat(3, {st_mode=S_IFREG|0755, st_size=2454144, ...}) = 0
1846874 pread64(3, "\6\0\0\0\4\0\0\0@\0\0\0\0\0\0\0@\0\0\0\0\0\0\0@\0\0\0\0\0\0\0"..., 784, 64) = 784
1846874 mmap(NULL, 2042904, PROT_READ, MAP_PRIVATE|MAP_DENYWRITE, 3, 0) = 0x7ffb1ec99000
1846874 mmap(0x7ffb1ec9a000, 1503232, PROT_READ|PROT_EXEC, MAP_PRIVATE|MAP_FIXED|MAP_DENYWRITE, 3, 0x1000) = 0x7ffb1ec9a000
1846874 mmap(0x7ffb1ee09000, 479232, PROT_READ, MAP_PRIVATE|MAP_FIXED|MAP_DENYWRITE, 3, 0x170000) = 0x7ffb1ee09000
1846874 mmap(0x7ffb1ee7e000, 24576, PROT_READ|PROT_WRITE, MAP_PRIVATE|MAP_FIXED|MAP_DENYWRITE, 3, 0x1e5000) = 0x7ffb1ee7e000
1846874 mmap(0x7ffb1ee84000, 31768, PROT_READ|PROT_WRITE, MAP_PRIVATE|MAP_FIXED|MAP_ANONYMOUS, -1, 0) = 0x7ffb1ee84000
1846874 close(3)                        = 0
1846874 mmap(NULL, 12288, PROT_READ|PROT_WRITE, MAP_PRIVATE|MAP_ANONYMOUS, -1, 0) = 0x7ffb1ec96000
1846874 arch_prctl(ARCH_SET_FS, 0x7ffb1ec96740) = 0
1846874 set_tid_address(0x7ffb1ec96a10) = 1846874
1846874 set_robust_list(0x7ffb1ec96a20, 24) = 0
1846874 rseq(0x7ffb1ec97060, 0x20, 0, 0x53053053) = 0
1846874 mprotect(0x7ffb1ee7e000, 16384, PROT_READ) = 0
1846874 mprotect(0x55ecc3561000, 4096, PROT_READ) = 0
1846874 mprotect(0x7ffb1eef3000, 8192, PROT_READ) = 0
1846874 prlimit64(0, RLIMIT_STACK, NULL, {rlim_cur=8192*1024, rlim_max=RLIM64_INFINITY}) = 0
1846874 munmap(0x7ffb1ee8e000, 171419)  = 0
1846874 getrandom("\xf2\xb2\x0f\xed\x4e\x8f\xf8\xb0", 8, GRND_NONBLOCK) = 8
1846874 brk(NULL)                       = 0x55ece1da8000
1846874 brk(0x55ece1dc9000)             = 0x55ece1dc9000
1846874 fcntl(0, F_GETFD)               = 0
1846874 fcntl(1, F_GETFD)               = 0
1846874 fcntl(2, F_GETFD)               = 0
1846874 fstat(1, {st_mode=S_IFCHR|0600, st_rdev=makedev(0x88, 0x4), ...}) = 0
1846874 fstat(2, {st_mode=S_IFCHR|0600, st_rdev=makedev(0x88, 0x4), ...}) = 0
1846874 openat(AT_FDCWD, "/usr/lib/locale/locale-archive", O_RDONLY|O_CLOEXEC) = 3
1846874 fstat(3, {st_mode=S_IFREG|0644, st_size=232351648, ...}) = 0
1846874 mmap(NULL, 232351648, PROT_READ, MAP_PRIVATE, 3, 0) = 0x7ffb10e00000
1846874 close(3)                        = 0
1846874 rt_sigaction(SIGHUP, {sa_handler=0x55ecc352c6e0, sa_mask=[HUP], sa_flags=SA_RESTORER|SA_RESTART, sa_restorer=0x7ffb1ecb3050}, {sa_handler=SIG_DFL, sa_mask=[], sa_flags=0}, 8) = 0
1846874 rt_sigaction(SIGQUIT, {sa_handler=0x55ecc352c6e0, sa_mask=[QUIT], sa_flags=SA_RESTORER|SA_RESTART, sa_restorer=0x7ffb1ecb3050}, {sa_handler=SIG_DFL, sa_mask=[], sa_flags=0}, 8) = 0
1846874 rt_sigaction(SIGPIPE, {sa_handler=0x55ecc352c6e0, sa_mask=[PIPE], sa_flags=SA_RESTORER|SA_RESTART, sa_restorer=0x7ffb1ecb3050}, {sa_handler=SIG_DFL, sa_mask=[], sa_flags=0}, 8) = 0
1846874 rt_sigaction(SIGINT, {sa_handler=0x55ecc352c6e0, sa_mask=[INT], sa_flags=SA_RESTORER|SA_RESTART, sa_restorer=0x7ffb1ecb3050}, {sa_handler=SIG_DFL, sa_mask=[], sa_flags=0}, 8) = 0
1846874 rt_sigaction(SIGTERM, {sa_handler=0x55ecc352c6e0, sa_mask=[TERM], sa_flags=SA_RESTORER|SA_RESTART, sa_restorer=0x7ffb1ecb3050}, {sa_handler=SIG_DFL, sa_mask=[], sa_flags=0}, 8) = 0
1846874 rt_sigaction(SIGXCPU, {sa_handler=0x55ecc352c6e0, sa_mask=[XCPU], sa_flags=SA_RESTORER|SA_RESTART, sa_restorer=0x7ffb1ecb3050}, {sa_handler=SIG_DFL, sa_mask=[], sa_flags=0}, 8) = 0
1846874 rt_sigaction(SIGXFSZ, {sa_handler=0x55ecc352c6e0, sa_mask=[XFSZ], sa_flags=SA_RESTORER|SA_RESTART, sa_restorer=0x7ffb1ecb3050}, {sa_handler=SIG_DFL, sa_mask=[], sa_flags=0}, 8) = 0
1846874 rt_sigaction(SIGCHLD, {sa_handler=SIG_DFL, sa_mask=[CHLD], sa_flags=SA_RESTORER|SA_RESTART, sa_restorer=0x7ffb1ecb3050}, {sa_handler=SIG_DFL, sa_mask=[], sa_flags=0}, 8) = 0
1846874 fstat(1, {st_mode=S_IFCHR|0600, st_rdev=makedev(0x88, 0x4), ...}) = 0
1846874 fstat(2, {st_mode=S_IFCHR|0600, st_rdev=makedev(0x88, 0x4), ...}) = 0
1846874 getcwd("/home/shorty/projects/external/love-android/love/src/jni/LuaJIT-2.1", 4096) = 68
1846874 ioctl(1, TCGETS, {c_iflag=ICRNL|IUTF8, c_oflag=NL0|CR0|TAB0|BS0|VT0|FF0|OPOST|ONLCR, c_cflag=B38400|CS8|CREAD, c_lflag=ISIG|ICANON|ECHO|ECHOE|ECHOK|IEXTEN|ECHOCTL|ECHOKE, ...}) = 0
1846874 ioctl(2, TCGETS, {c_iflag=ICRNL|IUTF8, c_oflag=NL0|CR0|TAB0|BS0|VT0|FF0|OPOST|ONLCR, c_cflag=B38400|CS8|CREAD, c_lflag=ISIG|ICANON|ECHO|ECHOE|ECHOK|IEXTEN|ECHOCTL|ECHOKE, ...}) = 0
1846874 chdir("src")                    = 0
1846874 getcwd("/home/shorty/projects/external/love-android/love/src/jni/LuaJIT-2.1/src", 4096) = 72
1846874 newfstatat(AT_FDCWD, "/usr/gnu/include", 0x7ffe3cf4d530, 0) = -1 ENOENT (No such file or directory)
1846874 newfstatat(AT_FDCWD, "/usr/local/include", {st_mode=S_IFDIR|0755, st_size=20, ...}, 0) = 0
1846874 newfstatat(AT_FDCWD, "/usr/include", {st_mode=S_IFDIR|0755, st_size=4664, ...}, 0) = 0
1846874 openat(AT_FDCWD, "/tmp/GMfifo1846871", O_RDONLY) = 3
1846874 openat(AT_FDCWD, "/tmp/GMfifo1846871", O_WRONLY) = 4
1846874 fcntl(3, F_GETFL)               = 0x8000 (flags O_RDONLY|O_LARGEFILE)
1846874 fcntl(3, F_SETFL, O_RDONLY|O_NONBLOCK|O_LARGEFILE) = 0
1846874 fcntl(3, F_GETFD)               = 0
1846874 fcntl(3, F_SETFD, FD_CLOEXEC)   = 0
1846874 fcntl(4, F_GETFD)               = 0
1846874 fcntl(4, F_SETFD, FD_CLOEXEC)   = 0
1846874 rt_sigaction(SIGCHLD, {sa_handler=0x55ecc3534160, sa_mask=[CHLD], sa_flags=SA_RESTORER|SA_RESTART, sa_restorer=0x7ffb1ecb3050}, {sa_handler=SIG_DFL, sa_mask=[CHLD], sa_flags=SA_RESTORER|SA_RESTART, sa_restorer=0x7ffb1ecb3050}, 8) = 0
1846874 rt_sigprocmask(SIG_SETMASK, [CHLD], NULL, 8) = 0
1846874 rt_sigaction(SIGUSR1, {sa_handler=0x55ecc35340a0, sa_mask=[USR1], sa_flags=SA_RESTORER|SA_RESTART, sa_restorer=0x7ffb1ecb3050}, {sa_handler=SIG_DFL, sa_mask=[], sa_flags=0}, 8) = 0
1846874 brk(0x55ece1dea000)             = 0x55ece1dea000
1846874 newfstatat(AT_FDCWD, ".", {st_mode=S_IFDIR|0755, st_size=3556, ...}, 0) = 0
1846874 openat(AT_FDCWD, ".", O_RDONLY|O_NONBLOCK|O_CLOEXEC|O_DIRECTORY) = 5
1846874 fstat(5, {st_mode=S_IFDIR|0755, st_size=3556, ...}) = 0
1846874 getdents64(5, 0x55ece1dcab50 /* 171 entries */, 32768) = 5720
1846874 getdents64(5, 0x55ece1dcab50 /* 0 entries */, 32768) = 0
1846874 close(5)                        = 0
1846874 openat(AT_FDCWD, "Makefile", O_RDONLY) = 5
1846874 fcntl(5, F_GETFD)               = 0
1846874 fcntl(5, F_SETFD, FD_CLOEXEC)   = 0
1846874 fstat(5, {st_mode=S_IFREG|0644, st_size=24258, ...}) = 0
1846874 read(5, "################################"..., 4096) = 4096
1846874 read(5, "\n# Note: this does not provide f"..., 4096) = 4096
1846874 openat(AT_FDCWD, "/usr/share/locale/locale.alias", O_RDONLY|O_CLOEXEC) = 6
1846874 fstat(6, {st_mode=S_IFREG|0644, st_size=2998, ...}) = 0
1846874 read(6, "# Locale name alias data base.\n#"..., 4096) = 2998
1846874 read(6, "", 4096)               = 0
1846874 close(6)                        = 0
1846874 openat(AT_FDCWD, "/usr/share/locale/en_CA.UTF-8/LC_MESSAGES/make.mo", O_RDONLY) = -1 ENOENT (No such file or directory)
1846874 openat(AT_FDCWD, "/usr/share/locale/en_CA.utf8/LC_MESSAGES/make.mo", O_RDONLY) = -1 ENOENT (No such file or directory)
1846874 openat(AT_FDCWD, "/usr/share/locale/en_CA/LC_MESSAGES/make.mo", O_RDONLY) = -1 ENOENT (No such file or directory)
1846874 openat(AT_FDCWD, "/usr/share/locale/en.UTF-8/LC_MESSAGES/make.mo", O_RDONLY) = -1 ENOENT (No such file or directory)
1846874 openat(AT_FDCWD, "/usr/share/locale/en.utf8/LC_MESSAGES/make.mo", O_RDONLY) = -1 ENOENT (No such file or directory)
1846874 openat(AT_FDCWD, "/usr/share/locale/en/LC_MESSAGES/make.mo", O_RDONLY) = -1 ENOENT (No such file or directory)
1846874 fstat(1, {st_mode=S_IFCHR|0600, st_rdev=makedev(0x88, 0x4), ...}) = 0
1846874 write(1, "make[1]: Entering directory '/ho"..., 102) = 102
1846874 pipe2([6, 7], 0)                = 0
1846874 fcntl(7, F_GETFD)               = 0
1846874 fcntl(7, F_SETFD, FD_CLOEXEC)   = 0
1846874 fcntl(6, F_GETFD)               = 0
1846874 fcntl(6, F_SETFD, FD_CLOEXEC)   = 0
1846874 prlimit64(0, RLIMIT_NOFILE, NULL, {rlim_cur=1024, rlim_max=1024*1024}) = 0
1846874 prlimit64(0, RLIMIT_NOFILE, NULL, {rlim_cur=1024, rlim_max=1024*1024}) = 0
1846874 newfstatat(AT_FDCWD, "/home/shorty/Android/Sdk/ndk/25.2.9519653/toolchains/llvm/prebuilt/linux-x86_64/bin/uname", 0x7ffe3cf4c850, 0) = -1 ENOENT (No such file or directory)
1846874 newfstatat(AT_FDCWD, "/home/shorty/.yarn/bin/uname", 0x7ffe3cf4c850, 0) = -1 ENOENT (No such file or directory)
1846874 newfstatat(AT_FDCWD, "/home/shorty/.nvm/versions/node/v22.14.0/bin/uname", 0x7ffe3cf4c850, 0) = -1 ENOENT (No such file or directory)
1846874 newfstatat(AT_FDCWD, "/home/shorty/.cargo/bin/uname", 0x7ffe3cf4c850, 0) = -1 ENOENT (No such file or directory)
1846874 newfstatat(AT_FDCWD, "/home/shorty/bin/uname", 0x7ffe3cf4c850, 0) = -1 ENOENT (No such file or directory)
1846874 newfstatat(AT_FDCWD, "/home/shorty/.local/bin/uname", 0x7ffe3cf4c850, 0) = -1 ENOENT (No such file or directory)
1846874 newfstatat(AT_FDCWD, "/usr/games/uname", 0x7ffe3cf4c850, 0) = -1 ENOENT (No such file or directory)
1846874 newfstatat(AT_FDCWD, "/usr/lib64/qt-3.3/bin/uname", 0x7ffe3cf4c850, 0) = -1 ENOENT (No such file or directory)
1846874 newfstatat(AT_FDCWD, "/usr/lib64/ccache/uname", 0x7ffe3cf4c850, 0) = -1 ENOENT (No such file or directory)
1846874 newfstatat(AT_FDCWD, "/usr/local/bin/uname", 0x7ffe3cf4c850, 0) = -1 ENOENT (No such file or directory)
1846874 newfstatat(AT_FDCWD, "/usr/bin/uname", {st_mode=S_IFREG|0755, st_size=36840, ...}, 0) = 0
1846874 geteuid()                       = 1000
1846874 getegid()                       = 1000
1846874 getuid()                        = 1000
1846874 getgid()                        = 1000
1846874 access("/usr/bin/uname", X_OK)  = 0
1846874 newfstatat(AT_FDCWD, "/usr/bin/uname", {st_mode=S_IFREG|0755, st_size=36840, ...}, 0) = 0
1846874 mmap(NULL, 36864, PROT_READ|PROT_WRITE, MAP_PRIVATE|MAP_ANONYMOUS|MAP_STACK, -1, 0) = 0x7ffb1eeaf000
1846874 rt_sigprocmask(SIG_BLOCK, ~[], [CHLD], 8) = 0
1846874 clone3({flags=CLONE_VM|CLONE_VFORK|CLONE_CLEAR_SIGHAND, exit_signal=SIGCHLD, stack=0x7ffb1eeaf000, stack_size=0x9000}, 88 <unfinished ...>
1846875 rt_sigprocmask(SIG_BLOCK, NULL, ~[KILL STOP], 8) = 0
1846875 dup2(7, 1)                      = 1
1846875 rt_sigprocmask(SIG_SETMASK, [], NULL, 8) = 0
1846875 execve("/usr/bin/uname", ["uname", "-s"], 0x55ece1dcd350 /* 111 vars */ <unfinished ...>
1846874 <... clone3 resumed>)           = 1846875
1846874 munmap(0x7ffb1eeaf000, 36864)   = 0
1846874 rt_sigprocmask(SIG_SETMASK, [CHLD], NULL, 8) = 0
1846875 <... execve resumed>)           = 0
1846874 close(7)                        = 0
1846874 read(6,  <unfinished ...>
1846875 brk(NULL)                       = 0x5640b9778000
1846875 access("/etc/ld.so.preload", R_OK) = -1 ENOENT (No such file or directory)
1846875 openat(AT_FDCWD, "/etc/ld.so.cache", O_RDONLY|O_CLOEXEC) = 3
1846875 fstat(3, {st_mode=S_IFREG|0644, st_size=171419, ...}) = 0
1846875 mmap(NULL, 171419, PROT_READ, MAP_PRIVATE, 3, 0) = 0x7ff81f090000
1846875 close(3)                        = 0
1846875 mmap(NULL, 8192, PROT_READ|PROT_WRITE, MAP_PRIVATE|MAP_ANONYMOUS, -1, 0) = 0x7ff81f08e000
1846875 openat(AT_FDCWD, "/lib64/libc.so.6", O_RDONLY|O_CLOEXEC) = 3
1846875 read(3, "\177ELF\2\1\1\3\0\0\0\0\0\0\0\0\3\0>\0\1\0\0\0 4\0\0\0\0\0\0"..., 832) = 832
1846875 pread64(3, "\6\0\0\0\4\0\0\0@\0\0\0\0\0\0\0@\0\0\0\0\0\0\0@\0\0\0\0\0\0\0"..., 784, 64) = 784
1846875 fstat(3, {st_mode=S_IFREG|0755, st_size=2454144, ...}) = 0
1846875 pread64(3, "\6\0\0\0\4\0\0\0@\0\0\0\0\0\0\0@\0\0\0\0\0\0\0@\0\0\0\0\0\0\0"..., 784, 64) = 784
1846875 mmap(NULL, 2042904, PROT_READ, MAP_PRIVATE|MAP_DENYWRITE, 3, 0) = 0x7ff81ee9b000
1846875 mmap(0x7ff81ee9c000, 1503232, PROT_READ|PROT_EXEC, MAP_PRIVATE|MAP_FIXED|MAP_DENYWRITE, 3, 0x1000) = 0x7ff81ee9c000
1846875 mmap(0x7ff81f00b000, 479232, PROT_READ, MAP_PRIVATE|MAP_FIXED|MAP_DENYWRITE, 3, 0x170000) = 0x7ff81f00b000
1846875 mmap(0x7ff81f080000, 24576, PROT_READ|PROT_WRITE, MAP_PRIVATE|MAP_FIXED|MAP_DENYWRITE, 3, 0x1e5000) = 0x7ff81f080000
1846875 mmap(0x7ff81f086000, 31768, PROT_READ|PROT_WRITE, MAP_PRIVATE|MAP_FIXED|MAP_ANONYMOUS, -1, 0) = 0x7ff81f086000
1846875 close(3)                        = 0
1846875 mmap(NULL, 12288, PROT_READ|PROT_WRITE, MAP_PRIVATE|MAP_ANONYMOUS, -1, 0) = 0x7ff81ee98000
1846875 arch_prctl(ARCH_SET_FS, 0x7ff81ee98740) = 0
1846875 set_tid_address(0x7ff81ee98a10) = 1846875
1846875 set_robust_list(0x7ff81ee98a20, 24) = 0
1846875 rseq(0x7ff81ee99060, 0x20, 0, 0x53053053) = 0
1846875 mprotect(0x7ff81f080000, 16384, PROT_READ) = 0
1846875 mprotect(0x56409f8ed000, 4096, PROT_READ) = 0
1846875 mprotect(0x7ff81f0f5000, 8192, PROT_READ) = 0
1846875 prlimit64(0, RLIMIT_STACK, NULL, {rlim_cur=8192*1024, rlim_max=RLIM64_INFINITY}) = 0
1846875 munmap(0x7ff81f090000, 171419)  = 0
1846875 getrandom("\x7a\x5d\x70\x7c\x0a\x37\x8c\x1a", 8, GRND_NONBLOCK) = 8
1846875 brk(NULL)                       = 0x5640b9778000
1846875 brk(0x5640b9799000)             = 0x5640b9799000
1846875 openat(AT_FDCWD, "/usr/lib/locale/locale-archive", O_RDONLY|O_CLOEXEC) = 3
1846875 fstat(3, {st_mode=S_IFREG|0644, st_size=232351648, ...}) = 0
1846875 mmap(NULL, 232351648, PROT_READ, MAP_PRIVATE, 3, 0) = 0x7ff811000000
1846875 close(3)                        = 0
1846875 uname({sysname="Linux", nodename="Shorty-Laptop", ...}) = 0
1846875 fstat(1, {st_mode=S_IFIFO|0600, st_size=0, ...}) = 0
1846875 write(1, "Linux\n", 6)          = 6
1846874 <... read resumed>"Linux\n", 200) = 6
1846875 close(1 <unfinished ...>
1846874 read(6,  <unfinished ...>
1846875 <... close resumed>)            = 0
1846874 <... read resumed>"", 194)      = 0
1846875 close(2 <unfinished ...>
1846874 close(6 <unfinished ...>
1846875 <... close resumed>)            = 0
1846875 exit_group(0 <unfinished ...>
1846874 <... close resumed>)            = 0
1846875 <... exit_group resumed>)       = ?
1846874 wait4(-1,  <unfinished ...>
1846875 +++ exited with 0 +++
1846874 <... wait4 resumed>[{WIFEXITED(s) && WEXITSTATUS(s) == 0}], 0, NULL) = 1846875
1846874 read(5, "=\n\nHOST_XCFLAGS= -I.\nHOST_XLDFLA"..., 4096) = 4096
1846874 pipe2([6, 7], 0)                = 0
1846874 fcntl(7, F_GETFD)               = 0
1846874 fcntl(7, F_SETFD, FD_CLOEXEC)   = 0
1846874 fcntl(6, F_GETFD)               = 0
1846874 fcntl(6, F_SETFD, FD_CLOEXEC)   = 0
1846874 prlimit64(0, RLIMIT_NOFILE, NULL, {rlim_cur=1024, rlim_max=1024*1024}) = 0
1846874 prlimit64(0, RLIMIT_NOFILE, NULL, {rlim_cur=1024, rlim_max=1024*1024}) = 0
1846874 newfstatat(AT_FDCWD, "/home/shorty/Android/Sdk/ndk/25.2.9519653/toolchains/llvm/prebuilt/linux-x86_64/bin/x86_64-linux-android21-clang", {st_mode=S_IFREG|0755, st_size=192, ...}, 0) = 0
1846874 geteuid()                       = 1000
1846874 getegid()                       = 1000
1846874 getuid()                        = 1000
1846874 getgid()                        = 1000
1846874 access("/home/shorty/Android/Sdk/ndk/25.2.9519653/toolchains/llvm/prebuilt/linux-x86_64/bin/x86_64-linux-android21-clang", X_OK) = 0
1846874 newfstatat(AT_FDCWD, "/home/shorty/Android/Sdk/ndk/25.2.9519653/toolchains/llvm/prebuilt/linux-x86_64/bin/x86_64-linux-android21-clang", {st_mode=S_IFREG|0755, st_size=192, ...}, 0) = 0
1846874 mmap(NULL, 36864, PROT_READ|PROT_WRITE, MAP_PRIVATE|MAP_ANONYMOUS|MAP_STACK, -1, 0) = 0x7ffb1eeaf000
1846874 rt_sigprocmask(SIG_BLOCK, ~[], [CHLD], 8) = 0
1846874 clone3({flags=CLONE_VM|CLONE_VFORK|CLONE_CLEAR_SIGHAND, exit_signal=SIGCHLD, stack=0x7ffb1eeaf000, stack_size=0x9000}, 88 <unfinished ...>
1846876 rt_sigprocmask(SIG_BLOCK, NULL, ~[KILL STOP], 8) = 0
1846876 dup2(7, 1)                      = 1
1846876 rt_sigprocmask(SIG_SETMASK, [], NULL, 8) = 0
1846876 execve("/home/shorty/Android/Sdk/ndk/25.2.9519653/toolchains/llvm/prebuilt/linux-x86_64/bin/x86_64-linux-android21-clang", ["x86_64-linux-android21-clang", "-fPIC", "-g", "-O2", "-fomit-frame-pointer", "-Wall", "-D_FILE_OFFSET_BITS=64", "-D_LARGEFILE_SOURCE", "-U_FORTIFY_SOURCE", "-E", "lj_arch.h", "-dM"], 0x55ece1dcd350 /* 111 vars */ <unfinished ...>
1846874 <... clone3 resumed>)           = 1846876
1846874 munmap(0x7ffb1eeaf000, 36864)   = 0
1846874 rt_sigprocmask(SIG_SETMASK, [CHLD], NULL, 8) = 0
1846876 <... execve resumed>)           = 0
1846874 close(7)                        = 0
1846874 read(6,  <unfinished ...>
1846876 brk(NULL)                       = 0x55ce58364000
1846876 access("/etc/ld.so.preload", R_OK) = -1 ENOENT (No such file or directory)
1846876 openat(AT_FDCWD, "/etc/ld.so.cache", O_RDONLY|O_CLOEXEC) = 3
1846876 fstat(3, {st_mode=S_IFREG|0644, st_size=171419, ...}) = 0
1846876 mmap(NULL, 171419, PROT_READ, MAP_PRIVATE, 3, 0) = 0x7f20c8316000
1846876 close(3)                        = 0
1846876 mmap(NULL, 8192, PROT_READ|PROT_WRITE, MAP_PRIVATE|MAP_ANONYMOUS, -1, 0) = 0x7f20c8314000
1846876 openat(AT_FDCWD, "/lib64/libtinfo.so.6", O_RDONLY|O_CLOEXEC) = 3
1846876 read(3, "\177ELF\2\1\1\0\0\0\0\0\0\0\0\0\3\0>\0\1\0\0\0\0\0\0\0\0\0\0\0"..., 832) = 832
1846876 fstat(3, {st_mode=S_IFREG|0755, st_size=187416, ...}) = 0
1846876 mmap(NULL, 186656, PROT_READ, MAP_PRIVATE|MAP_DENYWRITE, 3, 0) = 0x7f20c82e6000
1846876 mmap(0x7f20c82ec000, 86016, PROT_READ|PROT_EXEC, MAP_PRIVATE|MAP_FIXED|MAP_DENYWRITE, 3, 0x6000) = 0x7f20c82ec000
1846876 mmap(0x7f20c8301000, 57344, PROT_READ, MAP_PRIVATE|MAP_FIXED|MAP_DENYWRITE, 3, 0x1b000) = 0x7f20c8301000
1846876 mmap(0x7f20c830f000, 20480, PROT_READ|PROT_WRITE, MAP_PRIVATE|MAP_FIXED|MAP_DENYWRITE, 3, 0x28000) = 0x7f20c830f000
1846876 close(3)                        = 0
1846876 openat(AT_FDCWD, "/lib64/libc.so.6", O_RDONLY|O_CLOEXEC) = 3
1846876 read(3, "\177ELF\2\1\1\3\0\0\0\0\0\0\0\0\3\0>\0\1\0\0\0 4\0\0\0\0\0\0"..., 832) = 832
1846876 pread64(3, "\6\0\0\0\4\0\0\0@\0\0\0\0\0\0\0@\0\0\0\0\0\0\0@\0\0\0\0\0\0\0"..., 784, 64) = 784
1846876 fstat(3, {st_mode=S_IFREG|0755, st_size=2454144, ...}) = 0
1846876 pread64(3, "\6\0\0\0\4\0\0\0@\0\0\0\0\0\0\0@\0\0\0\0\0\0\0@\0\0\0\0\0\0\0"..., 784, 64) = 784
1846876 mmap(NULL, 2042904, PROT_READ, MAP_PRIVATE|MAP_DENYWRITE, 3, 0) = 0x7f20c80f3000
1846876 mmap(0x7f20c80f4000, 1503232, PROT_READ|PROT_EXEC, MAP_PRIVATE|MAP_FIXED|MAP_DENYWRITE, 3, 0x1000) = 0x7f20c80f4000
1846876 mmap(0x7f20c8263000, 479232, PROT_READ, MAP_PRIVATE|MAP_FIXED|MAP_DENYWRITE, 3, 0x170000) = 0x7f20c8263000
1846876 mmap(0x7f20c82d8000, 24576, PROT_READ|PROT_WRITE, MAP_PRIVATE|MAP_FIXED|MAP_DENYWRITE, 3, 0x1e5000) = 0x7f20c82d8000
1846876 mmap(0x7f20c82de000, 31768, PROT_READ|PROT_WRITE, MAP_PRIVATE|MAP_FIXED|MAP_ANONYMOUS, -1, 0) = 0x7f20c82de000
1846876 close(3)                        = 0
1846876 mmap(NULL, 12288, PROT_READ|PROT_WRITE, MAP_PRIVATE|MAP_ANONYMOUS, -1, 0) = 0x7f20c80f0000
1846876 arch_prctl(ARCH_SET_FS, 0x7f20c80f0740) = 0
1846876 set_tid_address(0x7f20c80f0a10) = 1846876
1846876 set_robust_list(0x7f20c80f0a20, 24) = 0
1846876 rseq(0x7f20c80f1060, 0x20, 0, 0x53053053) = 0
1846876 mprotect(0x7f20c82d8000, 16384, PROT_READ) = 0
1846876 mprotect(0x7f20c830f000, 16384, PROT_READ) = 0
1846876 mprotect(0x55ce30867000, 16384, PROT_READ) = 0
1846876 mprotect(0x7f20c837b000, 8192, PROT_READ) = 0
1846876 prlimit64(0, RLIMIT_STACK, NULL, {rlim_cur=8192*1024, rlim_max=RLIM64_INFINITY}) = 0
1846876 munmap(0x7f20c8316000, 171419)  = 0
1846876 openat(AT_FDCWD, "/dev/tty", O_RDWR|O_NONBLOCK) = 3
1846876 close(3)                        = 0
1846876 getrandom("\x25\xa1\x63\x79\x1e\x8d\x56\xdb", 8, GRND_NONBLOCK) = 8
1846876 brk(NULL)                       = 0x55ce58364000
1846876 brk(0x55ce58385000)             = 0x55ce58385000
1846876 openat(AT_FDCWD, "/usr/lib/locale/locale-archive", O_RDONLY|O_CLOEXEC) = 3
1846876 fstat(3, {st_mode=S_IFREG|0644, st_size=232351648, ...}) = 0
1846876 mmap(NULL, 232351648, PROT_READ, MAP_PRIVATE, 3, 0) = 0x7f20ba200000
1846876 close(3)                        = 0
1846876 openat(AT_FDCWD, "/usr/lib64/gconv/gconv-modules.cache", O_RDONLY|O_CLOEXEC) = 3
1846876 fstat(3, {st_mode=S_IFREG|0644, st_size=27012, ...}) = 0
1846876 mmap(NULL, 27012, PROT_READ, MAP_SHARED, 3, 0) = 0x7f20c8339000
1846876 close(3)                        = 0
1846876 futex(0x7f20c82dd72c, FUTEX_WAKE_PRIVATE, 2147483647) = 0
1846876 getuid()                        = 1000
1846876 getgid()                        = 1000
1846876 geteuid()                       = 1000
1846876 getegid()                       = 1000
1846876 rt_sigprocmask(SIG_BLOCK, NULL, [], 8) = 0
1846876 rt_sigaction(SIGCHLD, {sa_handler=SIG_DFL, sa_mask=[], sa_flags=SA_RESTORER|SA_RESTART, sa_restorer=0x7f20c810d050}, {sa_handler=SIG_DFL, sa_mask=[], sa_flags=0}, 8) = 0
1846876 rt_sigaction(SIGCHLD, {sa_handler=SIG_DFL, sa_mask=[], sa_flags=SA_RESTORER|SA_RESTART, sa_restorer=0x7f20c810d050}, {sa_handler=SIG_DFL, sa_mask=[], sa_flags=SA_RESTORER|SA_RESTART, sa_restorer=0x7f20c810d050}, 8) = 0
1846876 rt_sigaction(SIGINT, {sa_handler=SIG_DFL, sa_mask=[], sa_flags=SA_RESTORER, sa_restorer=0x7f20c810d050}, {sa_handler=SIG_DFL, sa_mask=[], sa_flags=0}, 8) = 0
1846876 rt_sigaction(SIGINT, {sa_handler=SIG_DFL, sa_mask=[], sa_flags=SA_RESTORER, sa_restorer=0x7f20c810d050}, {sa_handler=SIG_DFL, sa_mask=[], sa_flags=SA_RESTORER, sa_restorer=0x7f20c810d050}, 8) = 0
1846876 rt_sigaction(SIGQUIT, {sa_handler=SIG_DFL, sa_mask=[], sa_flags=SA_RESTORER, sa_restorer=0x7f20c810d050}, {sa_handler=SIG_DFL, sa_mask=[], sa_flags=0}, 8) = 0
1846876 rt_sigaction(SIGQUIT, {sa_handler=SIG_DFL, sa_mask=[], sa_flags=SA_RESTORER, sa_restorer=0x7f20c810d050}, {sa_handler=SIG_DFL, sa_mask=[], sa_flags=SA_RESTORER, sa_restorer=0x7f20c810d050}, 8) = 0
1846876 rt_sigaction(SIGTSTP, {sa_handler=SIG_DFL, sa_mask=[], sa_flags=SA_RESTORER, sa_restorer=0x7f20c810d050}, {sa_handler=SIG_DFL, sa_mask=[], sa_flags=0}, 8) = 0
1846876 rt_sigaction(SIGTSTP, {sa_handler=SIG_DFL, sa_mask=[], sa_flags=SA_RESTORER, sa_restorer=0x7f20c810d050}, {sa_handler=SIG_DFL, sa_mask=[], sa_flags=SA_RESTORER, sa_restorer=0x7f20c810d050}, 8) = 0
1846876 rt_sigaction(SIGTTIN, {sa_handler=SIG_DFL, sa_mask=[], sa_flags=SA_RESTORER, sa_restorer=0x7f20c810d050}, {sa_handler=SIG_DFL, sa_mask=[], sa_flags=0}, 8) = 0
1846876 rt_sigaction(SIGTTIN, {sa_handler=SIG_DFL, sa_mask=[], sa_flags=SA_RESTORER, sa_restorer=0x7f20c810d050}, {sa_handler=SIG_DFL, sa_mask=[], sa_flags=SA_RESTORER, sa_restorer=0x7f20c810d050}, 8) = 0
1846876 rt_sigaction(SIGTTOU, {sa_handler=SIG_DFL, sa_mask=[], sa_flags=SA_RESTORER, sa_restorer=0x7f20c810d050}, {sa_handler=SIG_DFL, sa_mask=[], sa_flags=0}, 8) = 0
1846876 rt_sigaction(SIGTTOU, {sa_handler=SIG_DFL, sa_mask=[], sa_flags=SA_RESTORER, sa_restorer=0x7f20c810d050}, {sa_handler=SIG_DFL, sa_mask=[], sa_flags=SA_RESTORER, sa_restorer=0x7f20c810d050}, 8) = 0
1846876 rt_sigprocmask(SIG_BLOCK, NULL, [], 8) = 0
1846876 rt_sigaction(SIGQUIT, {sa_handler=SIG_IGN, sa_mask=[], sa_flags=SA_RESTORER, sa_restorer=0x7f20c810d050}, {sa_handler=SIG_DFL, sa_mask=[], sa_flags=SA_RESTORER, sa_restorer=0x7f20c810d050}, 8) = 0
1846876 uname({sysname="Linux", nodename="Shorty-Laptop", ...}) = 0
1846876 newfstatat(AT_FDCWD, "/home/shorty/projects/external/love-android/love/src/jni/LuaJIT-2.1", {st_mode=S_IFDIR|0755, st_size=274, ...}, 0) = 0
1846876 newfstatat(AT_FDCWD, ".", {st_mode=S_IFDIR|0755, st_size=3556, ...}, 0) = 0
1846876 getcwd("/home/shorty/projects/external/love-android/love/src/jni/LuaJIT-2.1/src", 4096) = 72
1846876 getpid()                        = 1846876
1846876 getppid()                       = 1846874
1846876 getpid()                        = 1846876
1846876 getppid()                       = 1846874
1846876 getpid()                        = 1846876
1846876 getppid()                       = 1846874
1846876 getpgrp()                       = 1846868
1846876 ioctl(2, TIOCGPGRP, [1846868])  = 0
1846876 rt_sigaction(SIGCHLD, {sa_handler=0x55ce30756140, sa_mask=[], sa_flags=SA_RESTORER|SA_RESTART, sa_restorer=0x7f20c810d050}, {sa_handler=SIG_DFL, sa_mask=[], sa_flags=SA_RESTORER|SA_RESTART, sa_restorer=0x7f20c810d050}, 8) = 0
1846876 prlimit64(0, RLIMIT_NPROC, NULL, {rlim_cur=126640, rlim_max=126640}) = 0
1846876 rt_sigprocmask(SIG_BLOCK, NULL, [], 8) = 0
1846876 openat(AT_FDCWD, "/home/shorty/Android/Sdk/ndk/25.2.9519653/toolchains/llvm/prebuilt/linux-x86_64/bin/x86_64-linux-android21-clang", O_RDONLY) = 3
1846876 newfstatat(AT_FDCWD, "/home/shorty/Android/Sdk/ndk/25.2.9519653/toolchains/llvm/prebuilt/linux-x86_64/bin/x86_64-linux-android21-clang", {st_mode=S_IFREG|0755, st_size=192, ...}, 0) = 0
1846876 ioctl(3, TCGETS, 0x7ffdfd70daa0) = -1 ENOTTY (Inappropriate ioctl for device)
1846876 lseek(3, 0, SEEK_CUR)           = 0
1846876 read(3, "#!/bin/bash\nbin_dir=`dirname \"$0"..., 80) = 80
1846876 lseek(3, 0, SEEK_SET)           = 0
1846876 prlimit64(0, RLIMIT_NOFILE, NULL, {rlim_cur=1024, rlim_max=1024*1024}) = 0
1846876 fcntl(255, F_GETFD)             = -1 EBADF (Bad file descriptor)
1846876 dup2(3, 255)                    = 255
1846876 close(3)                        = 0
1846876 fcntl(255, F_SETFD, FD_CLOEXEC) = 0
1846876 fcntl(255, F_GETFL)             = 0x8000 (flags O_RDONLY|O_LARGEFILE)
1846876 fstat(255, {st_mode=S_IFREG|0755, st_size=192, ...}) = 0
1846876 lseek(255, 0, SEEK_CUR)         = 0
1846876 read(255, "#!/bin/bash\nbin_dir=`dirname \"$0"..., 192) = 192
1846876 pipe2([3, 4], 0)                = 0
1846876 rt_sigprocmask(SIG_BLOCK, [CHLD], [], 8) = 0
1846876 rt_sigprocmask(SIG_SETMASK, [], NULL, 8) = 0
1846876 rt_sigprocmask(SIG_BLOCK, NULL, [], 8) = 0
1846876 rt_sigprocmask(SIG_BLOCK, [INT TERM CHLD], [], 8) = 0
1846876 lseek(255, -157, SEEK_CUR)      = 35
1846876 clone(child_stack=NULL, flags=CLONE_CHILD_CLEARTID|CLONE_CHILD_SETTID|SIGCHLD, child_tidptr=0x7f20c80f0a10) = 1846877
1846877 set_robust_list(0x7f20c80f0a20, 24 <unfinished ...>
1846876 rt_sigprocmask(SIG_SETMASK, [],  <unfinished ...>
1846877 <... set_robust_list resumed>)  = 0
1846876 <... rt_sigprocmask resumed>NULL, 8) = 0
1846876 rt_sigaction(SIGCHLD, {sa_handler=0x55ce30756140, sa_mask=[], sa_flags=SA_RESTORER|SA_RESTART, sa_restorer=0x7f20c810d050}, {sa_handler=0x55ce30756140, sa_mask=[], sa_flags=SA_RESTORER|SA_RESTART, sa_restorer=0x7f20c810d050}, 8) = 0
1846877 getpid( <unfinished ...>
1846876 close(4 <unfinished ...>
1846877 <... getpid resumed>)           = 1846877
1846876 <... close resumed>)            = 0
1846876 rt_sigprocmask(SIG_BLOCK, [INT],  <unfinished ...>
1846877 close(255 <unfinished ...>
1846876 <... rt_sigprocmask resumed>[], 8) = 0
1846877 <... close resumed>)            = 0
1846876 read(3,  <unfinished ...>
1846877 rt_sigprocmask(SIG_SETMASK, [], NULL, 8) = 0
1846877 rt_sigaction(SIGTSTP, {sa_handler=SIG_DFL, sa_mask=[], sa_flags=SA_RESTORER, sa_restorer=0x7f20c810d050}, {sa_handler=SIG_DFL, sa_mask=[], sa_flags=SA_RESTORER, sa_restorer=0x7f20c810d050}, 8) = 0
1846877 rt_sigaction(SIGTTIN, {sa_handler=SIG_DFL, sa_mask=[], sa_flags=SA_RESTORER, sa_restorer=0x7f20c810d050}, {sa_handler=SIG_DFL, sa_mask=[], sa_flags=SA_RESTORER, sa_restorer=0x7f20c810d050}, 8) = 0
1846877 rt_sigaction(SIGTTOU, {sa_handler=SIG_DFL, sa_mask=[], sa_flags=SA_RESTORER, sa_restorer=0x7f20c810d050}, {sa_handler=SIG_DFL, sa_mask=[], sa_flags=SA_RESTORER, sa_restorer=0x7f20c810d050}, 8) = 0
1846877 rt_sigaction(SIGINT, {sa_handler=SIG_DFL, sa_mask=[], sa_flags=SA_RESTORER, sa_restorer=0x7f20c810d050}, {sa_handler=SIG_DFL, sa_mask=[], sa_flags=SA_RESTORER, sa_restorer=0x7f20c810d050}, 8) = 0
1846877 rt_sigaction(SIGQUIT, {sa_handler=SIG_DFL, sa_mask=[], sa_flags=SA_RESTORER, sa_restorer=0x7f20c810d050}, {sa_handler=SIG_IGN, sa_mask=[], sa_flags=SA_RESTORER, sa_restorer=0x7f20c810d050}, 8) = 0
1846877 rt_sigaction(SIGCHLD, {sa_handler=SIG_DFL, sa_mask=[], sa_flags=SA_RESTORER|SA_RESTART, sa_restorer=0x7f20c810d050}, {sa_handler=0x55ce30756140, sa_mask=[], sa_flags=SA_RESTORER|SA_RESTART, sa_restorer=0x7f20c810d050}, 8) = 0
1846877 rt_sigaction(SIGCHLD, {sa_handler=0x55ce30756140, sa_mask=[], sa_flags=SA_RESTORER|SA_RESTART, sa_restorer=0x7f20c810d050}, {sa_handler=SIG_DFL, sa_mask=[], sa_flags=SA_RESTORER|SA_RESTART, sa_restorer=0x7f20c810d050}, 8) = 0
1846877 rt_sigaction(SIGINT, {sa_handler=0x55ce3077fbd0, sa_mask=[], sa_flags=SA_RESTORER, sa_restorer=0x7f20c810d050}, {sa_handler=SIG_DFL, sa_mask=[], sa_flags=SA_RESTORER, sa_restorer=0x7f20c810d050}, 8) = 0
1846877 dup2(4, 1)                      = 1
1846877 close(4)                        = 0
1846877 close(3)                        = 0
1846877 rt_sigprocmask(SIG_BLOCK, NULL, [], 8) = 0
1846877 newfstatat(AT_FDCWD, ".", {st_mode=S_IFDIR|0755, st_size=3556, ...}, 0) = 0
1846877 newfstatat(AT_FDCWD, "/home/shorty/Android/Sdk/ndk/25.2.9519653/toolchains/llvm/prebuilt/linux-x86_64/bin/dirname", 0x7ffdfd70cc20, 0) = -1 ENOENT (No such file or directory)
1846877 newfstatat(AT_FDCWD, "/home/shorty/.yarn/bin/dirname", 0x7ffdfd70cc20, 0) = -1 ENOENT (No such file or directory)
1846877 newfstatat(AT_FDCWD, "/home/shorty/.nvm/versions/node/v22.14.0/bin/dirname", 0x7ffdfd70cc20, 0) = -1 ENOENT (No such file or directory)
1846877 newfstatat(AT_FDCWD, "/home/shorty/.cargo/bin/dirname", 0x7ffdfd70cc20, 0) = -1 ENOENT (No such file or directory)
1846877 newfstatat(AT_FDCWD, "/home/shorty/bin/dirname", 0x7ffdfd70cc20, 0) = -1 ENOENT (No such file or directory)
1846877 newfstatat(AT_FDCWD, "/home/shorty/.local/bin/dirname", 0x7ffdfd70cc20, 0) = -1 ENOENT (No such file or directory)
1846877 newfstatat(AT_FDCWD, "/usr/games/dirname", 0x7ffdfd70cc20, 0) = -1 ENOENT (No such file or directory)
1846877 newfstatat(AT_FDCWD, "/usr/lib64/qt-3.3/bin/dirname", 0x7ffdfd70cc20, 0) = -1 ENOENT (No such file or directory)
1846877 newfstatat(AT_FDCWD, "/usr/lib64/ccache/dirname", 0x7ffdfd70cc20, 0) = -1 ENOENT (No such file or directory)
1846877 newfstatat(AT_FDCWD, "/usr/local/bin/dirname", 0x7ffdfd70cc20, 0) = -1 ENOENT (No such file or directory)
1846877 newfstatat(AT_FDCWD, "/usr/bin/dirname", {st_mode=S_IFREG|0755, st_size=36680, ...}, 0) = 0
1846877 newfstatat(AT_FDCWD, "/usr/bin/dirname", {st_mode=S_IFREG|0755, st_size=36680, ...}, 0) = 0
1846877 geteuid()                       = 1000
1846877 getegid()                       = 1000
1846877 getuid()                        = 1000
1846877 getgid()                        = 1000
1846877 access("/usr/bin/dirname", X_OK) = 0
1846877 newfstatat(AT_FDCWD, "/usr/bin/dirname", {st_mode=S_IFREG|0755, st_size=36680, ...}, 0) = 0
1846877 geteuid()                       = 1000
1846877 getegid()                       = 1000
1846877 getuid()                        = 1000
1846877 getgid()                        = 1000
1846877 access("/usr/bin/dirname", R_OK) = 0
1846877 rt_sigaction(SIGINT, {sa_handler=SIG_DFL, sa_mask=[], sa_flags=SA_RESTORER, sa_restorer=0x7f20c810d050}, {sa_handler=0x55ce3077fbd0, sa_mask=[], sa_flags=SA_RESTORER, sa_restorer=0x7f20c810d050}, 8) = 0
1846877 rt_sigaction(SIGQUIT, {sa_handler=SIG_DFL, sa_mask=[], sa_flags=SA_RESTORER, sa_restorer=0x7f20c810d050}, {sa_handler=SIG_DFL, sa_mask=[], sa_flags=SA_RESTORER, sa_restorer=0x7f20c810d050}, 8) = 0
1846877 rt_sigaction(SIGCHLD, {sa_handler=SIG_DFL, sa_mask=[], sa_flags=SA_RESTORER|SA_RESTART, sa_restorer=0x7f20c810d050}, {sa_handler=0x55ce30756140, sa_mask=[], sa_flags=SA_RESTORER|SA_RESTART, sa_restorer=0x7f20c810d050}, 8) = 0
1846877 execve("/usr/bin/dirname", ["dirname", "/home/shorty/Android/Sdk/ndk/25."...], 0x55ce583775c0 /* 112 vars */) = 0
1846877 brk(NULL)                       = 0x55ba5d222000
1846877 access("/etc/ld.so.preload", R_OK) = -1 ENOENT (No such file or directory)
1846877 openat(AT_FDCWD, "/etc/ld.so.cache", O_RDONLY|O_CLOEXEC) = 3
1846877 fstat(3, {st_mode=S_IFREG|0644, st_size=171419, ...}) = 0
1846877 mmap(NULL, 171419, PROT_READ, MAP_PRIVATE, 3, 0) = 0x7f82ca0fe000
1846877 close(3)                        = 0
1846877 mmap(NULL, 8192, PROT_READ|PROT_WRITE, MAP_PRIVATE|MAP_ANONYMOUS, -1, 0) = 0x7f82ca0fc000
1846877 openat(AT_FDCWD, "/lib64/libc.so.6", O_RDONLY|O_CLOEXEC) = 3
1846877 read(3, "\177ELF\2\1\1\3\0\0\0\0\0\0\0\0\3\0>\0\1\0\0\0 4\0\0\0\0\0\0"..., 832) = 832
1846877 pread64(3, "\6\0\0\0\4\0\0\0@\0\0\0\0\0\0\0@\0\0\0\0\0\0\0@\0\0\0\0\0\0\0"..., 784, 64) = 784
1846877 fstat(3, {st_mode=S_IFREG|0755, st_size=2454144, ...}) = 0
1846877 pread64(3, "\6\0\0\0\4\0\0\0@\0\0\0\0\0\0\0@\0\0\0\0\0\0\0@\0\0\0\0\0\0\0"..., 784, 64) = 784
1846877 mmap(NULL, 2042904, PROT_READ, MAP_PRIVATE|MAP_DENYWRITE, 3, 0) = 0x7f82c9f09000
1846877 mmap(0x7f82c9f0a000, 1503232, PROT_READ|PROT_EXEC, MAP_PRIVATE|MAP_FIXED|MAP_DENYWRITE, 3, 0x1000) = 0x7f82c9f0a000
1846877 mmap(0x7f82ca079000, 479232, PROT_READ, MAP_PRIVATE|MAP_FIXED|MAP_DENYWRITE, 3, 0x170000) = 0x7f82ca079000
1846877 mmap(0x7f82ca0ee000, 24576, PROT_READ|PROT_WRITE, MAP_PRIVATE|MAP_FIXED|MAP_DENYWRITE, 3, 0x1e5000) = 0x7f82ca0ee000
1846877 mmap(0x7f82ca0f4000, 31768, PROT_READ|PROT_WRITE, MAP_PRIVATE|MAP_FIXED|MAP_ANONYMOUS, -1, 0) = 0x7f82ca0f4000
1846877 close(3)                        = 0
1846877 mmap(NULL, 12288, PROT_READ|PROT_WRITE, MAP_PRIVATE|MAP_ANONYMOUS, -1, 0) = 0x7f82c9f06000
1846877 arch_prctl(ARCH_SET_FS, 0x7f82c9f06740) = 0
1846877 set_tid_address(0x7f82c9f06a10) = 1846877
1846877 set_robust_list(0x7f82c9f06a20, 24) = 0
1846877 rseq(0x7f82c9f07060, 0x20, 0, 0x53053053) = 0
1846877 mprotect(0x7f82ca0ee000, 16384, PROT_READ) = 0
1846877 mprotect(0x55ba5218e000, 4096, PROT_READ) = 0
1846877 mprotect(0x7f82ca163000, 8192, PROT_READ) = 0
1846877 prlimit64(0, RLIMIT_STACK, NULL, {rlim_cur=8192*1024, rlim_max=RLIM64_INFINITY}) = 0
1846877 munmap(0x7f82ca0fe000, 171419)  = 0
1846877 getrandom("\xa0\xc7\x88\x4e\xd6\xbe\xa5\xb3", 8, GRND_NONBLOCK) = 8
1846877 brk(NULL)                       = 0x55ba5d222000
1846877 brk(0x55ba5d243000)             = 0x55ba5d243000
1846877 openat(AT_FDCWD, "/usr/lib/locale/locale-archive", O_RDONLY|O_CLOEXEC) = 3
1846877 fstat(3, {st_mode=S_IFREG|0644, st_size=232351648, ...}) = 0
1846877 mmap(NULL, 232351648, PROT_READ, MAP_PRIVATE, 3, 0) = 0x7f82bc000000
1846877 close(3)                        = 0
1846877 fstat(1, {st_mode=S_IFIFO|0600, st_size=0, ...}) = 0
1846877 write(1, "/home/shorty/Android/Sdk/ndk/25."..., 84) = 84
1846876 <... read resumed>"/home/shorty/Android/Sdk/ndk/25."..., 4096) = 84
1846877 close(1 <unfinished ...>
1846876 read(3,  <unfinished ...>
1846877 <... close resumed>)            = 0
1846876 <... read resumed>"", 4096)     = 0
1846877 close(2 <unfinished ...>
1846876 close(3 <unfinished ...>
1846877 <... close resumed>)            = 0
1846877 exit_group(0 <unfinished ...>
1846876 <... close resumed>)            = 0
1846877 <... exit_group resumed>)       = ?
1846876 rt_sigprocmask(SIG_SETMASK, [], NULL, 8) = 0
1846877 +++ exited with 0 +++
1846876 --- SIGCHLD {si_signo=SIGCHLD, si_code=CLD_EXITED, si_pid=1846877, si_uid=1000, si_status=0, si_utime=0, si_stime=0} ---
1846876 wait4(-1, [{WIFEXITED(s) && WEXITSTATUS(s) == 0}], WNOHANG, NULL) = 1846877
1846876 wait4(-1, 0x7ffdfd70c510, WNOHANG, NULL) = -1 ECHILD (No child processes)
1846876 rt_sigreturn({mask=[]})         = 0
1846876 rt_sigprocmask(SIG_BLOCK, [CHLD], [], 8) = 0
1846876 rt_sigaction(SIGINT, {sa_handler=0x55ce30759580, sa_mask=[], sa_flags=SA_RESTORER, sa_restorer=0x7f20c810d050}, {sa_handler=SIG_DFL, sa_mask=[], sa_flags=SA_RESTORER, sa_restorer=0x7f20c810d050}, 8) = 0
1846876 rt_sigaction(SIGINT, {sa_handler=SIG_DFL, sa_mask=[], sa_flags=SA_RESTORER, sa_restorer=0x7f20c810d050}, {sa_handler=0x55ce30759580, sa_mask=[], sa_flags=SA_RESTORER, sa_restorer=0x7f20c810d050}, 8) = 0
1846876 rt_sigprocmask(SIG_SETMASK, [], NULL, 8) = 0
1846876 read(255, "if [ \"$1\" != \"-cc1\" ]; then\n    "..., 192) = 157
1846876 rt_sigprocmask(SIG_BLOCK, NULL, [], 8) = 0
1846876 rt_sigprocmask(SIG_BLOCK, [INT TERM CHLD], [], 8) = 0
1846876 rt_sigprocmask(SIG_BLOCK, [CHLD], [INT TERM CHLD], 8) = 0
1846876 rt_sigprocmask(SIG_SETMASK, [INT TERM CHLD], NULL, 8) = 0
1846876 clone(child_stack=NULL, flags=CLONE_CHILD_CLEARTID|CLONE_CHILD_SETTID|SIGCHLD, child_tidptr=0x7f20c80f0a10) = 1846878
1846878 set_robust_list(0x7f20c80f0a20, 24) = 0
1846876 rt_sigprocmask(SIG_SETMASK, [], NULL, 8) = 0
1846878 getpid()                        = 1846878
1846876 rt_sigprocmask(SIG_BLOCK, [CHLD],  <unfinished ...>
1846878 close(255 <unfinished ...>
1846876 <... rt_sigprocmask resumed>[], 8) = 0
1846878 <... close resumed>)            = 0
1846876 rt_sigprocmask(SIG_SETMASK, [],  <unfinished ...>
1846878 rt_sigprocmask(SIG_SETMASK, [],  <unfinished ...>
1846876 <... rt_sigprocmask resumed>NULL, 8) = 0
1846878 <... rt_sigprocmask resumed>NULL, 8) = 0
1846876 rt_sigprocmask(SIG_BLOCK, [CHLD],  <unfinished ...>
1846878 rt_sigaction(SIGTSTP, {sa_handler=SIG_DFL, sa_mask=[], sa_flags=SA_RESTORER, sa_restorer=0x7f20c810d050},  <unfinished ...>
1846876 <... rt_sigprocmask resumed>[], 8) = 0
1846878 <... rt_sigaction resumed>{sa_handler=SIG_DFL, sa_mask=[], sa_flags=SA_RESTORER, sa_restorer=0x7f20c810d050}, 8) = 0
1846876 rt_sigaction(SIGINT, {sa_handler=0x55ce30759580, sa_mask=[], sa_flags=SA_RESTORER, sa_restorer=0x7f20c810d050},  <unfinished ...>
1846878 rt_sigaction(SIGTTIN, {sa_handler=SIG_DFL, sa_mask=[], sa_flags=SA_RESTORER, sa_restorer=0x7f20c810d050},  <unfinished ...>
1846876 <... rt_sigaction resumed>{sa_handler=SIG_DFL, sa_mask=[], sa_flags=SA_RESTORER, sa_restorer=0x7f20c810d050}, 8) = 0
1846878 <... rt_sigaction resumed>{sa_handler=SIG_DFL, sa_mask=[], sa_flags=SA_RESTORER, sa_restorer=0x7f20c810d050}, 8) = 0
1846876 wait4(-1,  <unfinished ...>
1846878 rt_sigaction(SIGTTOU, {sa_handler=SIG_DFL, sa_mask=[], sa_flags=SA_RESTORER, sa_restorer=0x7f20c810d050}, {sa_handler=SIG_DFL, sa_mask=[], sa_flags=SA_RESTORER, sa_restorer=0x7f20c810d050}, 8) = 0
1846878 rt_sigaction(SIGINT, {sa_handler=SIG_DFL, sa_mask=[], sa_flags=SA_RESTORER, sa_restorer=0x7f20c810d050}, {sa_handler=SIG_DFL, sa_mask=[], sa_flags=SA_RESTORER, sa_restorer=0x7f20c810d050}, 8) = 0
1846878 rt_sigaction(SIGQUIT, {sa_handler=SIG_DFL, sa_mask=[], sa_flags=SA_RESTORER, sa_restorer=0x7f20c810d050}, {sa_handler=SIG_IGN, sa_mask=[], sa_flags=SA_RESTORER, sa_restorer=0x7f20c810d050}, 8) = 0
1846878 rt_sigaction(SIGCHLD, {sa_handler=SIG_DFL, sa_mask=[], sa_flags=SA_RESTORER|SA_RESTART, sa_restorer=0x7f20c810d050}, {sa_handler=0x55ce30756140, sa_mask=[], sa_flags=SA_RESTORER|SA_RESTART, sa_restorer=0x7f20c810d050}, 8) = 0
1846878 execve("/home/shorty/Android/Sdk/ndk/25.2.9519653/toolchains/llvm/prebuilt/linux-x86_64/bin/clang", ["/home/shorty/Android/Sdk/ndk/25."..., "--target=x86_64-linux-android21", "-fPIC", "-g", "-O2", "-fomit-frame-pointer", "-Wall", "-D_FILE_OFFSET_BITS=64", "-D_LARGEFILE_SOURCE", "-U_FORTIFY_SOURCE", "-E", "lj_arch.h", "-dM"], 0x55ce583775c0 /* 112 vars */) = 0
1846878 brk(NULL)                       = 0x33689000
1846878 mmap(NULL, 8192, PROT_READ|PROT_WRITE, MAP_PRIVATE|MAP_ANONYMOUS, -1, 0) = 0x7f6296aef000
1846878 readlinkat(AT_FDCWD, "/proc/self/exe", "/home/shorty/Android/Sdk/ndk/25."..., 4096) = 92
1846878 access("/etc/ld.so.preload", R_OK) = -1 ENOENT (No such file or directory)
1846878 openat(AT_FDCWD, "/home/shorty/Android/Sdk/ndk/25.2.9519653/toolchains/llvm/prebuilt/linux-x86_64/bin/../lib64/glibc-hwcaps/x86-64-v3/libpthread.so.0", O_RDONLY|O_CLOEXEC) = -1 ENOENT (No such file or directory)
1846878 newfstatat(AT_FDCWD, "/home/shorty/Android/Sdk/ndk/25.2.9519653/toolchains/llvm/prebuilt/linux-x86_64/bin/../lib64/glibc-hwcaps/x86-64-v3/", 0x7ffe624fcf40, 0) = -1 ENOENT (No such file or directory)
1846878 openat(AT_FDCWD, "/home/shorty/Android/Sdk/ndk/25.2.9519653/toolchains/llvm/prebuilt/linux-x86_64/bin/../lib64/glibc-hwcaps/x86-64-v2/libpthread.so.0", O_RDONLY|O_CLOEXEC) = -1 ENOENT (No such file or directory)
1846878 newfstatat(AT_FDCWD, "/home/shorty/Android/Sdk/ndk/25.2.9519653/toolchains/llvm/prebuilt/linux-x86_64/bin/../lib64/glibc-hwcaps/x86-64-v2/", 0x7ffe624fcf40, 0) = -1 ENOENT (No such file or directory)
1846878 openat(AT_FDCWD, "/home/shorty/Android/Sdk/ndk/25.2.9519653/toolchains/llvm/prebuilt/linux-x86_64/bin/../lib64/libpthread.so.0", O_RDONLY|O_CLOEXEC) = -1 ENOENT (No such file or directory)
1846878 newfstatat(AT_FDCWD, "/home/shorty/Android/Sdk/ndk/25.2.9519653/toolchains/llvm/prebuilt/linux-x86_64/bin/../lib64/", {st_mode=S_IFDIR|0755, st_size=752, ...}, 0) = 0
1846878 openat(AT_FDCWD, "/etc/ld.so.cache", O_RDONLY|O_CLOEXEC) = 3
1846878 fstat(3, {st_mode=S_IFREG|0644, st_size=171419, ...}) = 0
1846878 mmap(NULL, 171419, PROT_READ, MAP_PRIVATE, 3, 0) = 0x7f6296ac5000
1846878 close(3)                        = 0
1846878 openat(AT_FDCWD, "/lib64/libpthread.so.0", O_RDONLY|O_CLOEXEC) = 3
1846878 read(3, "\177ELF\2\1\1\0\0\0\0\0\0\0\0\0\3\0>\0\1\0\0\0\0\0\0\0\0\0\0\0"..., 832) = 832
1846878 fstat(3, {st_mode=S_IFREG|0755, st_size=15640, ...}) = 0
1846878 mmap(NULL, 16392, PROT_READ, MAP_PRIVATE|MAP_DENYWRITE, 3, 0) = 0x7f6296ac0000
1846878 mmap(0x7f6296ac1000, 4096, PROT_READ|PROT_EXEC, MAP_PRIVATE|MAP_FIXED|MAP_DENYWRITE, 3, 0x1000) = 0x7f6296ac1000
1846878 mmap(0x7f6296ac2000, 4096, PROT_READ, MAP_PRIVATE|MAP_FIXED|MAP_DENYWRITE, 3, 0x2000) = 0x7f6296ac2000
1846878 mmap(0x7f6296ac3000, 4096, PROT_READ|PROT_WRITE, MAP_PRIVATE|MAP_FIXED|MAP_DENYWRITE, 3, 0x2000) = 0x7f6296ac3000
1846878 mmap(0x7f6296ac4000, 8, PROT_READ|PROT_WRITE, MAP_PRIVATE|MAP_FIXED|MAP_ANONYMOUS, -1, 0) = 0x7f6296ac4000
1846878 close(3)                        = 0
1846878 openat(AT_FDCWD, "/home/shorty/Android/Sdk/ndk/25.2.9519653/toolchains/llvm/prebuilt/linux-x86_64/bin/../lib64/librt.so.1", O_RDONLY|O_CLOEXEC) = -1 ENOENT (No such file or directory)
1846878 openat(AT_FDCWD, "/lib64/librt.so.1", O_RDONLY|O_CLOEXEC) = 3
1846878 read(3, "\177ELF\2\1\1\0\0\0\0\0\0\0\0\0\3\0>\0\1\0\0\0\0\0\0\0\0\0\0\0"..., 832) = 832
1846878 fstat(3, {st_mode=S_IFREG|0755, st_size=15808, ...}) = 0
1846878 mmap(NULL, 16392, PROT_READ, MAP_PRIVATE|MAP_DENYWRITE, 3, 0) = 0x7f6296abb000
1846878 mmap(0x7f6296abc000, 4096, PROT_READ|PROT_EXEC, MAP_PRIVATE|MAP_FIXED|MAP_DENYWRITE, 3, 0x1000) = 0x7f6296abc000
1846878 mmap(0x7f6296abd000, 4096, PROT_READ, MAP_PRIVATE|MAP_FIXED|MAP_DENYWRITE, 3, 0x2000) = 0x7f6296abd000
1846878 mmap(0x7f6296abe000, 4096, PROT_READ|PROT_WRITE, MAP_PRIVATE|MAP_FIXED|MAP_DENYWRITE, 3, 0x2000) = 0x7f6296abe000
1846878 mmap(0x7f6296abf000, 8, PROT_READ|PROT_WRITE, MAP_PRIVATE|MAP_FIXED|MAP_ANONYMOUS, -1, 0) = 0x7f6296abf000
1846878 close(3)                        = 0
1846878 openat(AT_FDCWD, "/home/shorty/Android/Sdk/ndk/25.2.9519653/toolchains/llvm/prebuilt/linux-x86_64/bin/../lib64/libdl.so.2", O_RDONLY|O_CLOEXEC) = -1 ENOENT (No such file or directory)
1846878 openat(AT_FDCWD, "/lib64/libdl.so.2", O_RDONLY|O_CLOEXEC) = 3
1846878 read(3, "\177ELF\2\1\1\0\0\0\0\0\0\0\0\0\3\0>\0\1\0\0\0\0\0\0\0\0\0\0\0"..., 832) = 832
1846878 fstat(3, {st_mode=S_IFREG|0755, st_size=15632, ...}) = 0
1846878 mmap(NULL, 16392, PROT_READ, MAP_PRIVATE|MAP_DENYWRITE, 3, 0) = 0x7f6296ab6000
1846878 mmap(0x7f6296ab7000, 4096, PROT_READ|PROT_EXEC, MAP_PRIVATE|MAP_FIXED|MAP_DENYWRITE, 3, 0x1000) = 0x7f6296ab7000
1846878 mmap(0x7f6296ab8000, 4096, PROT_READ, MAP_PRIVATE|MAP_FIXED|MAP_DENYWRITE, 3, 0x2000) = 0x7f6296ab8000
1846878 mmap(0x7f6296ab9000, 4096, PROT_READ|PROT_WRITE, MAP_PRIVATE|MAP_FIXED|MAP_DENYWRITE, 3, 0x2000) = 0x7f6296ab9000
1846878 mmap(0x7f6296aba000, 8, PROT_READ|PROT_WRITE, MAP_PRIVATE|MAP_FIXED|MAP_ANONYMOUS, -1, 0) = 0x7f6296aba000
1846878 close(3)                        = 0
1846878 openat(AT_FDCWD, "/home/shorty/Android/Sdk/ndk/25.2.9519653/toolchains/llvm/prebuilt/linux-x86_64/bin/../lib64/libm.so.6", O_RDONLY|O_CLOEXEC) = -1 ENOENT (No such file or directory)
1846878 openat(AT_FDCWD, "/lib64/libm.so.6", O_RDONLY|O_CLOEXEC) = 3
1846878 read(3, "\177ELF\2\1\1\3\0\0\0\0\0\0\0\0\3\0>\0\1\0\0\0\0\0\0\0\0\0\0\0"..., 832) = 832
1846878 fstat(3, {st_mode=S_IFREG|0755, st_size=956824, ...}) = 0
1846878 mmap(NULL, 938000, PROT_READ, MAP_PRIVATE|MAP_DENYWRITE, 3, 0) = 0x7f62969d0000
1846878 mmap(0x7f62969d1000, 495616, PROT_READ|PROT_EXEC, MAP_PRIVATE|MAP_FIXED|MAP_DENYWRITE, 3, 0x1000) = 0x7f62969d1000
1846878 mmap(0x7f6296a4a000, 434176, PROT_READ, MAP_PRIVATE|MAP_FIXED|MAP_DENYWRITE, 3, 0x7a000) = 0x7f6296a4a000
1846878 mmap(0x7f6296ab4000, 8192, PROT_READ|PROT_WRITE, MAP_PRIVATE|MAP_FIXED|MAP_DENYWRITE, 3, 0xe3000) = 0x7f6296ab4000
1846878 close(3)                        = 0
1846878 openat(AT_FDCWD, "/home/shorty/Android/Sdk/ndk/25.2.9519653/toolchains/llvm/prebuilt/linux-x86_64/bin/../lib64/libz.so.1", O_RDONLY|O_CLOEXEC) = -1 ENOENT (No such file or directory)
1846878 openat(AT_FDCWD, "/lib64/libz.so.1", O_RDONLY|O_CLOEXEC) = 3
1846878 read(3, "\177ELF\2\1\1\0\0\0\0\0\0\0\0\0\3\0>\0\1\0\0\0\0\0\0\0\0\0\0\0"..., 832) = 832
1846878 fstat(3, {st_mode=S_IFREG|0755, st_size=145224, ...}) = 0
1846878 mmap(NULL, 143488, PROT_READ, MAP_PRIVATE|MAP_DENYWRITE, 3, 0) = 0x7f62969ac000
1846878 mmap(0x7f62969ad000, 94208, PROT_READ|PROT_EXEC, MAP_PRIVATE|MAP_FIXED|MAP_DENYWRITE, 3, 0x1000) = 0x7f62969ad000
1846878 mmap(0x7f62969c4000, 40960, PROT_READ, MAP_PRIVATE|MAP_FIXED|MAP_DENYWRITE, 3, 0x18000) = 0x7f62969c4000
1846878 mmap(0x7f62969ce000, 8192, PROT_READ|PROT_WRITE, MAP_PRIVATE|MAP_FIXED|MAP_DENYWRITE, 3, 0x21000) = 0x7f62969ce000
1846878 close(3)                        = 0
1846878 openat(AT_FDCWD, "/home/shorty/Android/Sdk/ndk/25.2.9519653/toolchains/llvm/prebuilt/linux-x86_64/bin/../lib64/libc++.so.1", O_RDONLY|O_CLOEXEC) = 3
1846878 read(3, "\177ELF\2\1\1\0\0\0\0\0\0\0\0\0\3\0>\0\1\0\0\0\0\0\0\0\0\0\0\0"..., 832) = 832
1846878 fstat(3, {st_mode=S_IFREG|0644, st_size=2015120, ...}) = 0
1846878 mmap(NULL, 8192, PROT_READ|PROT_WRITE, MAP_PRIVATE|MAP_ANONYMOUS, -1, 0) = 0x7f62969aa000
1846878 mmap(NULL, 1159028, PROT_READ, MAP_PRIVATE|MAP_DENYWRITE, 3, 0) = 0x7f629688f000
1846878 mmap(0x7f6296929000, 458752, PROT_READ|PROT_EXEC, MAP_PRIVATE|MAP_FIXED|MAP_DENYWRITE, 3, 0x99000) = 0x7f6296929000
1846878 mmap(0x7f6296999000, 36864, PROT_READ|PROT_WRITE, MAP_PRIVATE|MAP_FIXED|MAP_DENYWRITE, 3, 0x108000) = 0x7f6296999000
1846878 mmap(0x7f62969a2000, 4096, PROT_READ|PROT_WRITE, MAP_PRIVATE|MAP_FIXED|MAP_DENYWRITE, 3, 0x111000) = 0x7f62969a2000
1846878 mmap(0x7f62969a3000, 28532, PROT_READ|PROT_WRITE, MAP_PRIVATE|MAP_FIXED|MAP_ANONYMOUS, -1, 0) = 0x7f62969a3000
1846878 close(3)                        = 0
1846878 openat(AT_FDCWD, "/home/shorty/Android/Sdk/ndk/25.2.9519653/toolchains/llvm/prebuilt/linux-x86_64/bin/../lib64/libgcc_s.so.1", O_RDONLY|O_CLOEXEC) = -1 ENOENT (No such file or directory)
1846878 openat(AT_FDCWD, "/lib64/libgcc_s.so.1", O_RDONLY|O_CLOEXEC) = 3
1846878 read(3, "\177ELF\2\1\1\0\0\0\0\0\0\0\0\0\3\0>\0\1\0\0\0\0\0\0\0\0\0\0\0"..., 832) = 832
1846878 fstat(3, {st_mode=S_IFREG|0755, st_size=186800, ...}) = 0
1846878 mmap(NULL, 188872, PROT_READ, MAP_PRIVATE|MAP_DENYWRITE, 3, 0) = 0x7f6296860000
1846878 mmap(0x7f6296861000, 147456, PROT_READ|PROT_EXEC, MAP_PRIVATE|MAP_FIXED|MAP_DENYWRITE, 3, 0x1000) = 0x7f6296861000
1846878 mmap(0x7f6296885000, 32768, PROT_READ, MAP_PRIVATE|MAP_FIXED|MAP_DENYWRITE, 3, 0x25000) = 0x7f6296885000
1846878 mmap(0x7f629688d000, 4096, PROT_READ|PROT_WRITE, MAP_PRIVATE|MAP_FIXED|MAP_DENYWRITE, 3, 0x2c000) = 0x7f629688d000
1846878 mmap(0x7f629688e000, 456, PROT_READ|PROT_WRITE, MAP_PRIVATE|MAP_FIXED|MAP_ANONYMOUS, -1, 0) = 0x7f629688e000
1846878 close(3)                        = 0
1846878 openat(AT_FDCWD, "/home/shorty/Android/Sdk/ndk/25.2.9519653/toolchains/llvm/prebuilt/linux-x86_64/bin/../lib64/libc.so.6", O_RDONLY|O_CLOEXEC) = -1 ENOENT (No such file or directory)
1846878 openat(AT_FDCWD, "/lib64/libc.so.6", O_RDONLY|O_CLOEXEC) = 3
1846878 read(3, "\177ELF\2\1\1\3\0\0\0\0\0\0\0\0\3\0>\0\1\0\0\0 4\0\0\0\0\0\0"..., 832) = 832
1846878 pread64(3, "\6\0\0\0\4\0\0\0@\0\0\0\0\0\0\0@\0\0\0\0\0\0\0@\0\0\0\0\0\0\0"..., 784, 64) = 784
1846878 fstat(3, {st_mode=S_IFREG|0755, st_size=2454144, ...}) = 0
1846878 pread64(3, "\6\0\0\0\4\0\0\0@\0\0\0\0\0\0\0@\0\0\0\0\0\0\0@\0\0\0\0\0\0\0"..., 784, 64) = 784
1846878 mmap(NULL, 2042904, PROT_READ, MAP_PRIVATE|MAP_DENYWRITE, 3, 0) = 0x7f629666d000
1846878 mmap(0x7f629666e000, 1503232, PROT_READ|PROT_EXEC, MAP_PRIVATE|MAP_FIXED|MAP_DENYWRITE, 3, 0x1000) = 0x7f629666e000
1846878 mmap(0x7f62967dd000, 479232, PROT_READ, MAP_PRIVATE|MAP_FIXED|MAP_DENYWRITE, 3, 0x170000) = 0x7f62967dd000
1846878 mmap(0x7f6296852000, 24576, PROT_READ|PROT_WRITE, MAP_PRIVATE|MAP_FIXED|MAP_DENYWRITE, 3, 0x1e5000) = 0x7f6296852000
1846878 mmap(0x7f6296858000, 31768, PROT_READ|PROT_WRITE, MAP_PRIVATE|MAP_FIXED|MAP_ANONYMOUS, -1, 0) = 0x7f6296858000
1846878 close(3)                        = 0
1846878 mmap(NULL, 8192, PROT_READ|PROT_WRITE, MAP_PRIVATE|MAP_ANONYMOUS, -1, 0) = 0x7f629666b000
1846878 arch_prctl(ARCH_SET_FS, 0x7f629666c0c0) = 0
1846878 set_tid_address(0x7f629666c390) = 1846878
1846878 set_robust_list(0x7f629666c3a0, 24) = 0
1846878 rseq(0x7f629666c9e0, 0x20, 0, 0x53053053) = 0
1846878 mprotect(0x7f6296852000, 16384, PROT_READ) = 0
1846878 mprotect(0x7f629688d000, 4096, PROT_READ) = 0
1846878 mprotect(0x7f6296ac3000, 4096, PROT_READ) = 0
1846878 mprotect(0x7f6296ab4000, 4096, PROT_READ) = 0
1846878 mprotect(0x7f6296abe000, 4096, PROT_READ) = 0
1846878 mprotect(0x7f6296999000, 36864, PROT_READ) = 0
1846878 mprotect(0x7f62969ce000, 4096, PROT_READ) = 0
1846878 mprotect(0x7f6296ab9000, 4096, PROT_READ) = 0
1846878 mprotect(0x5b26000, 8192, PROT_READ) = 0
1846878 mprotect(0x7f6296b2c000, 8192, PROT_READ) = 0
1846878 prlimit64(0, RLIMIT_STACK, NULL, {rlim_cur=8192*1024, rlim_max=RLIM64_INFINITY}) = 0
1846878 munmap(0x7f6296ac5000, 171419)  = 0
1846878 gettid()                        = 1846878
1846878 gettid()                        = 1846878
1846878 gettid()                        = 1846878
1846878 gettid()                        = 1846878
1846878 gettid()                        = 1846878
1846878 gettid()                        = 1846878
1846878 getrandom("\xdd\x68\x8d\x39\xca\xe2\xbc\x3a", 8, GRND_NONBLOCK) = 8
1846878 brk(NULL)                       = 0x33689000
1846878 brk(0x336aa000)                 = 0x336aa000
1846878 brk(0x336cb000)                 = 0x336cb000
1846878 sigaltstack(NULL, {ss_sp=NULL, ss_flags=SS_DISABLE, ss_size=0}) = 0
1846878 brk(0x336f5000)                 = 0x336f5000
1846878 sigaltstack({ss_sp=0x336c4310, ss_flags=0, ss_size=67584}, {ss_sp=NULL, ss_flags=SS_DISABLE, ss_size=0}) = 0
1846878 rt_sigaction(SIGHUP, {sa_handler=0x47d9450, sa_mask=[], sa_flags=SA_RESTORER|SA_ONSTACK|SA_NODEFER|SA_RESETHAND|0xffffffff00000000, sa_restorer=0x7f6296687050}, {sa_handler=SIG_DFL, sa_mask=[], sa_flags=0}, 8) = 0
1846878 rt_sigaction(SIGINT, {sa_handler=0x47d9450, sa_mask=[], sa_flags=SA_RESTORER|SA_ONSTACK|SA_NODEFER|SA_RESETHAND|0xffffffff00000000, sa_restorer=0x7f6296687050}, {sa_handler=SIG_DFL, sa_mask=[], sa_flags=0}, 8) = 0
1846878 rt_sigaction(SIGTERM, {sa_handler=0x47d9450, sa_mask=[], sa_flags=SA_RESTORER|SA_ONSTACK|SA_NODEFER|SA_RESETHAND|0xffffffff00000000, sa_restorer=0x7f6296687050}, {sa_handler=SIG_DFL, sa_mask=[], sa_flags=0}, 8) = 0
1846878 rt_sigaction(SIGUSR2, {sa_handler=0x47d9450, sa_mask=[], sa_flags=SA_RESTORER|SA_ONSTACK|SA_NODEFER|SA_RESETHAND|0xffffffff00000000, sa_restorer=0x7f6296687050}, {sa_handler=SIG_DFL, sa_mask=[], sa_flags=0}, 8) = 0
1846878 rt_sigaction(SIGILL, {sa_handler=0x47d9450, sa_mask=[], sa_flags=SA_RESTORER|SA_ONSTACK|SA_NODEFER|SA_RESETHAND|0xffffffff00000000, sa_restorer=0x7f6296687050}, {sa_handler=SIG_DFL, sa_mask=[], sa_flags=0}, 8) = 0
1846878 rt_sigaction(SIGTRAP, {sa_handler=0x47d9450, sa_mask=[], sa_flags=SA_RESTORER|SA_ONSTACK|SA_NODEFER|SA_RESETHAND|0xffffffff00000000, sa_restorer=0x7f6296687050}, {sa_handler=SIG_DFL, sa_mask=[], sa_flags=0}, 8) = 0
1846878 rt_sigaction(SIGABRT, {sa_handler=0x47d9450, sa_mask=[], sa_flags=SA_RESTORER|SA_ONSTACK|SA_NODEFER|SA_RESETHAND|0xffffffff00000000, sa_restorer=0x7f6296687050}, {sa_handler=SIG_DFL, sa_mask=[], sa_flags=0}, 8) = 0
1846878 rt_sigaction(SIGFPE, {sa_handler=0x47d9450, sa_mask=[], sa_flags=SA_RESTORER|SA_ONSTACK|SA_NODEFER|SA_RESETHAND|0xffffffff00000000, sa_restorer=0x7f6296687050}, {sa_handler=SIG_DFL, sa_mask=[], sa_flags=0}, 8) = 0
1846878 rt_sigaction(SIGBUS, {sa_handler=0x47d9450, sa_mask=[], sa_flags=SA_RESTORER|SA_ONSTACK|SA_NODEFER|SA_RESETHAND|0xffffffff00000000, sa_restorer=0x7f6296687050}, {sa_handler=SIG_DFL, sa_mask=[], sa_flags=0}, 8) = 0
1846878 rt_sigaction(SIGSEGV, {sa_handler=0x47d9450, sa_mask=[], sa_flags=SA_RESTORER|SA_ONSTACK|SA_NODEFER|SA_RESETHAND|0xffffffff00000000, sa_restorer=0x7f6296687050}, {sa_handler=SIG_DFL, sa_mask=[], sa_flags=0}, 8) = 0
1846878 rt_sigaction(SIGQUIT, {sa_handler=0x47d9450, sa_mask=[], sa_flags=SA_RESTORER|SA_ONSTACK|SA_NODEFER|SA_RESETHAND|0xffffffff00000000, sa_restorer=0x7f6296687050}, {sa_handler=SIG_DFL, sa_mask=[], sa_flags=0}, 8) = 0
1846878 rt_sigaction(SIGSYS, {sa_handler=0x47d9450, sa_mask=[], sa_flags=SA_RESTORER|SA_ONSTACK|SA_NODEFER|SA_RESETHAND|0xffffffff00000000, sa_restorer=0x7f6296687050}, {sa_handler=SIG_DFL, sa_mask=[], sa_flags=0}, 8) = 0
1846878 rt_sigaction(SIGXCPU, {sa_handler=0x47d9450, sa_mask=[], sa_flags=SA_RESTORER|SA_ONSTACK|SA_NODEFER|SA_RESETHAND|0xffffffff00000000, sa_restorer=0x7f6296687050}, {sa_handler=SIG_DFL, sa_mask=[], sa_flags=0}, 8) = 0
1846878 rt_sigaction(SIGXFSZ, {sa_handler=0x47d9450, sa_mask=[], sa_flags=SA_RESTORER|SA_ONSTACK|SA_NODEFER|SA_RESETHAND|0xffffffff00000000, sa_restorer=0x7f6296687050}, {sa_handler=SIG_DFL, sa_mask=[], sa_flags=0}, 8) = 0
1846878 rt_sigaction(SIGPIPE, {sa_handler=0x47d9450, sa_mask=[], sa_flags=SA_RESTORER|SA_ONSTACK|SA_NODEFER|SA_RESETHAND|0xffffffff00000000, sa_restorer=0x7f6296687050}, {sa_handler=SIG_DFL, sa_mask=[], sa_flags=0}, 8) = 0
1846878 rt_sigaction(SIGUSR1, {sa_handler=0x47d9160, sa_mask=[], sa_flags=SA_RESTORER|SA_ONSTACK, sa_restorer=0x7f6296687050}, {sa_handler=SIG_DFL, sa_mask=[], sa_flags=0}, 8) = 0
1846878 gettid()                        = 1846878
1846878 fstat(0, {st_mode=S_IFCHR|0600, st_rdev=makedev(0x88, 0x4), ...}) = 0
1846878 fstat(1, {st_mode=S_IFIFO|0600, st_size=0, ...}) = 0
1846878 fstat(2, {st_mode=S_IFCHR|0600, st_rdev=makedev(0x88, 0x4), ...}) = 0
1846878 gettid()                        = 1846878
1846878 gettid()                        = 1846878
1846878 gettid()                        = 1846878
1846878 gettid()                        = 1846878
1846878 gettid()                        = 1846878
1846878 gettid()                        = 1846878
1846878 gettid()                        = 1846878
1846878 gettid()                        = 1846878
1846878 gettid()                        = 1846878
1846878 gettid()                        = 1846878
1846878 gettid()                        = 1846878
1846878 gettid()                        = 1846878
1846878 gettid()                        = 1846878
1846878 gettid()                        = 1846878
1846878 gettid()                        = 1846878
1846878 gettid()                        = 1846878
1846878 gettid()                        = 1846878
1846878 mmap(NULL, 192512, PROT_READ|PROT_WRITE, MAP_PRIVATE|MAP_ANONYMOUS, -1, 0) = 0x7f629663c000
1846878 gettid()                        = 1846878
1846878 access("/proc/self/exe", F_OK)  = 0
1846878 readlink("/proc/self/exe", "/home/shorty/Android/Sdk/ndk/25."..., 4096) = 92
1846878 readlink("/home", 0x7ffe624fb420, 1023) = -1 EINVAL (Invalid argument)
1846878 readlink("/home/shorty", 0x7ffe624fb420, 1023) = -1 EINVAL (Invalid argument)
1846878 readlink("/home/shorty/Android", 0x7ffe624fb420, 1023) = -1 EINVAL (Invalid argument)
1846878 readlink("/home/shorty/Android/Sdk", 0x7ffe624fb420, 1023) = -1 EINVAL (Invalid argument)
1846878 readlink("/home/shorty/Android/Sdk/ndk", 0x7ffe624fb420, 1023) = -1 EINVAL (Invalid argument)
1846878 readlink("/home/shorty/Android/Sdk/ndk/25.2.9519653", 0x7ffe624fb420, 1023) = -1 EINVAL (Invalid argument)
1846878 readlink("/home/shorty/Android/Sdk/ndk/25.2.9519653/toolchains", 0x7ffe624fb420, 1023) = -1 EINVAL (Invalid argument)
1846878 readlink("/home/shorty/Android/Sdk/ndk/25.2.9519653/toolchains/llvm", 0x7ffe624fb420, 1023) = -1 EINVAL (Invalid argument)
1846878 readlink("/home/shorty/Android/Sdk/ndk/25.2.9519653/toolchains/llvm/prebuilt", 0x7ffe624fb420, 1023) = -1 EINVAL (Invalid argument)
1846878 readlink("/home/shorty/Android/Sdk/ndk/25.2.9519653/toolchains/llvm/prebuilt/linux-x86_64", 0x7ffe624fb420, 1023) = -1 EINVAL (Invalid argument)
1846878 readlink("/home/shorty/Android/Sdk/ndk/25.2.9519653/toolchains/llvm/prebuilt/linux-x86_64/bin", 0x7ffe624fb420, 1023) = -1 EINVAL (Invalid argument)
1846878 readlink("/home/shorty/Android/Sdk/ndk/25.2.9519653/toolchains/llvm/prebuilt/linux-x86_64/bin/clang-14", 0x7ffe624fb420, 1023) = -1 EINVAL (Invalid argument)
1846878 ioctl(2, TCGETS, {c_iflag=ICRNL|IUTF8, c_oflag=NL0|CR0|TAB0|BS0|VT0|FF0|OPOST|ONLCR, c_cflag=B38400|CS8|CREAD, c_lflag=ISIG|ICANON|ECHO|ECHOE|ECHOK|IEXTEN|ECHOCTL|ECHOKE, ...}) = 0
1846878 gettid()                        = 1846878
1846878 lseek(2, 0, SEEK_CUR)           = -1 ESPIPE (Illegal seek)
1846878 fstat(2, {st_mode=S_IFCHR|0600, st_rdev=makedev(0x88, 0x4), ...}) = 0
1846878 access("/home/shorty/Android/Sdk/ndk/25.2.9519653/toolchains/llvm/prebuilt/linux-x86_64/bin", F_OK) = 0
1846878 rt_sigaction(SIGABRT, {sa_handler=0x47a3f30, sa_mask=[], sa_flags=SA_RESTORER, sa_restorer=0x7f6296687050}, {sa_handler=0x47d9450, sa_mask=[], sa_flags=SA_RESTORER|SA_ONSTACK|SA_NODEFER|SA_RESETHAND, sa_restorer=0x7f6296687050}, 8) = 0
1846878 rt_sigaction(SIGBUS, {sa_handler=0x47a3f30, sa_mask=[], sa_flags=SA_RESTORER, sa_restorer=0x7f6296687050}, {sa_handler=0x47d9450, sa_mask=[], sa_flags=SA_RESTORER|SA_ONSTACK|SA_NODEFER|SA_RESETHAND, sa_restorer=0x7f6296687050}, 8) = 0
1846878 rt_sigaction(SIGFPE, {sa_handler=0x47a3f30, sa_mask=[], sa_flags=SA_RESTORER, sa_restorer=0x7f6296687050}, {sa_handler=0x47d9450, sa_mask=[], sa_flags=SA_RESTORER|SA_ONSTACK|SA_NODEFER|SA_RESETHAND, sa_restorer=0x7f6296687050}, 8) = 0
1846878 rt_sigaction(SIGILL, {sa_handler=0x47a3f30, sa_mask=[], sa_flags=SA_RESTORER, sa_restorer=0x7f6296687050}, {sa_handler=0x47d9450, sa_mask=[], sa_flags=SA_RESTORER|SA_ONSTACK|SA_NODEFER|SA_RESETHAND, sa_restorer=0x7f6296687050}, 8) = 0
1846878 rt_sigaction(SIGSEGV, {sa_handler=0x47a3f30, sa_mask=[], sa_flags=SA_RESTORER, sa_restorer=0x7f6296687050}, {sa_handler=0x47d9450, sa_mask=[], sa_flags=SA_RESTORER|SA_ONSTACK|SA_NODEFER|SA_RESETHAND, sa_restorer=0x7f6296687050}, 8) = 0
1846878 rt_sigaction(SIGTRAP, {sa_handler=0x47a3f30, sa_mask=[], sa_flags=SA_RESTORER, sa_restorer=0x7f6296687050}, {sa_handler=0x47d9450, sa_mask=[], sa_flags=SA_RESTORER|SA_ONSTACK|SA_NODEFER|SA_RESETHAND, sa_restorer=0x7f6296687050}, 8) = 0
1846878 stat("/home/shorty/Android/Sdk/ndk/25.2.9519653/toolchains/llvm/prebuilt/linux-x86_64/lib64/clang/14.0.7/lib/x86_64-unknown-linux-android21", 0x7ffe624fc068) = -1 ENOENT (No such file or directory)
1846878 gettid()                        = 1846878
1846878 stat("/home/shorty/Android/Sdk/ndk/25.2.9519653/toolchains/llvm/prebuilt/linux-x86_64/lib64/clang/14.0.7/lib/x86_64-unknown-linux-android", 0x7ffe624fc068) = -1 ENOENT (No such file or directory)
1846878 stat("/home/shorty/Android/Sdk/ndk/25.2.9519653/toolchains/llvm/prebuilt/linux-x86_64/bin/../lib/x86_64-unknown-linux-android21", 0x7ffe624fc068) = -1 ENOENT (No such file or directory)
1846878 stat("/home/shorty/Android/Sdk/ndk/25.2.9519653/toolchains/llvm/prebuilt/linux-x86_64/lib64/clang/14.0.7/lib/linux/x86_64", {st_mode=S_IFDIR|0755, st_size=122, ...}) = 0
1846878 access("/home/shorty/Android/Sdk/ndk/25.2.9519653/toolchains/llvm/prebuilt/linux-x86_64/bin/ptxas", R_OK|X_OK) = -1 ENOENT (No such file or directory)
1846878 access("/home/shorty/.yarn/bin/ptxas", R_OK|X_OK) = -1 ENOENT (No such file or directory)
1846878 access("/home/shorty/.nvm/versions/node/v22.14.0/bin/ptxas", R_OK|X_OK) = -1 ENOENT (No such file or directory)
1846878 access("/home/shorty/.cargo/bin/ptxas", R_OK|X_OK) = -1 ENOENT (No such file or directory)
1846878 access("/home/shorty/bin/ptxas", R_OK|X_OK) = -1 ENOENT (No such file or directory)
1846878 access("/home/shorty/.local/bin/ptxas", R_OK|X_OK) = -1 ENOENT (No such file or directory)
1846878 access("/usr/games/ptxas", R_OK|X_OK) = -1 ENOENT (No such file or directory)
1846878 access("/usr/lib64/qt-3.3/bin/ptxas", R_OK|X_OK) = -1 ENOENT (No such file or directory)
1846878 access("/usr/lib64/ccache/ptxas", R_OK|X_OK) = -1 ENOENT (No such file or directory)
1846878 access("/usr/local/bin/ptxas", R_OK|X_OK) = -1 ENOENT (No such file or directory)
1846878 access("/usr/bin/ptxas", R_OK|X_OK) = -1 ENOENT (No such file or directory)
1846878 access("/bin/ptxas", R_OK|X_OK) = -1 ENOENT (No such file or directory)
1846878 access("/usr/local/sbin/ptxas", R_OK|X_OK) = -1 ENOENT (No such file or directory)
1846878 access("/usr/sbin/ptxas", R_OK|X_OK) = -1 ENOENT (No such file or directory)
1846878 access("/sbin/ptxas", R_OK|X_OK) = -1 ENOENT (No such file or directory)
1846878 access("/home/shorty/.dotnet/tools/ptxas", R_OK|X_OK) = -1 ENOENT (No such file or directory)
1846878 gettid()                        = 1846878
1846878 openat(AT_FDCWD, "/etc/os-release", O_RDONLY|O_CLOEXEC) = 3
1846878 gettid()                        = 1846878
1846878 access("/proc/self/fd", R_OK)   = 0
1846878 readlink("/proc/self/fd/3", "/usr/lib/os-release", 4096) = 19
1846878 gettid()                        = 1846878
1846878 gettid()                        = 1846878
1846878 fstat(3, {st_mode=S_IFREG|0644, st_size=682, ...}) = 0
1846878 pread64(3, "NAME=\"Fedora Linux\"\nVERSION=\"41 "..., 682, 0) = 682
1846878 rt_sigprocmask(SIG_SETMASK, ~[RTMIN RT_1], [], 8) = 0
1846878 close(3)                        = 0
1846878 rt_sigprocmask(SIG_SETMASK, [], NULL, 8) = 0
1846878 stat("/usr/local/cuda", 0x7ffe624fc018) = -1 ENOENT (No such file or directory)
1846878 stat("/usr/local/cuda-8.0", 0x7ffe624fc018) = -1 ENOENT (No such file or directory)
1846878 stat("/usr/local/cuda-7.5", 0x7ffe624fc018) = -1 ENOENT (No such file or directory)
1846878 stat("/usr/local/cuda-7.0", 0x7ffe624fc018) = -1 ENOENT (No such file or directory)
1846878 readlink("/home", 0x7ffe624fa770, 1023) = -1 EINVAL (Invalid argument)
1846878 readlink("/home/shorty", 0x7ffe624fa770, 1023) = -1 EINVAL (Invalid argument)
1846878 readlink("/home/shorty/Android", 0x7ffe624fa770, 1023) = -1 EINVAL (Invalid argument)
1846878 readlink("/home/shorty/Android/Sdk", 0x7ffe624fa770, 1023) = -1 EINVAL (Invalid argument)
1846878 readlink("/home/shorty/Android/Sdk/ndk", 0x7ffe624fa770, 1023) = -1 EINVAL (Invalid argument)
1846878 readlink("/home/shorty/Android/Sdk/ndk/25.2.9519653", 0x7ffe624fa770, 1023) = -1 EINVAL (Invalid argument)
1846878 readlink("/home/shorty/Android/Sdk/ndk/25.2.9519653/toolchains", 0x7ffe624fa770, 1023) = -1 EINVAL (Invalid argument)
1846878 readlink("/home/shorty/Android/Sdk/ndk/25.2.9519653/toolchains/llvm", 0x7ffe624fa770, 1023) = -1 EINVAL (Invalid argument)
1846878 readlink("/home/shorty/Android/Sdk/ndk/25.2.9519653/toolchains/llvm/prebuilt", 0x7ffe624fa770, 1023) = -1 EINVAL (Invalid argument)
1846878 readlink("/home/shorty/Android/Sdk/ndk/25.2.9519653/toolchains/llvm/prebuilt/linux-x86_64", 0x7ffe624fa770, 1023) = -1 EINVAL (Invalid argument)
1846878 readlink("/home/shorty/Android/Sdk/ndk/25.2.9519653/toolchains/llvm/prebuilt/linux-x86_64/bin", 0x7ffe624fa770, 1023) = -1 EINVAL (Invalid argument)
1846878 readlink("/home/shorty/Android/Sdk/ndk/25.2.9519653/toolchains/llvm/prebuilt/linux-x86_64/bin/clang-14", 0x7ffe624fa770, 1023) = -1 EINVAL (Invalid argument)
1846878 openat(AT_FDCWD, "/opt", O_RDONLY|O_NONBLOCK|O_CLOEXEC|O_DIRECTORY) = 3
1846878 fstat(3, {st_mode=S_IFDIR|0755, st_size=68, ...}) = 0
1846878 getdents64(3, 0x336d8280 /* 7 entries */, 32768) = 208
1846878 getdents64(3, 0x336d8280 /* 0 entries */, 32768) = 0
1846878 close(3)                        = 0
1846878 stat("/home/shorty/Android/Sdk/ndk/25.2.9519653/toolchains/llvm/prebuilt/linux-x86_64", {st_mode=S_IFDIR|0755, st_size=374, ...}) = 0
1846878 openat(AT_FDCWD, "/home/shorty/Android/Sdk/ndk/25.2.9519653/toolchains/llvm/prebuilt/linux-x86_64/bin/.hipVersion", O_RDONLY|O_CLOEXEC) = -1 ENOENT (No such file or directory)
1846878 stat("/home/shorty/Android/Sdk/ndk/25.2.9519653/toolchains/llvm/prebuilt/linux-x86_64", {st_mode=S_IFDIR|0755, st_size=374, ...}) = 0
1846878 openat(AT_FDCWD, "/home/shorty/Android/Sdk/ndk/25.2.9519653/toolchains/llvm/prebuilt/linux-x86_64/bin/.hipVersion", O_RDONLY|O_CLOEXEC) = -1 ENOENT (No such file or directory)
1846878 stat("/home/shorty/Android/Sdk/ndk/25.2.9519653/toolchains/llvm/prebuilt/linux-x86_64/lib64/clang/14.0.7", {st_mode=S_IFDIR|0755, st_size=36, ...}) = 0
1846878 openat(AT_FDCWD, "/home/shorty/Android/Sdk/ndk/25.2.9519653/toolchains/llvm/prebuilt/linux-x86_64/lib64/clang/14.0.7/bin/.hipVersion", O_RDONLY|O_CLOEXEC) = -1 ENOENT (No such file or directory)
1846878 stat("/opt/rocm", 0x7ffe624fbe08) = -1 ENOENT (No such file or directory)
1846878 stat("/etc/env.d/gcc", 0x7ffe624fbcf8) = -1 ENOENT (No such file or directory)
1846878 stat("/home/shorty/Android/Sdk/ndk/25.2.9519653/toolchains/llvm/prebuilt/linux-x86_64/bin/..", {st_mode=S_IFDIR|0755, st_size=374, ...}) = 0
1846878 stat("/home/shorty/Android/Sdk/ndk/25.2.9519653/toolchains/llvm/prebuilt/linux-x86_64/bin/../lib64", {st_mode=S_IFDIR|0755, st_size=752, ...}) = 0
1846878 stat("/home/shorty/Android/Sdk/ndk/25.2.9519653/toolchains/llvm/prebuilt/linux-x86_64/bin/../lib64/gcc", 0x7ffe624fbcf8) = -1 ENOENT (No such file or directory)
1846878 stat("/home/shorty/Android/Sdk/ndk/25.2.9519653/toolchains/llvm/prebuilt/linux-x86_64/bin/../lib64/gcc-cross", 0x7ffe624fbcf8) = -1 ENOENT (No such file or directory)
1846878 stat("/home/shorty/Android/Sdk/ndk/25.2.9519653/toolchains/llvm/prebuilt/linux-x86_64/bin/../lib", {st_mode=S_IFDIR|0755, st_size=172, ...}) = 0
1846878 stat("/home/shorty/Android/Sdk/ndk/25.2.9519653/toolchains/llvm/prebuilt/linux-x86_64/bin/../lib/gcc", 0x7ffe624fbcf8) = -1 ENOENT (No such file or directory)
1846878 stat("/home/shorty/Android/Sdk/ndk/25.2.9519653/toolchains/llvm/prebuilt/linux-x86_64/bin/../lib/gcc-cross", 0x7ffe624fbcf8) = -1 ENOENT (No such file or directory)
1846878 stat("/home/shorty/Android/Sdk/ndk/25.2.9519653/toolchains/llvm/prebuilt/linux-x86_64/bin/../lib32", 0x7ffe624fbcf8) = -1 ENOENT (No such file or directory)
1846878 stat("/home/shorty/Android/Sdk/ndk/25.2.9519653/toolchains/llvm/prebuilt/linux-x86_64/bin/../lib", {st_mode=S_IFDIR|0755, st_size=172, ...}) = 0
1846878 stat("/home/shorty/Android/Sdk/ndk/25.2.9519653/toolchains/llvm/prebuilt/linux-x86_64/bin/../lib/gcc", 0x7ffe624fbcf8) = -1 ENOENT (No such file or directory)
1846878 stat("/home/shorty/Android/Sdk/ndk/25.2.9519653/toolchains/llvm/prebuilt/linux-x86_64/bin/../lib/gcc-cross", 0x7ffe624fbcf8) = -1 ENOENT (No such file or directory)
1846878 stat("/opt/rh/gcc-toolset-10/root/usr", 0x7ffe624fbcf8) = -1 ENOENT (No such file or directory)
1846878 stat("/opt/rh/devtoolset-10/root/usr", 0x7ffe624fbcf8) = -1 ENOENT (No such file or directory)
1846878 stat("/opt/rh/devtoolset-9/root/usr", 0x7ffe624fbcf8) = -1 ENOENT (No such file or directory)
1846878 stat("/opt/rh/devtoolset-8/root/usr", 0x7ffe624fbcf8) = -1 ENOENT (No such file or directory)
1846878 stat("/opt/rh/devtoolset-7/root/usr", 0x7ffe624fbcf8) = -1 ENOENT (No such file or directory)
1846878 stat("/opt/rh/devtoolset-6/root/usr", 0x7ffe624fbcf8) = -1 ENOENT (No such file or directory)
1846878 stat("/opt/rh/devtoolset-4/root/usr", 0x7ffe624fbcf8) = -1 ENOENT (No such file or directory)
1846878 stat("/opt/rh/devtoolset-3/root/usr", 0x7ffe624fbcf8) = -1 ENOENT (No such file or directory)
1846878 stat("/opt/rh/devtoolset-2/root/usr", 0x7ffe624fbcf8) = -1 ENOENT (No such file or directory)
1846878 stat("/usr", {st_mode=S_IFDIR|0755, st_size=228, ...}) = 0
1846878 stat("/usr/lib64", {st_mode=S_IFDIR|0555, st_size=227572, ...}) = 0
1846878 stat("/usr/lib64/gcc", 0x7ffe624fbcf8) = -1 ENOENT (No such file or directory)
1846878 stat("/usr/lib64/gcc-cross", 0x7ffe624fbcf8) = -1 ENOENT (No such file or directory)
1846878 stat("/usr/lib", {st_mode=S_IFDIR|0555, st_size=34628, ...}) = 0
1846878 stat("/usr/lib/gcc", {st_mode=S_IFDIR|0755, st_size=140, ...}) = 0
1846878 stat("/usr/lib/gcc-cross", 0x7ffe624fbcf8) = -1 ENOENT (No such file or directory)
1846878 openat(AT_FDCWD, "/usr/lib/gcc/x86_64-unknown-linux-android21", O_RDONLY|O_NONBLOCK|O_CLOEXEC|O_DIRECTORY) = -1 ENOENT (No such file or directory)
1846878 openat(AT_FDCWD, "/usr/lib/gcc/x86_64-linux-android", O_RDONLY|O_NONBLOCK|O_CLOEXEC|O_DIRECTORY) = -1 ENOENT (No such file or directory)
1846878 stat("/usr/lib32", 0x7ffe624fbcf8) = -1 ENOENT (No such file or directory)
1846878 stat("/usr/lib", {st_mode=S_IFDIR|0555, st_size=34628, ...}) = 0
1846878 stat("/usr/lib/gcc", {st_mode=S_IFDIR|0755, st_size=140, ...}) = 0
1846878 stat("/usr/lib/gcc-cross", 0x7ffe624fbcf8) = -1 ENOENT (No such file or directory)
1846878 openat(AT_FDCWD, "/usr/lib/gcc/i686-linux-android", O_RDONLY|O_NONBLOCK|O_CLOEXEC|O_DIRECTORY) = -1 ENOENT (No such file or directory)
1846878 stat("/home/shorty/Android/Sdk/ndk/25.2.9519653/toolchains/llvm/prebuilt/linux-x86_64/bin/../sysroot", {st_mode=S_IFDIR|0755, st_size=18, ...}) = 0
1846878 stat("/home/shorty/Android/Sdk/ndk/25.2.9519653/toolchains/llvm/prebuilt/linux-x86_64/bin/../sysroot/lib/x86_64-linux-android", 0x7ffe624fc2b8) = -1 ENOENT (No such file or directory)
1846878 stat("/home/shorty/Android/Sdk/ndk/25.2.9519653/toolchains/llvm/prebuilt/linux-x86_64/bin/../sysroot/lib/../lib64", 0x7ffe624fc2b8) = -1 ENOENT (No such file or directory)
1846878 stat("/home/shorty/Android/Sdk/ndk/25.2.9519653/toolchains/llvm/prebuilt/linux-x86_64/bin/../sysroot/usr/lib/x86_64-linux-android/21", {st_mode=S_IFDIR|0755, st_size=526, ...}) = 0
1846878 stat("/home/shorty/Android/Sdk/ndk/25.2.9519653/toolchains/llvm/prebuilt/linux-x86_64/bin/../sysroot/usr/lib/x86_64-linux-android", {st_mode=S_IFDIR|0755, st_size=250, ...}) = 0
1846878 stat("/home/shorty/Android/Sdk/ndk/25.2.9519653/toolchains/llvm/prebuilt/linux-x86_64/bin/../sysroot/usr/lib/../lib64", 0x7ffe624fc2b8) = -1 ENOENT (No such file or directory)
1846878 stat("/home/shorty/Android/Sdk/ndk/25.2.9519653/toolchains/llvm/prebuilt/linux-x86_64/bin/../sysroot/lib", 0x7ffe624fc2b8) = -1 ENOENT (No such file or directory)
1846878 stat("/home/shorty/Android/Sdk/ndk/25.2.9519653/toolchains/llvm/prebuilt/linux-x86_64/bin/../sysroot/usr/lib", {st_mode=S_IFDIR|0755, st_size=160, ...}) = 0
1846878 stat("lj_arch.h", {st_mode=S_IFREG|0644, st_size=19259, ...}) = 0
1846878 stat("/home/shorty/projects/external/love-android/love/src/jni/LuaJIT-2.1/src", {st_mode=S_IFDIR|0755, st_size=3556, ...}) = 0
1846878 stat(".", {st_mode=S_IFDIR|0755, st_size=3556, ...}) = 0
1846878 stat("/home/shorty/Android/Sdk/ndk/25.2.9519653/toolchains/llvm/prebuilt/linux-x86_64/bin/../sysroot", {st_mode=S_IFDIR|0755, st_size=18, ...}) = 0
1846878 stat("/home/shorty/Android/Sdk/ndk/25.2.9519653/toolchains/llvm/prebuilt/linux-x86_64/bin/../sysroot/usr/include/x86_64-linux-android", {st_mode=S_IFDIR|0755, st_size=6, ...}) = 0
1846878 stat("/home/shorty/projects/external/love-android/love/src/jni/LuaJIT-2.1/src", {st_mode=S_IFDIR|0755, st_size=3556, ...}) = 0
1846878 stat(".", {st_mode=S_IFDIR|0755, st_size=3556, ...}) = 0
1846878 ioctl(2, TCGETS, {c_iflag=ICRNL|IUTF8, c_oflag=NL0|CR0|TAB0|BS0|VT0|FF0|OPOST|ONLCR, c_cflag=B38400|CS8|CREAD, c_lflag=ISIG|ICANON|ECHO|ECHOE|ECHOK|IEXTEN|ECHOCTL|ECHOKE, ...}) = 0
1846878 gettid()                        = 1846878
1846878 prlimit64(0, RLIMIT_STACK, NULL, {rlim_cur=8192*1024, rlim_max=RLIM64_INFINITY}) = 0
1846878 prlimit64(0, RLIMIT_STACK, NULL, {rlim_cur=8192*1024, rlim_max=RLIM64_INFINITY}) = 0
1846878 openat(AT_FDCWD, "/proc/self/stat", O_RDONLY) = 3
1846878 fstat(3, {st_mode=S_IFREG|0444, st_size=0, ...}) = 0
1846878 read(3, "1846878 (clang) R 1846876 184686"..., 1024) = 308
1846878 close(3)                        = 0
1846878 mmap(NULL, 200704, PROT_READ|PROT_WRITE, MAP_PRIVATE|MAP_ANONYMOUS, -1, 0) = 0x7f629660b000
1846878 brk(0x33717000)                 = 0x33717000
1846878 stat("/home/shorty/Android/Sdk/ndk/25.2.9519653/toolchains/llvm/prebuilt/linux-x86_64/lib64/clang/14.0.7/include", {st_mode=S_IFDIR|0755, st_size=4678, ...}) = 0
1846878 stat("/home/shorty/Android/Sdk/ndk/25.2.9519653/toolchains/llvm/prebuilt/linux-x86_64/bin/../sysroot/usr/local/include", {st_mode=S_IFDIR|0755, st_size=96, ...}) = 0
1846878 stat("/home/shorty/Android/Sdk/ndk/25.2.9519653/toolchains/llvm/prebuilt/linux-x86_64/bin/../sysroot/usr/include/x86_64-linux-android", {st_mode=S_IFDIR|0755, st_size=6, ...}) = 0
1846878 stat("/home/shorty/Android/Sdk/ndk/25.2.9519653/toolchains/llvm/prebuilt/linux-x86_64/bin/../sysroot/include", 0x7ffe624fb1d8) = -1 ENOENT (No such file or directory)
1846878 stat("/home/shorty/Android/Sdk/ndk/25.2.9519653/toolchains/llvm/prebuilt/linux-x86_64/bin/../sysroot", {st_mode=S_IFDIR|0755, st_size=18, ...}) = 0
1846878 stat("/home/shorty/Android/Sdk/ndk/25.2.9519653/toolchains/llvm/prebuilt/linux-x86_64/bin/../sysroot/include", 0x7ffe624fb168) = -1 ENOENT (No such file or directory)
1846878 stat("/home/shorty/Android/Sdk/ndk/25.2.9519653/toolchains/llvm/prebuilt/linux-x86_64/bin/../sysroot/usr/include", {st_mode=S_IFDIR|0755, st_size=1734, ...}) = 0
1846878 stat(".", {st_mode=S_IFDIR|0755, st_size=3556, ...}) = 0
1846878 openat(AT_FDCWD, "lj_arch.h", O_RDONLY|O_CLOEXEC) = 3
1846878 readlink("/proc/self/fd/3", "/home/shorty/projects/external/l"..., 4096) = 81
1846878 fstat(3, {st_mode=S_IFREG|0644, st_size=19259, ...}) = 0
1846878 brk(0x33738000)                 = 0x33738000
1846878 lseek(1, 0, SEEK_CUR)           = -1 ESPIPE (Illegal seek)
1846878 fstat(1, {st_mode=S_IFIFO|0600, st_size=0, ...}) = 0
1846878 mmap(NULL, 19259, PROT_READ, MAP_PRIVATE|MAP_NORESERVE, 3, 0) = 0x7f6296aea000
1846878 rt_sigprocmask(SIG_SETMASK, ~[RTMIN RT_1], [], 8) = 0
1846878 close(3)                        = 0
1846878 rt_sigprocmask(SIG_SETMASK, [], NULL, 8) = 0
1846878 brk(0x33759000)                 = 0x33759000
1846878 openat(AT_FDCWD, "./lua.h", O_RDONLY|O_CLOEXEC) = 3
1846878 readlink("/proc/self/fd/3", "/home/shorty/projects/external/l"..., 4096) = 77
1846878 fstat(3, {st_mode=S_IFREG|0644, st_size=12324, ...}) = 0
1846878 pread64(3, "/*\n** $Id: lua.h,v 1.218.1.5 200"..., 12324, 0) = 12324
1846878 rt_sigprocmask(SIG_SETMASK, ~[RTMIN RT_1], [], 8) = 0
1846878 close(3)                        = 0
1846878 rt_sigprocmask(SIG_SETMASK, [], NULL, 8) = 0
1846878 openat(AT_FDCWD, "/home/shorty/Android/Sdk/ndk/25.2.9519653/toolchains/llvm/prebuilt/linux-x86_64/lib64/clang/14.0.7/include/stdarg.h", O_RDONLY|O_CLOEXEC) = 3
1846878 readlink("/proc/self/fd/3", "/home/shorty/Android/Sdk/ndk/25."..., 4096) = 115
1846878 fstat(3, {st_mode=S_IFREG|0644, st_size=1115, ...}) = 0
1846878 pread64(3, "/*===---- stdarg.h - Variable ar"..., 1115, 0) = 1115
1846878 rt_sigprocmask(SIG_SETMASK, ~[RTMIN RT_1], [], 8) = 0
1846878 close(3)                        = 0
1846878 rt_sigprocmask(SIG_SETMASK, [], NULL, 8) = 0
1846878 openat(AT_FDCWD, "/home/shorty/Android/Sdk/ndk/25.2.9519653/toolchains/llvm/prebuilt/linux-x86_64/lib64/clang/14.0.7/include/stddef.h", O_RDONLY|O_CLOEXEC) = 3
1846878 readlink("/proc/self/fd/3", "/home/shorty/Android/Sdk/ndk/25."..., 4096) = 115
1846878 fstat(3, {st_mode=S_IFREG|0644, st_size=3589, ...}) = 0
1846878 pread64(3, "/*===---- stddef.h - Basic type "..., 3589, 0) = 3589
1846878 rt_sigprocmask(SIG_SETMASK, ~[RTMIN RT_1], [], 8) = 0
1846878 close(3)                        = 0
1846878 rt_sigprocmask(SIG_SETMASK, [], NULL, 8) = 0
1846878 brk(0x3377a000)                 = 0x3377a000
1846878 openat(AT_FDCWD, "/home/shorty/Android/Sdk/ndk/25.2.9519653/toolchains/llvm/prebuilt/linux-x86_64/lib64/clang/14.0.7/include/__stddef_max_align_t.h", O_RDONLY|O_CLOEXEC) = 3
1846878 readlink("/proc/self/fd/3", "/home/shorty/Android/Sdk/ndk/25."..., 4096) = 129
1846878 fstat(3, {st_mode=S_IFREG|0644, st_size=857, ...}) = 0
1846878 pread64(3, "/*===---- __stddef_max_align_t.h"..., 857, 0) = 857
1846878 rt_sigprocmask(SIG_SETMASK, ~[RTMIN RT_1], [], 8) = 0
1846878 close(3)                        = 0
1846878 rt_sigprocmask(SIG_SETMASK, [], NULL, 8) = 0
1846878 openat(AT_FDCWD, "./luaconf.h", O_RDONLY|O_CLOEXEC) = 3
1846878 readlink("/proc/self/fd/3", "/home/shorty/projects/external/l"..., 4096) = 81
1846878 fstat(3, {st_mode=S_IFREG|0644, st_size=4585, ...}) = 0
1846878 pread64(3, "/*\n** Configuration header.\n** C"..., 4585, 0) = 4585
1846878 rt_sigprocmask(SIG_SETMASK, ~[RTMIN RT_1], [], 8) = 0
1846878 close(3)                        = 0
1846878 rt_sigprocmask(SIG_SETMASK, [], NULL, 8) = 0
1846878 openat(AT_FDCWD, "/home/shorty/Android/Sdk/ndk/25.2.9519653/toolchains/llvm/prebuilt/linux-x86_64/lib64/clang/14.0.7/include/limits.h", O_RDONLY|O_CLOEXEC) = 3
1846878 readlink("/proc/self/fd/3", "/home/shorty/Android/Sdk/ndk/25."..., 4096) = 115
1846878 fstat(3, {st_mode=S_IFREG|0644, st_size=3453, ...}) = 0
1846878 pread64(3, "/*===---- limits.h - Standard he"..., 3453, 0) = 3453
1846878 rt_sigprocmask(SIG_SETMASK, ~[RTMIN RT_1], [], 8) = 0
1846878 close(3)                        = 0
1846878 rt_sigprocmask(SIG_SETMASK, [], NULL, 8) = 0
1846878 openat(AT_FDCWD, "/home/shorty/Android/Sdk/ndk/25.2.9519653/toolchains/llvm/prebuilt/linux-x86_64/bin/../sysroot/usr/local/include/limits.h", O_RDONLY|O_CLOEXEC) = -1 ENOENT (No such file or directory)
1846878 openat(AT_FDCWD, "/home/shorty/Android/Sdk/ndk/25.2.9519653/toolchains/llvm/prebuilt/linux-x86_64/bin/../sysroot/usr/include/x86_64-linux-android/limits.h", O_RDONLY|O_CLOEXEC) = -1 ENOENT (No such file or directory)
1846878 openat(AT_FDCWD, "/home/shorty/Android/Sdk/ndk/25.2.9519653/toolchains/llvm/prebuilt/linux-x86_64/bin/../sysroot/usr/include/limits.h", O_RDONLY|O_CLOEXEC) = 3
1846878 readlink("/proc/self/fd/3", "/home/shorty/Android/Sdk/ndk/25."..., 4096) = 108
1846878 fstat(3, {st_mode=S_IFREG|0644, st_size=5084, ...}) = 0
1846878 pread64(3, "/*\t$OpenBSD: limits.h,v 1.13 200"..., 5084, 0) = 5084
1846878 rt_sigprocmask(SIG_SETMASK, ~[RTMIN RT_1], [], 8) = 0
1846878 close(3)                        = 0
1846878 rt_sigprocmask(SIG_SETMASK, [], NULL, 8) = 0
1846878 stat("/home/shorty/Android/Sdk/ndk/25.2.9519653/toolchains/llvm/prebuilt/linux-x86_64/lib64/clang/14.0.7/include/sys", 0x7ffe624f87c8) = -1 ENOENT (No such file or directory)
1846878 stat("/home/shorty/Android/Sdk/ndk/25.2.9519653/toolchains/llvm/prebuilt/linux-x86_64/bin/../sysroot/usr/local/include/sys", 0x7ffe624f87c8) = -1 ENOENT (No such file or directory)
1846878 stat("/home/shorty/Android/Sdk/ndk/25.2.9519653/toolchains/llvm/prebuilt/linux-x86_64/bin/../sysroot/usr/include/x86_64-linux-android/sys", 0x7ffe624f87c8) = -1 ENOENT (No such file or directory)
1846878 stat("/home/shorty/Android/Sdk/ndk/25.2.9519653/toolchains/llvm/prebuilt/linux-x86_64/bin/../sysroot/usr/include/sys", {st_mode=S_IFDIR|0755, st_size=1106, ...}) = 0
1846878 openat(AT_FDCWD, "/home/shorty/Android/Sdk/ndk/25.2.9519653/toolchains/llvm/prebuilt/linux-x86_64/bin/../sysroot/usr/include/sys/cdefs.h", O_RDONLY|O_CLOEXEC) = 3
1846878 readlink("/proc/self/fd/3", "/home/shorty/Android/Sdk/ndk/25."..., 4096) = 111
1846878 fstat(3, {st_mode=S_IFREG|0644, st_size=14893, ...}) = 0
1846878 pread64(3, "/*\t$NetBSD: cdefs.h,v 1.58 2004/"..., 14893, 0) = 14893
1846878 rt_sigprocmask(SIG_SETMASK, ~[RTMIN RT_1], [], 8) = 0
1846878 close(3)                        = 0
1846878 rt_sigprocmask(SIG_SETMASK, [], NULL, 8) = 0
1846878 stat("/home/shorty/Android/Sdk/ndk/25.2.9519653/toolchains/llvm/prebuilt/linux-x86_64/lib64/clang/14.0.7/include/android", 0x7ffe624f87c8) = -1 ENOENT (No such file or directory)
1846878 stat("/home/shorty/Android/Sdk/ndk/25.2.9519653/toolchains/llvm/prebuilt/linux-x86_64/bin/../sysroot/usr/local/include/android", 0x7ffe624f87c8) = -1 ENOENT (No such file or directory)
1846878 stat("/home/shorty/Android/Sdk/ndk/25.2.9519653/toolchains/llvm/prebuilt/linux-x86_64/bin/../sysroot/usr/include/x86_64-linux-android/android", 0x7ffe624f87c8) = -1 ENOENT (No such file or directory)
1846878 stat("/home/shorty/Android/Sdk/ndk/25.2.9519653/toolchains/llvm/prebuilt/linux-x86_64/bin/../sysroot/usr/include/android", {st_mode=S_IFDIR|0755, st_size=2178, ...}) = 0
1846878 openat(AT_FDCWD, "/home/shorty/Android/Sdk/ndk/25.2.9519653/toolchains/llvm/prebuilt/linux-x86_64/bin/../sysroot/usr/include/android/versioning.h", O_RDONLY|O_CLOEXEC) = 3
1846878 readlink("/proc/self/fd/3", "/home/shorty/Android/Sdk/ndk/25."..., 4096) = 120
1846878 fstat(3, {st_mode=S_IFREG|0644, st_size=5109, ...}) = 0
1846878 pread64(3, "/*\n * Copyright (C) 2016 The And"..., 5109, 0) = 5109
1846878 rt_sigprocmask(SIG_SETMASK, ~[RTMIN RT_1], [], 8) = 0
1846878 close(3)                        = 0
1846878 rt_sigprocmask(SIG_SETMASK, [], NULL, 8) = 0
1846878 openat(AT_FDCWD, "/home/shorty/Android/Sdk/ndk/25.2.9519653/toolchains/llvm/prebuilt/linux-x86_64/bin/../sysroot/usr/include/android/api-level.h", O_RDONLY|O_CLOEXEC) = 3
1846878 readlink("/proc/self/fd/3", "/home/shorty/Android/Sdk/ndk/25."..., 4096) = 119
1846878 fstat(3, {st_mode=S_IFREG|0644, st_size=7858, ...}) = 0
1846878 pread64(3, "/*\n * Copyright (C) 2008 The And"..., 7858, 0) = 7858
1846878 rt_sigprocmask(SIG_SETMASK, ~[RTMIN RT_1], [], 8) = 0
1846878 close(3)                        = 0
1846878 rt_sigprocmask(SIG_SETMASK, [], NULL, 8) = 0
1846878 stat("/home/shorty/Android/Sdk/ndk/25.2.9519653/toolchains/llvm/prebuilt/linux-x86_64/lib64/clang/14.0.7/include/bits", {st_mode=S_IFDIR|0755, st_size=22, ...}) = 0
1846878 openat(AT_FDCWD, "/home/shorty/Android/Sdk/ndk/25.2.9519653/toolchains/llvm/prebuilt/linux-x86_64/lib64/clang/14.0.7/include/bits/get_device_api_level_inlines.h", O_RDONLY|O_CLOEXEC) = -1 ENOENT (No such file or directory)
1846878 stat("/home/shorty/Android/Sdk/ndk/25.2.9519653/toolchains/llvm/prebuilt/linux-x86_64/bin/../sysroot/usr/local/include/bits", 0x7ffe624f87c8) = -1 ENOENT (No such file or directory)
1846878 stat("/home/shorty/Android/Sdk/ndk/25.2.9519653/toolchains/llvm/prebuilt/linux-x86_64/bin/../sysroot/usr/include/x86_64-linux-android/bits", 0x7ffe624f87c8) = -1 ENOENT (No such file or directory)
1846878 stat("/home/shorty/Android/Sdk/ndk/25.2.9519653/toolchains/llvm/prebuilt/linux-x86_64/bin/../sysroot/usr/include/bits", {st_mode=S_IFDIR|0755, st_size=982, ...}) = 0
1846878 openat(AT_FDCWD, "/home/shorty/Android/Sdk/ndk/25.2.9519653/toolchains/llvm/prebuilt/linux-x86_64/bin/../sysroot/usr/include/bits/get_device_api_level_inlines.h", O_RDONLY|O_CLOEXEC) = 3
1846878 readlink("/proc/self/fd/3", "/home/shorty/Android/Sdk/ndk/25."..., 4096) = 135
1846878 fstat(3, {st_mode=S_IFREG|0644, st_size=1998, ...}) = 0
1846878 pread64(3, "/*\n * Copyright (C) 2018 The And"..., 1998, 0) = 1998
1846878 rt_sigprocmask(SIG_SETMASK, ~[RTMIN RT_1], [], 8) = 0
1846878 close(3)                        = 0
1846878 rt_sigprocmask(SIG_SETMASK, [], NULL, 8) = 0
1846878 openat(AT_FDCWD, "/home/shorty/Android/Sdk/ndk/25.2.9519653/toolchains/llvm/prebuilt/linux-x86_64/bin/../sysroot/usr/include/android/ndk-version.h", O_RDONLY|O_CLOEXEC) = 3
1846878 readlink("/proc/self/fd/3", "/home/shorty/Android/Sdk/ndk/25."..., 4096) = 121
1846878 fstat(3, {st_mode=S_IFREG|0644, st_size=710, ...}) = 0
1846878 pread64(3, "#pragma once\n\n/**\n * Set to 1 if"..., 710, 0) = 710
1846878 rt_sigprocmask(SIG_SETMASK, ~[RTMIN RT_1], [], 8) = 0
1846878 close(3)                        = 0
1846878 rt_sigprocmask(SIG_SETMASK, [], NULL, 8) = 0
1846878 openat(AT_FDCWD, "/home/shorty/Android/Sdk/ndk/25.2.9519653/toolchains/llvm/prebuilt/linux-x86_64/lib64/clang/14.0.7/include/float.h", O_RDONLY|O_CLOEXEC) = 3
1846878 readlink("/proc/self/fd/3", "/home/shorty/Android/Sdk/ndk/25."..., 4096) = 114
1846878 fstat(3, {st_mode=S_IFREG|0644, st_size=5306, ...}) = 0
1846878 pread64(3, "/*===---- float.h - Characterist"..., 5306, 0) = 5306
1846878 rt_sigprocmask(SIG_SETMASK, ~[RTMIN RT_1], [], 8) = 0
1846878 close(3)                        = 0
1846878 rt_sigprocmask(SIG_SETMASK, [], NULL, 8) = 0
1846878 openat(AT_FDCWD, "/home/shorty/Android/Sdk/ndk/25.2.9519653/toolchains/llvm/prebuilt/linux-x86_64/bin/../sysroot/usr/local/include/float.h", O_RDONLY|O_CLOEXEC) = -1 ENOENT (No such file or directory)
1846878 openat(AT_FDCWD, "/home/shorty/Android/Sdk/ndk/25.2.9519653/toolchains/llvm/prebuilt/linux-x86_64/bin/../sysroot/usr/include/x86_64-linux-android/float.h", O_RDONLY|O_CLOEXEC) = -1 ENOENT (No such file or directory)
1846878 openat(AT_FDCWD, "/home/shorty/Android/Sdk/ndk/25.2.9519653/toolchains/llvm/prebuilt/linux-x86_64/bin/../sysroot/usr/include/float.h", O_RDONLY|O_CLOEXEC) = -1 ENOENT (No such file or directory)
1846878 brk(0x3379b000)                 = 0x3379b000
1846878 stat("/home/shorty/Android/Sdk/ndk/25.2.9519653/toolchains/llvm/prebuilt/linux-x86_64/lib64/clang/14.0.7/include/linux", 0x7ffe624f87c8) = -1 ENOENT (No such file or directory)
1846878 stat("/home/shorty/Android/Sdk/ndk/25.2.9519653/toolchains/llvm/prebuilt/linux-x86_64/bin/../sysroot/usr/local/include/linux", 0x7ffe624f87c8) = -1 ENOENT (No such file or directory)
1846878 stat("/home/shorty/Android/Sdk/ndk/25.2.9519653/toolchains/llvm/prebuilt/linux-x86_64/bin/../sysroot/usr/include/x86_64-linux-android/linux", 0x7ffe624f87c8) = -1 ENOENT (No such file or directory)
1846878 stat("/home/shorty/Android/Sdk/ndk/25.2.9519653/toolchains/llvm/prebuilt/linux-x86_64/bin/../sysroot/usr/include/linux", {st_mode=S_IFDIR|0755, st_size=10746, ...}) = 0
1846878 openat(AT_FDCWD, "/home/shorty/Android/Sdk/ndk/25.2.9519653/toolchains/llvm/prebuilt/linux-x86_64/bin/../sysroot/usr/include/linux/limits.h", O_RDONLY|O_CLOEXEC) = 3
1846878 readlink("/proc/self/fd/3", "/home/shorty/Android/Sdk/ndk/25."..., 4096) = 114
1846878 fstat(3, {st_mode=S_IFREG|0644, st_size=1346, ...}) = 0
1846878 pread64(3, "/*******************************"..., 1346, 0) = 1346
1846878 rt_sigprocmask(SIG_SETMASK, ~[RTMIN RT_1], [], 8) = 0
1846878 close(3)                        = 0
1846878 rt_sigprocmask(SIG_SETMASK, [], NULL, 8) = 0
1846878 openat(AT_FDCWD, "/home/shorty/Android/Sdk/ndk/25.2.9519653/toolchains/llvm/prebuilt/linux-x86_64/lib64/clang/14.0.7/include/bits/posix_limits.h", O_RDONLY|O_CLOEXEC) = -1 ENOENT (No such file or directory)
1846878 openat(AT_FDCWD, "/home/shorty/Android/Sdk/ndk/25.2.9519653/toolchains/llvm/prebuilt/linux-x86_64/bin/../sysroot/usr/include/bits/posix_limits.h", O_RDONLY|O_CLOEXEC) = 3
1846878 readlink("/proc/self/fd/3", "/home/shorty/Android/Sdk/ndk/25."..., 4096) = 119
1846878 fstat(3, {st_mode=S_IFREG|0644, st_size=9224, ...}) = 0
1846878 pread64(3, "/*\n * Copyright (C) 2014 The And"..., 9224, 0) = 9224
1846878 rt_sigprocmask(SIG_SETMASK, ~[RTMIN RT_1], [], 8) = 0
1846878 close(3)                        = 0
1846878 rt_sigprocmask(SIG_SETMASK, [], NULL, 8) = 0
1846878 brk(0x337bc000)                 = 0x337bc000
1846878 fstat(1, {st_mode=S_IFIFO|0600, st_size=0, ...}) = 0
1846878 write(1, "#define ARG_MAX 131072\n#define C"..., 4096) = 4096
1846878 write(1, "T_ARCH_X64 2\n#define LUAJIT_ARCH"..., 4096 <unfinished ...>
1846874 <... read resumed>"#define ARG_MAX 131072\n#define C"..., 200) = 200
1846874 read(6,  <unfinished ...>
1846878 <... write resumed>)            = 4096
1846874 <... read resumed>"ON __DBL_EPSILON__\n#define DBL_H"..., 512) = 512
1846874 read(6, "_METHOD __FLT_EVAL_METHOD__\n#def"..., 512) = 512
1846874 read(6, " INT_MAX __INT_MAX__\n#define INT"..., 512) = 512
1846878 write(1, "1)\n#define UID_MAX UINT_MAX\n#def"..., 4096 <unfinished ...>
1846874 read(6,  <unfinished ...>
1846878 <... write resumed>)            = 4096
1846874 <... read resumed>"TRUE_MIN __LDBL_DENORM_MIN__\n#de"..., 512) = 512
1846874 read(6, "ine LJ_HASJIT 1\n#define LJ_HASPR"..., 512) = 512
1846874 read(6,  <unfinished ...>
1846878 write(1, "_ROBUST_PRIO_INHERIT __BIONIC_PO"..., 4096 <unfinished ...>
1846874 <... read resumed>"fine LJ_SOFTFP (!LJ_ARCH_HASFPU)"..., 512) = 512
1846878 <... write resumed>)            = 4096
1846874 read(6, "OS_WINDOWS)\n#define LJ_TARGET_UN"..., 512) = 512
1846878 write(1, "ET_NAN__ 1\n#define __DBL_MANT_DI"..., 4096 <unfinished ...>
1846874 read(6,  <unfinished ...>
1846878 <... write resumed>)            = 4096
1846874 <... read resumed>" LUAI_GCPAUSE 200\n#define LUAI_M"..., 512) = 512
1846878 write(1, "\n#define __INT_LEAST16_TYPE__ sh"..., 4096 <unfinished ...>
1846874 read(6,  <unfinished ...>
1846878 <... write resumed>)            = 4096
1846874 <... read resumed>"c 5\n#define LUAJIT_ARCH_x64 2\n#d"..., 512) = 512
1846878 write(1, "01710L\n#define __STDC__ 1\n#defin"..., 4096 <unfinished ...>
1846874 read(6,  <unfinished ...>
1846878 <... write resumed>)            = 4096
1846874 <... read resumed>"AL_BUFFERSIZE (BUFSIZ > 16384 ? "..., 512) = 512
1846874 read(6,  <unfinished ...>
1846878 write(1, "check_impl_and(bos_val, op, inde"..., 4096 <unfinished ...>
1846874 <... read resumed>"COUNT 3\n#define LUA_GCCOUNTB 4\n#"..., 512) = 512
1846878 <... write resumed>)            = 4096
1846874 read(6,  <unfinished ...>
1846878 write(1, "e lua_pushliteral(L,s) lua_pushl"..., 693 <unfinished ...>
1846874 <... read resumed>"T \"/share\" LUA_LJDIR \"?.lua\"\n#de"..., 512) = 512
1846878 <... write resumed>)            = 693
1846874 read(6, "OOKCOUNT)\n#define LUA_MASKLINE ("..., 512) = 512
1846874 read(6, "/?.lua\" LUA_JPATH LUA_LLPATH LUA"..., 512) = 512
1846874 read(6, "ua 5.1\"\n#define LUA_VERSION_NUM "..., 512) = 512
1846874 read(6, "2\n#define SCHAR_MAX __SCHAR_MAX_"..., 512) = 512
1846874 read(6, " *2UL+1UL)\n#define USHRT_MAX (__"..., 512) = 512
1846874 read(6, "\n#define _POSIX2_CHAR_TERM _POSI"..., 512) = 512
1846874 read(6, "C_POSIX_FEATURE_MISSING\n#define "..., 512) = 512
1846878 exit_group(0 <unfinished ...>
1846874 read(6,  <unfinished ...>
1846878 <... exit_group resumed>)       = ?
1846874 <... read resumed>"ME _POSIX_VERSION\n#define _POSIX"..., 512) = 512
1846874 read(6, "X_VERSION\n#define _POSIX_MESSAGE"..., 512) = 512
1846874 read(6, "ADER_WRITER_LOCKS _POSIX_VERSION"..., 512) = 512
1846874 read(6, "OCKS __BIONIC_POSIX_FEATURE_SINC"..., 512) = 512
1846874 read(6, "R_ITERATIONS 4\n#define _POSIX_TH"..., 512) = 512
1846874 read(6, "PORADIC_SERVER __BIONIC_POSIX_FE"..., 512) = 512
1846874 read(6, "fine _POSIX_TRACE_SYS_MAX 8\n#def"..., 512) = 512
1846874 read(6, "_BIONIC_POSIX_FEATURE_MISSING\n#d"..., 512) = 512
1846874 read(6, "_ANDROID_API_J_MR2__ 18\n#define "..., 512) = 512
1846874 read(6, "_VERSION__\n#define __ANDROID_MIN"..., 512) = 512
1846874 read(6, "ine __BIONIC_CAST(_k,_t,_v) ((_t"..., 512) = 512
1846874 read(6, "TOMIC_CHAR16_T_LOCK_FREE 2\n#defi"..., 512) = 512
1846874 read(6, "\n#define __CONSTANT_CFSTRINGS__ "..., 512) = 512
1846874 read(6, " (-1021)\n#define __DBL_MIN__ 2.2"..., 512) = 512
1846874 read(6, "_ 1\n#define __FLT_HAS_QUIET_NAN_"..., 512) = 512
1846874 read(6, "OMIC_INT_LOCK_FREE 2\n#define __G"..., 512) = 512
1846874 read(6, "AND_SWAP_8 1\n#define __GNUC_MINO"..., 512) = 512
1846874 read(6, "X__ L\n#define __INT64_FMTd__ \"ld"..., 512) = 512
1846874 read(6, "NTPTR_FMTi__ \"li\"\n#define __INTP"..., 512) = 512
1846874 read(6, "RODUCED_IN_X86_NO_GUARD_FOR_NDK("..., 512) = 512
1846874 read(6, "PE__ long int\n#define __INT_FAST"..., 512) = 512
1846874 read(6, "__ int\n#define __INT_LEAST32_WID"..., 512) = 512
1846874 read(6, "_ 6.4751751194380251109244389582"..., 512) = 512
1846874 read(6, "1732175260e-4932L\n#define __LIBC"..., 512) = 512
1846878 +++ exited with 0 +++
1846874 read(6, "1\n#define __NO_MATH_INLINES 1\n#d"..., 512) = 512
1846874 read(6,  <unfinished ...>
1846876 <... wait4 resumed>[{WIFEXITED(s) && WEXITSTATUS(s) == 0}], 0, NULL) = 1846878
1846874 <... read resumed>"A_REDEFINE_EXTNAME 1\n#define __P"..., 512) = 512
1846876 rt_sigaction(SIGINT, {sa_handler=SIG_DFL, sa_mask=[], sa_flags=SA_RESTORER, sa_restorer=0x7f20c810d050},  <unfinished ...>
1846874 read(6,  <unfinished ...>
1846876 <... rt_sigaction resumed>{sa_handler=0x55ce30759580, sa_mask=[], sa_flags=SA_RESTORER, sa_restorer=0x7f20c810d050}, 8) = 0
1846874 <... read resumed>"O_GUARD_FOR_NDK(rewrite,rewrite_"..., 512) = 512
1846876 ioctl(2, TIOCGWINSZ <unfinished ...>
1846874 read(6,  <unfinished ...>
1846876 <... ioctl resumed>, {ws_row=24, ws_col=222, ws_xpixel=1776, ws_ypixel=449}) = 0
1846874 <... read resumed>"#define __SIZEOF_INT128__ 16\n#de"..., 512) = 512
1846876 rt_sigprocmask(SIG_SETMASK, [],  <unfinished ...>
1846874 read(6,  <unfinished ...>
1846876 <... rt_sigprocmask resumed>NULL, 8) = 0
1846874 <... read resumed>"fine __SIZE_WIDTH__ 64\n#define _"..., 512) = 512
1846876 --- SIGCHLD {si_signo=SIGCHLD, si_code=CLD_EXITED, si_pid=1846878, si_uid=1000, si_status=0, si_utime=0, si_stime=1 /* 0.01 s */} ---
1846874 read(6,  <unfinished ...>
1846876 wait4(-1,  <unfinished ...>
1846874 <... read resumed>"6_FMTx__ \"hx\"\n#define __UINT16_M"..., 512) = 512
1846876 <... wait4 resumed>0x7ffdfd70c810, WNOHANG, NULL) = -1 ECHILD (No child processes)
1846874 read(6,  <unfinished ...>
1846876 rt_sigreturn({mask=[]} <unfinished ...>
1846874 <... read resumed>" long unsigned int\n#define __UIN"..., 512) = 512
1846876 <... rt_sigreturn resumed>)     = 0
1846874 read(6,  <unfinished ...>
1846876 read(255,  <unfinished ...>
1846874 <... read resumed>"TR_FMTX__ \"lX\"\n#define __UINTPTR"..., 512) = 512
1846876 <... read resumed>"", 192)      = 0
1846874 read(6,  <unfinished ...>
1846876 rt_sigprocmask(SIG_BLOCK, [CHLD],  <unfinished ...>
1846874 <... read resumed>"__UINT_FAST32_FMTu__ \"u\"\n#define"..., 512) = 512
1846876 <... rt_sigprocmask resumed>[], 8) = 0
1846874 read(6,  <unfinished ...>
1846876 rt_sigprocmask(SIG_SETMASK, [],  <unfinished ...>
1846874 <... read resumed>"efine __UINT_FAST8_MAX__ 255\n#de"..., 512) = 512
1846876 <... rt_sigprocmask resumed>NULL, 8) = 0
1846874 read(6, "define __UINT_LEAST64_FMTX__ \"lX"..., 512) = 512
1846876 exit_group(0 <unfinished ...>
1846874 read(6,  <unfinished ...>
1846876 <... exit_group resumed>)       = ?
1846874 <... read resumed>"_INLINE \n#define __VERSIONER_NO_"..., 512) = 512
1846874 read(6, "#define __always_inline __attrib"..., 512) = 512
1846874 read(6, "nd)))\n#define __bos_level 0\n#def"..., 512) = 512
1846874 read(6, "g_error_if(cond,msg) __attribute"..., 512) = 512
1846874 read(6, "d __attribute__((__noreturn__))\n"..., 512) = 512
1846874 read(6, "__((__packed__))\n#define __pass_"..., 512) = 512
1846874 read(6, "__attribute__((address_space(257"..., 512) = 512
1846876 +++ exited with 0 +++
1846874 read(6, "d __attribute__((__used__))\n#def"..., 512) = 512
1846874 read(6, "NDEX, (s))\n#define lua_getregist"..., 512) = 512
1846874 read(6, "efine lua_isthread(L,n) (lua_typ"..., 512) = 512
1846874 read(6, "A_GLOBALSINDEX, (s))\n#define lua"..., 512) = 493
1846874 read(6, "", 19)                 = 0
1846874 close(6)                        = 0
1846874 wait4(-1, [{WIFEXITED(s) && WEXITSTATUS(s) == 0}], 0, NULL) = 1846876
1846874 pipe2([6, 7], 0)                = 0
1846874 fcntl(7, F_GETFD)               = 0
1846874 fcntl(7, F_SETFD, FD_CLOEXEC)   = 0
1846874 fcntl(6, F_GETFD)               = 0
1846874 fcntl(6, F_SETFD, FD_CLOEXEC)   = 0
1846874 prlimit64(0, RLIMIT_NOFILE, NULL, {rlim_cur=1024, rlim_max=1024*1024}) = 0
1846874 prlimit64(0, RLIMIT_NOFILE, NULL, {rlim_cur=1024, rlim_max=1024*1024}) = 0
1846874 newfstatat(AT_FDCWD, "/bin/sh", {st_mode=S_IFREG|0755, st_size=1414688, ...}, 0) = 0
1846874 geteuid()                       = 1000
1846874 getegid()                       = 1000
1846874 getuid()                        = 1000
1846874 getgid()                        = 1000
1846874 access("/bin/sh", X_OK)         = 0
1846874 newfstatat(AT_FDCWD, "/bin/sh", {st_mode=S_IFREG|0755, st_size=1414688, ...}, 0) = 0
1846874 mmap(NULL, 36864, PROT_READ|PROT_WRITE, MAP_PRIVATE|MAP_ANONYMOUS|MAP_STACK, -1, 0) = 0x7ffb1eeaf000
1846874 rt_sigprocmask(SIG_BLOCK, ~[], [CHLD], 8) = 0
1846874 clone3({flags=CLONE_VM|CLONE_VFORK|CLONE_CLEAR_SIGHAND, exit_signal=SIGCHLD, stack=0x7ffb1eeaf000, stack_size=0x9000}, 88 <unfinished ...>
1846879 rt_sigprocmask(SIG_BLOCK, NULL, ~[KILL STOP], 8) = 0
1846879 dup2(7, 1)                      = 1
1846879 rt_sigprocmask(SIG_SETMASK, [], NULL, 8) = 0
1846879 execve("/bin/sh", ["/bin/sh", "-c", "x86_64-linux-android21-clang -fP"...], 0x55ece1dcd350 /* 111 vars */ <unfinished ...>
1846874 <... clone3 resumed>)           = 1846879
1846874 munmap(0x7ffb1eeaf000, 36864)   = 0
1846879 <... execve resumed>)           = 0
1846874 rt_sigprocmask(SIG_SETMASK, [CHLD], NULL, 8) = 0
1846879 brk(NULL <unfinished ...>
1846874 close(7 <unfinished ...>
1846879 <... brk resumed>)              = 0x5589e0c7e000
1846874 <... close resumed>)            = 0
1846874 read(6,  <unfinished ...>
1846879 access("/etc/ld.so.preload", R_OK) = -1 ENOENT (No such file or directory)
1846879 openat(AT_FDCWD, "/etc/ld.so.cache", O_RDONLY|O_CLOEXEC) = 3
1846879 fstat(3, {st_mode=S_IFREG|0644, st_size=171419, ...}) = 0
1846879 mmap(NULL, 171419, PROT_READ, MAP_PRIVATE, 3, 0) = 0x7fd7ff6be000
1846879 close(3)                        = 0
1846879 mmap(NULL, 8192, PROT_READ|PROT_WRITE, MAP_PRIVATE|MAP_ANONYMOUS, -1, 0) = 0x7fd7ff6bc000
1846879 openat(AT_FDCWD, "/lib64/libtinfo.so.6", O_RDONLY|O_CLOEXEC) = 3
1846879 read(3, "\177ELF\2\1\1\0\0\0\0\0\0\0\0\0\3\0>\0\1\0\0\0\0\0\0\0\0\0\0\0"..., 832) = 832
1846879 fstat(3, {st_mode=S_IFREG|0755, st_size=187416, ...}) = 0
1846879 mmap(NULL, 186656, PROT_READ, MAP_PRIVATE|MAP_DENYWRITE, 3, 0) = 0x7fd7ff68e000
1846879 mmap(0x7fd7ff694000, 86016, PROT_READ|PROT_EXEC, MAP_PRIVATE|MAP_FIXED|MAP_DENYWRITE, 3, 0x6000) = 0x7fd7ff694000
1846879 mmap(0x7fd7ff6a9000, 57344, PROT_READ, MAP_PRIVATE|MAP_FIXED|MAP_DENYWRITE, 3, 0x1b000) = 0x7fd7ff6a9000
1846879 mmap(0x7fd7ff6b7000, 20480, PROT_READ|PROT_WRITE, MAP_PRIVATE|MAP_FIXED|MAP_DENYWRITE, 3, 0x28000) = 0x7fd7ff6b7000
1846879 close(3)                        = 0
1846879 openat(AT_FDCWD, "/lib64/libc.so.6", O_RDONLY|O_CLOEXEC) = 3
1846879 read(3, "\177ELF\2\1\1\3\0\0\0\0\0\0\0\0\3\0>\0\1\0\0\0 4\0\0\0\0\0\0"..., 832) = 832
1846879 pread64(3, "\6\0\0\0\4\0\0\0@\0\0\0\0\0\0\0@\0\0\0\0\0\0\0@\0\0\0\0\0\0\0"..., 784, 64) = 784
1846879 fstat(3, {st_mode=S_IFREG|0755, st_size=2454144, ...}) = 0
1846879 pread64(3, "\6\0\0\0\4\0\0\0@\0\0\0\0\0\0\0@\0\0\0\0\0\0\0@\0\0\0\0\0\0\0"..., 784, 64) = 784
1846879 mmap(NULL, 2042904, PROT_READ, MAP_PRIVATE|MAP_DENYWRITE, 3, 0) = 0x7fd7ff49b000
1846879 mmap(0x7fd7ff49c000, 1503232, PROT_READ|PROT_EXEC, MAP_PRIVATE|MAP_FIXED|MAP_DENYWRITE, 3, 0x1000) = 0x7fd7ff49c000
1846879 mmap(0x7fd7ff60b000, 479232, PROT_READ, MAP_PRIVATE|MAP_FIXED|MAP_DENYWRITE, 3, 0x170000) = 0x7fd7ff60b000
1846879 mmap(0x7fd7ff680000, 24576, PROT_READ|PROT_WRITE, MAP_PRIVATE|MAP_FIXED|MAP_DENYWRITE, 3, 0x1e5000) = 0x7fd7ff680000
1846879 mmap(0x7fd7ff686000, 31768, PROT_READ|PROT_WRITE, MAP_PRIVATE|MAP_FIXED|MAP_ANONYMOUS, -1, 0) = 0x7fd7ff686000
1846879 close(3)                        = 0
1846879 mmap(NULL, 12288, PROT_READ|PROT_WRITE, MAP_PRIVATE|MAP_ANONYMOUS, -1, 0) = 0x7fd7ff498000
1846879 arch_prctl(ARCH_SET_FS, 0x7fd7ff498740) = 0
1846879 set_tid_address(0x7fd7ff498a10) = 1846879
1846879 set_robust_list(0x7fd7ff498a20, 24) = 0
1846879 rseq(0x7fd7ff499060, 0x20, 0, 0x53053053) = 0
1846879 mprotect(0x7fd7ff680000, 16384, PROT_READ) = 0
1846879 mprotect(0x7fd7ff6b7000, 16384, PROT_READ) = 0
1846879 mprotect(0x5589d0b31000, 16384, PROT_READ) = 0
1846879 mprotect(0x7fd7ff723000, 8192, PROT_READ) = 0
1846879 prlimit64(0, RLIMIT_STACK, NULL, {rlim_cur=8192*1024, rlim_max=RLIM64_INFINITY}) = 0
1846879 munmap(0x7fd7ff6be000, 171419)  = 0
1846879 openat(AT_FDCWD, "/dev/tty", O_RDWR|O_NONBLOCK) = 3
1846879 close(3)                        = 0
1846879 getrandom("\x8b\x4b\x0c\x2f\xa0\x39\x93\x73", 8, GRND_NONBLOCK) = 8
1846879 brk(NULL)                       = 0x5589e0c7e000
1846879 brk(0x5589e0c9f000)             = 0x5589e0c9f000
1846879 openat(AT_FDCWD, "/usr/lib/locale/locale-archive", O_RDONLY|O_CLOEXEC) = 3
1846879 fstat(3, {st_mode=S_IFREG|0644, st_size=232351648, ...}) = 0
1846879 mmap(NULL, 232351648, PROT_READ, MAP_PRIVATE, 3, 0) = 0x7fd7f1600000
1846879 close(3)                        = 0
1846879 openat(AT_FDCWD, "/usr/lib64/gconv/gconv-modules.cache", O_RDONLY|O_CLOEXEC) = 3
1846879 fstat(3, {st_mode=S_IFREG|0644, st_size=27012, ...}) = 0
1846879 mmap(NULL, 27012, PROT_READ, MAP_SHARED, 3, 0) = 0x7fd7ff6e1000
1846879 close(3)                        = 0
1846879 futex(0x7fd7ff68572c, FUTEX_WAKE_PRIVATE, 2147483647) = 0
1846879 getuid()                        = 1000
1846879 getgid()                        = 1000
1846879 geteuid()                       = 1000
1846879 getegid()                       = 1000
1846879 rt_sigprocmask(SIG_BLOCK, NULL, [], 8) = 0
1846879 rt_sigaction(SIGCHLD, {sa_handler=SIG_DFL, sa_mask=[], sa_flags=SA_RESTORER|SA_RESTART, sa_restorer=0x7fd7ff4b5050}, {sa_handler=SIG_DFL, sa_mask=[], sa_flags=0}, 8) = 0
1846879 rt_sigaction(SIGCHLD, {sa_handler=SIG_DFL, sa_mask=[], sa_flags=SA_RESTORER|SA_RESTART, sa_restorer=0x7fd7ff4b5050}, {sa_handler=SIG_DFL, sa_mask=[], sa_flags=SA_RESTORER|SA_RESTART, sa_restorer=0x7fd7ff4b5050}, 8) = 0
1846879 rt_sigaction(SIGINT, {sa_handler=SIG_DFL, sa_mask=[], sa_flags=SA_RESTORER, sa_restorer=0x7fd7ff4b5050}, {sa_handler=SIG_DFL, sa_mask=[], sa_flags=0}, 8) = 0
1846879 rt_sigaction(SIGINT, {sa_handler=SIG_DFL, sa_mask=[], sa_flags=SA_RESTORER, sa_restorer=0x7fd7ff4b5050}, {sa_handler=SIG_DFL, sa_mask=[], sa_flags=SA_RESTORER, sa_restorer=0x7fd7ff4b5050}, 8) = 0
1846879 rt_sigaction(SIGQUIT, {sa_handler=SIG_DFL, sa_mask=[], sa_flags=SA_RESTORER, sa_restorer=0x7fd7ff4b5050}, {sa_handler=SIG_DFL, sa_mask=[], sa_flags=0}, 8) = 0
1846879 rt_sigaction(SIGQUIT, {sa_handler=SIG_DFL, sa_mask=[], sa_flags=SA_RESTORER, sa_restorer=0x7fd7ff4b5050}, {sa_handler=SIG_DFL, sa_mask=[], sa_flags=SA_RESTORER, sa_restorer=0x7fd7ff4b5050}, 8) = 0
1846879 rt_sigaction(SIGTSTP, {sa_handler=SIG_DFL, sa_mask=[], sa_flags=SA_RESTORER, sa_restorer=0x7fd7ff4b5050}, {sa_handler=SIG_DFL, sa_mask=[], sa_flags=0}, 8) = 0
1846879 rt_sigaction(SIGTSTP, {sa_handler=SIG_DFL, sa_mask=[], sa_flags=SA_RESTORER, sa_restorer=0x7fd7ff4b5050}, {sa_handler=SIG_DFL, sa_mask=[], sa_flags=SA_RESTORER, sa_restorer=0x7fd7ff4b5050}, 8) = 0
1846879 rt_sigaction(SIGTTIN, {sa_handler=SIG_DFL, sa_mask=[], sa_flags=SA_RESTORER, sa_restorer=0x7fd7ff4b5050}, {sa_handler=SIG_DFL, sa_mask=[], sa_flags=0}, 8) = 0
1846879 rt_sigaction(SIGTTIN, {sa_handler=SIG_DFL, sa_mask=[], sa_flags=SA_RESTORER, sa_restorer=0x7fd7ff4b5050}, {sa_handler=SIG_DFL, sa_mask=[], sa_flags=SA_RESTORER, sa_restorer=0x7fd7ff4b5050}, 8) = 0
1846879 rt_sigaction(SIGTTOU, {sa_handler=SIG_DFL, sa_mask=[], sa_flags=SA_RESTORER, sa_restorer=0x7fd7ff4b5050}, {sa_handler=SIG_DFL, sa_mask=[], sa_flags=0}, 8) = 0
1846879 rt_sigaction(SIGTTOU, {sa_handler=SIG_DFL, sa_mask=[], sa_flags=SA_RESTORER, sa_restorer=0x7fd7ff4b5050}, {sa_handler=SIG_DFL, sa_mask=[], sa_flags=SA_RESTORER, sa_restorer=0x7fd7ff4b5050}, 8) = 0
1846879 rt_sigprocmask(SIG_BLOCK, NULL, [], 8) = 0
1846879 rt_sigaction(SIGQUIT, {sa_handler=SIG_IGN, sa_mask=[], sa_flags=SA_RESTORER, sa_restorer=0x7fd7ff4b5050}, {sa_handler=SIG_DFL, sa_mask=[], sa_flags=SA_RESTORER, sa_restorer=0x7fd7ff4b5050}, 8) = 0
1846879 uname({sysname="Linux", nodename="Shorty-Laptop", ...}) = 0
1846879 newfstatat(AT_FDCWD, "/home/shorty/projects/external/love-android/love/src/jni/LuaJIT-2.1", {st_mode=S_IFDIR|0755, st_size=274, ...}, 0) = 0
1846879 newfstatat(AT_FDCWD, ".", {st_mode=S_IFDIR|0755, st_size=3556, ...}, 0) = 0
1846879 getcwd("/home/shorty/projects/external/love-android/love/src/jni/LuaJIT-2.1/src", 4096) = 72
1846879 getpid()                        = 1846879
1846879 getppid()                       = 1846874
1846879 getpid()                        = 1846879
1846879 getppid()                       = 1846874
1846879 getpid()                        = 1846879
1846879 getppid()                       = 1846874
1846879 getpgrp()                       = 1846868
1846879 ioctl(2, TIOCGPGRP, [1846868])  = 0
1846879 rt_sigaction(SIGCHLD, {sa_handler=0x5589d0a20140, sa_mask=[], sa_flags=SA_RESTORER|SA_RESTART, sa_restorer=0x7fd7ff4b5050}, {sa_handler=SIG_DFL, sa_mask=[], sa_flags=SA_RESTORER|SA_RESTART, sa_restorer=0x7fd7ff4b5050}, 8) = 0
1846879 prlimit64(0, RLIMIT_NPROC, NULL, {rlim_cur=126640, rlim_max=126640}) = 0
1846879 rt_sigprocmask(SIG_BLOCK, NULL, [], 8) = 0
1846879 rt_sigprocmask(SIG_BLOCK, NULL, [], 8) = 0
1846879 newfstatat(AT_FDCWD, ".", {st_mode=S_IFDIR|0755, st_size=3556, ...}, 0) = 0
1846879 newfstatat(AT_FDCWD, "/home/shorty/Android/Sdk/ndk/25.2.9519653/toolchains/llvm/prebuilt/linux-x86_64/bin/x86_64-linux-android21-clang", {st_mode=S_IFREG|0755, st_size=192, ...}, 0) = 0
1846879 newfstatat(AT_FDCWD, "/home/shorty/Android/Sdk/ndk/25.2.9519653/toolchains/llvm/prebuilt/linux-x86_64/bin/x86_64-linux-android21-clang", {st_mode=S_IFREG|0755, st_size=192, ...}, 0) = 0
1846879 geteuid()                       = 1000
1846879 getegid()                       = 1000
1846879 getuid()                        = 1000
1846879 getgid()                        = 1000
1846879 access("/home/shorty/Android/Sdk/ndk/25.2.9519653/toolchains/llvm/prebuilt/linux-x86_64/bin/x86_64-linux-android21-clang", X_OK) = 0
1846879 newfstatat(AT_FDCWD, "/home/shorty/Android/Sdk/ndk/25.2.9519653/toolchains/llvm/prebuilt/linux-x86_64/bin/x86_64-linux-android21-clang", {st_mode=S_IFREG|0755, st_size=192, ...}, 0) = 0
1846879 geteuid()                       = 1000
1846879 getegid()                       = 1000
1846879 getuid()                        = 1000
1846879 getgid()                        = 1000
1846879 access("/home/shorty/Android/Sdk/ndk/25.2.9519653/toolchains/llvm/prebuilt/linux-x86_64/bin/x86_64-linux-android21-clang", R_OK) = 0
1846879 rt_sigprocmask(SIG_BLOCK, NULL, [], 8) = 0
1846879 rt_sigprocmask(SIG_BLOCK, [INT TERM CHLD], [], 8) = 0
1846879 clone(child_stack=NULL, flags=CLONE_CHILD_CLEARTID|CLONE_CHILD_SETTID|SIGCHLD, child_tidptr=0x7fd7ff498a10) = 1846880
1846879 rt_sigprocmask(SIG_SETMASK, [],  <unfinished ...>
1846880 set_robust_list(0x7fd7ff498a20, 24 <unfinished ...>
1846879 <... rt_sigprocmask resumed>NULL, 8) = 0
1846880 <... set_robust_list resumed>)  = 0
1846879 rt_sigprocmask(SIG_BLOCK, [CHLD], [], 8) = 0
1846880 getpid()                        = 1846880
1846879 rt_sigprocmask(SIG_SETMASK, [],  <unfinished ...>
1846880 rt_sigprocmask(SIG_SETMASK, [],  <unfinished ...>
1846879 <... rt_sigprocmask resumed>NULL, 8) = 0
1846880 <... rt_sigprocmask resumed>NULL, 8) = 0
1846879 rt_sigprocmask(SIG_BLOCK, [CHLD],  <unfinished ...>
1846880 rt_sigaction(SIGTSTP, {sa_handler=SIG_DFL, sa_mask=[], sa_flags=SA_RESTORER, sa_restorer=0x7fd7ff4b5050},  <unfinished ...>
1846879 <... rt_sigprocmask resumed>[], 8) = 0
1846880 <... rt_sigaction resumed>{sa_handler=SIG_DFL, sa_mask=[], sa_flags=SA_RESTORER, sa_restorer=0x7fd7ff4b5050}, 8) = 0
1846879 rt_sigaction(SIGINT, {sa_handler=0x5589d0a23580, sa_mask=[], sa_flags=SA_RESTORER, sa_restorer=0x7fd7ff4b5050},  <unfinished ...>
1846880 rt_sigaction(SIGTTIN, {sa_handler=SIG_DFL, sa_mask=[], sa_flags=SA_RESTORER, sa_restorer=0x7fd7ff4b5050},  <unfinished ...>
1846879 <... rt_sigaction resumed>{sa_handler=SIG_DFL, sa_mask=[], sa_flags=SA_RESTORER, sa_restorer=0x7fd7ff4b5050}, 8) = 0
1846880 <... rt_sigaction resumed>{sa_handler=SIG_DFL, sa_mask=[], sa_flags=SA_RESTORER, sa_restorer=0x7fd7ff4b5050}, 8) = 0
1846879 wait4(-1,  <unfinished ...>
1846880 rt_sigaction(SIGTTOU, {sa_handler=SIG_DFL, sa_mask=[], sa_flags=SA_RESTORER, sa_restorer=0x7fd7ff4b5050}, {sa_handler=SIG_DFL, sa_mask=[], sa_flags=SA_RESTORER, sa_restorer=0x7fd7ff4b5050}, 8) = 0
1846880 rt_sigaction(SIGINT, {sa_handler=SIG_DFL, sa_mask=[], sa_flags=SA_RESTORER, sa_restorer=0x7fd7ff4b5050}, {sa_handler=SIG_DFL, sa_mask=[], sa_flags=SA_RESTORER, sa_restorer=0x7fd7ff4b5050}, 8) = 0
1846880 rt_sigaction(SIGQUIT, {sa_handler=SIG_DFL, sa_mask=[], sa_flags=SA_RESTORER, sa_restorer=0x7fd7ff4b5050}, {sa_handler=SIG_IGN, sa_mask=[], sa_flags=SA_RESTORER, sa_restorer=0x7fd7ff4b5050}, 8) = 0
1846880 rt_sigaction(SIGCHLD, {sa_handler=SIG_DFL, sa_mask=[], sa_flags=SA_RESTORER|SA_RESTART, sa_restorer=0x7fd7ff4b5050}, {sa_handler=0x5589d0a20140, sa_mask=[], sa_flags=SA_RESTORER|SA_RESTART, sa_restorer=0x7fd7ff4b5050}, 8) = 0
1846880 openat(AT_FDCWD, "/dev/null", O_WRONLY|O_CREAT|O_TRUNC, 0666) = 3
1846880 dup2(3, 2)                      = 2
1846880 close(3)                        = 0
1846880 execve("/home/shorty/Android/Sdk/ndk/25.2.9519653/toolchains/llvm/prebuilt/linux-x86_64/bin/x86_64-linux-android21-clang", ["x86_64-linux-android21-clang", "-fPIC", "-o", "/dev/null", "-c", "-x", "c", "/dev/null", "-fno-stack-protector"], 0x5589e0c916f0 /* 112 vars */) = 0
1846880 brk(NULL)                       = 0x55b764589000
1846880 access("/etc/ld.so.preload", R_OK) = -1 ENOENT (No such file or directory)
1846880 openat(AT_FDCWD, "/etc/ld.so.cache", O_RDONLY|O_CLOEXEC) = 3
1846880 fstat(3, {st_mode=S_IFREG|0644, st_size=171419, ...}) = 0
1846880 mmap(NULL, 171419, PROT_READ, MAP_PRIVATE, 3, 0) = 0x7fab2a866000
1846880 close(3)                        = 0
1846880 mmap(NULL, 8192, PROT_READ|PROT_WRITE, MAP_PRIVATE|MAP_ANONYMOUS, -1, 0) = 0x7fab2a864000
1846880 openat(AT_FDCWD, "/lib64/libtinfo.so.6", O_RDONLY|O_CLOEXEC) = 3
1846880 read(3, "\177ELF\2\1\1\0\0\0\0\0\0\0\0\0\3\0>\0\1\0\0\0\0\0\0\0\0\0\0\0"..., 832) = 832
1846880 fstat(3, {st_mode=S_IFREG|0755, st_size=187416, ...}) = 0
1846880 mmap(NULL, 186656, PROT_READ, MAP_PRIVATE|MAP_DENYWRITE, 3, 0) = 0x7fab2a836000
1846880 mmap(0x7fab2a83c000, 86016, PROT_READ|PROT_EXEC, MAP_PRIVATE|MAP_FIXED|MAP_DENYWRITE, 3, 0x6000) = 0x7fab2a83c000
1846880 mmap(0x7fab2a851000, 57344, PROT_READ, MAP_PRIVATE|MAP_FIXED|MAP_DENYWRITE, 3, 0x1b000) = 0x7fab2a851000
1846880 mmap(0x7fab2a85f000, 20480, PROT_READ|PROT_WRITE, MAP_PRIVATE|MAP_FIXED|MAP_DENYWRITE, 3, 0x28000) = 0x7fab2a85f000
1846880 close(3)                        = 0
1846880 openat(AT_FDCWD, "/lib64/libc.so.6", O_RDONLY|O_CLOEXEC) = 3
1846880 read(3, "\177ELF\2\1\1\3\0\0\0\0\0\0\0\0\3\0>\0\1\0\0\0 4\0\0\0\0\0\0"..., 832) = 832
1846880 pread64(3, "\6\0\0\0\4\0\0\0@\0\0\0\0\0\0\0@\0\0\0\0\0\0\0@\0\0\0\0\0\0\0"..., 784, 64) = 784
1846880 fstat(3, {st_mode=S_IFREG|0755, st_size=2454144, ...}) = 0
1846880 pread64(3, "\6\0\0\0\4\0\0\0@\0\0\0\0\0\0\0@\0\0\0\0\0\0\0@\0\0\0\0\0\0\0"..., 784, 64) = 784
1846880 mmap(NULL, 2042904, PROT_READ, MAP_PRIVATE|MAP_DENYWRITE, 3, 0) = 0x7fab2a643000
1846880 mmap(0x7fab2a644000, 1503232, PROT_READ|PROT_EXEC, MAP_PRIVATE|MAP_FIXED|MAP_DENYWRITE, 3, 0x1000) = 0x7fab2a644000
1846880 mmap(0x7fab2a7b3000, 479232, PROT_READ, MAP_PRIVATE|MAP_FIXED|MAP_DENYWRITE, 3, 0x170000) = 0x7fab2a7b3000
1846880 mmap(0x7fab2a828000, 24576, PROT_READ|PROT_WRITE, MAP_PRIVATE|MAP_FIXED|MAP_DENYWRITE, 3, 0x1e5000) = 0x7fab2a828000
1846880 mmap(0x7fab2a82e000, 31768, PROT_READ|PROT_WRITE, MAP_PRIVATE|MAP_FIXED|MAP_ANONYMOUS, -1, 0) = 0x7fab2a82e000
1846880 close(3)                        = 0
1846880 mmap(NULL, 12288, PROT_READ|PROT_WRITE, MAP_PRIVATE|MAP_ANONYMOUS, -1, 0) = 0x7fab2a640000
1846880 arch_prctl(ARCH_SET_FS, 0x7fab2a640740) = 0
1846880 set_tid_address(0x7fab2a640a10) = 1846880
1846880 set_robust_list(0x7fab2a640a20, 24) = 0
1846880 rseq(0x7fab2a641060, 0x20, 0, 0x53053053) = 0
1846880 mprotect(0x7fab2a828000, 16384, PROT_READ) = 0
1846880 mprotect(0x7fab2a85f000, 16384, PROT_READ) = 0
1846880 mprotect(0x55b74a8c4000, 16384, PROT_READ) = 0
1846880 mprotect(0x7fab2a8cb000, 8192, PROT_READ) = 0
1846880 prlimit64(0, RLIMIT_STACK, NULL, {rlim_cur=8192*1024, rlim_max=RLIM64_INFINITY}) = 0
1846880 munmap(0x7fab2a866000, 171419)  = 0
1846880 openat(AT_FDCWD, "/dev/tty", O_RDWR|O_NONBLOCK) = 3
1846880 close(3)                        = 0
1846880 getrandom("\xc6\xf7\x12\x50\xde\x2d\x9c\x10", 8, GRND_NONBLOCK) = 8
1846880 brk(NULL)                       = 0x55b764589000
1846880 brk(0x55b7645aa000)             = 0x55b7645aa000
1846880 openat(AT_FDCWD, "/usr/lib/locale/locale-archive", O_RDONLY|O_CLOEXEC) = 3
1846880 fstat(3, {st_mode=S_IFREG|0644, st_size=232351648, ...}) = 0
1846880 mmap(NULL, 232351648, PROT_READ, MAP_PRIVATE, 3, 0) = 0x7fab1c800000
1846880 close(3)                        = 0
1846880 openat(AT_FDCWD, "/usr/lib64/gconv/gconv-modules.cache", O_RDONLY|O_CLOEXEC) = 3
1846880 fstat(3, {st_mode=S_IFREG|0644, st_size=27012, ...}) = 0
1846880 mmap(NULL, 27012, PROT_READ, MAP_SHARED, 3, 0) = 0x7fab2a889000
1846880 close(3)                        = 0
1846880 futex(0x7fab2a82d72c, FUTEX_WAKE_PRIVATE, 2147483647) = 0
1846880 getuid()                        = 1000
1846880 getgid()                        = 1000
1846880 geteuid()                       = 1000
1846880 getegid()                       = 1000
1846880 rt_sigprocmask(SIG_BLOCK, NULL, [], 8) = 0
1846880 rt_sigaction(SIGCHLD, {sa_handler=SIG_DFL, sa_mask=[], sa_flags=SA_RESTORER|SA_RESTART, sa_restorer=0x7fab2a65d050}, {sa_handler=SIG_DFL, sa_mask=[], sa_flags=0}, 8) = 0
1846880 rt_sigaction(SIGCHLD, {sa_handler=SIG_DFL, sa_mask=[], sa_flags=SA_RESTORER|SA_RESTART, sa_restorer=0x7fab2a65d050}, {sa_handler=SIG_DFL, sa_mask=[], sa_flags=SA_RESTORER|SA_RESTART, sa_restorer=0x7fab2a65d050}, 8) = 0
1846880 rt_sigaction(SIGINT, {sa_handler=SIG_DFL, sa_mask=[], sa_flags=SA_RESTORER, sa_restorer=0x7fab2a65d050}, {sa_handler=SIG_DFL, sa_mask=[], sa_flags=0}, 8) = 0
1846880 rt_sigaction(SIGINT, {sa_handler=SIG_DFL, sa_mask=[], sa_flags=SA_RESTORER, sa_restorer=0x7fab2a65d050}, {sa_handler=SIG_DFL, sa_mask=[], sa_flags=SA_RESTORER, sa_restorer=0x7fab2a65d050}, 8) = 0
1846880 rt_sigaction(SIGQUIT, {sa_handler=SIG_DFL, sa_mask=[], sa_flags=SA_RESTORER, sa_restorer=0x7fab2a65d050}, {sa_handler=SIG_DFL, sa_mask=[], sa_flags=0}, 8) = 0
1846880 rt_sigaction(SIGQUIT, {sa_handler=SIG_DFL, sa_mask=[], sa_flags=SA_RESTORER, sa_restorer=0x7fab2a65d050}, {sa_handler=SIG_DFL, sa_mask=[], sa_flags=SA_RESTORER, sa_restorer=0x7fab2a65d050}, 8) = 0
1846880 rt_sigaction(SIGTSTP, {sa_handler=SIG_DFL, sa_mask=[], sa_flags=SA_RESTORER, sa_restorer=0x7fab2a65d050}, {sa_handler=SIG_DFL, sa_mask=[], sa_flags=0}, 8) = 0
1846880 rt_sigaction(SIGTSTP, {sa_handler=SIG_DFL, sa_mask=[], sa_flags=SA_RESTORER, sa_restorer=0x7fab2a65d050}, {sa_handler=SIG_DFL, sa_mask=[], sa_flags=SA_RESTORER, sa_restorer=0x7fab2a65d050}, 8) = 0
1846880 rt_sigaction(SIGTTIN, {sa_handler=SIG_DFL, sa_mask=[], sa_flags=SA_RESTORER, sa_restorer=0x7fab2a65d050}, {sa_handler=SIG_DFL, sa_mask=[], sa_flags=0}, 8) = 0
1846880 rt_sigaction(SIGTTIN, {sa_handler=SIG_DFL, sa_mask=[], sa_flags=SA_RESTORER, sa_restorer=0x7fab2a65d050}, {sa_handler=SIG_DFL, sa_mask=[], sa_flags=SA_RESTORER, sa_restorer=0x7fab2a65d050}, 8) = 0
1846880 rt_sigaction(SIGTTOU, {sa_handler=SIG_DFL, sa_mask=[], sa_flags=SA_RESTORER, sa_restorer=0x7fab2a65d050}, {sa_handler=SIG_DFL, sa_mask=[], sa_flags=0}, 8) = 0
1846880 rt_sigaction(SIGTTOU, {sa_handler=SIG_DFL, sa_mask=[], sa_flags=SA_RESTORER, sa_restorer=0x7fab2a65d050}, {sa_handler=SIG_DFL, sa_mask=[], sa_flags=SA_RESTORER, sa_restorer=0x7fab2a65d050}, 8) = 0
1846880 rt_sigprocmask(SIG_BLOCK, NULL, [], 8) = 0
1846880 rt_sigaction(SIGQUIT, {sa_handler=SIG_IGN, sa_mask=[], sa_flags=SA_RESTORER, sa_restorer=0x7fab2a65d050}, {sa_handler=SIG_DFL, sa_mask=[], sa_flags=SA_RESTORER, sa_restorer=0x7fab2a65d050}, 8) = 0
1846880 uname({sysname="Linux", nodename="Shorty-Laptop", ...}) = 0
1846880 newfstatat(AT_FDCWD, "/home/shorty/projects/external/love-android/love/src/jni/LuaJIT-2.1/src", {st_mode=S_IFDIR|0755, st_size=3556, ...}, 0) = 0
1846880 newfstatat(AT_FDCWD, ".", {st_mode=S_IFDIR|0755, st_size=3556, ...}, 0) = 0
1846880 newfstatat(AT_FDCWD, "/home", {st_mode=S_IFDIR|0755, st_size=12, ...}, 0) = 0
1846880 newfstatat(AT_FDCWD, "/home/shorty", {st_mode=S_IFDIR|0750, st_size=7224, ...}, 0) = 0
1846880 newfstatat(AT_FDCWD, "/home/shorty/projects", {st_mode=S_IFDIR|0755, st_size=2500, ...}, 0) = 0
1846880 newfstatat(AT_FDCWD, "/home/shorty/projects/external", {st_mode=S_IFDIR|0755, st_size=1214, ...}, 0) = 0
1846880 newfstatat(AT_FDCWD, "/home/shorty/projects/external/love-android", {st_mode=S_IFDIR|0755, st_size=504, ...}, 0) = 0
1846880 newfstatat(AT_FDCWD, "/home/shorty/projects/external/love-android/love", {st_mode=S_IFDIR|0755, st_size=76, ...}, 0) = 0
1846880 newfstatat(AT_FDCWD, "/home/shorty/projects/external/love-android/love/src", {st_mode=S_IFDIR|0755, st_size=36, ...}, 0) = 0
1846880 newfstatat(AT_FDCWD, "/home/shorty/projects/external/love-android/love/src/jni", {st_mode=S_IFDIR|0755, st_size=538, ...}, 0) = 0
1846880 newfstatat(AT_FDCWD, "/home/shorty/projects/external/love-android/love/src/jni/LuaJIT-2.1", {st_mode=S_IFDIR|0755, st_size=274, ...}, 0) = 0
1846880 newfstatat(AT_FDCWD, "/home/shorty/projects/external/love-android/love/src/jni/LuaJIT-2.1/src", {st_mode=S_IFDIR|0755, st_size=3556, ...}, 0) = 0
1846880 getpid()                        = 1846880
1846880 getppid()                       = 1846879
1846880 getpid()                        = 1846880
1846880 getppid()                       = 1846879
1846880 getpid()                        = 1846880
1846880 getppid()                       = 1846879
1846880 getpgrp()                       = 1846868
1846880 ioctl(2, TIOCGPGRP, 0x7ffc2d40ce54) = -1 ENOTTY (Inappropriate ioctl for device)
1846880 rt_sigaction(SIGCHLD, {sa_handler=0x55b74a7b3140, sa_mask=[], sa_flags=SA_RESTORER|SA_RESTART, sa_restorer=0x7fab2a65d050}, {sa_handler=SIG_DFL, sa_mask=[], sa_flags=SA_RESTORER|SA_RESTART, sa_restorer=0x7fab2a65d050}, 8) = 0
1846880 ioctl(2, TIOCGPGRP, 0x7ffc2d40ce14) = -1 ENOTTY (Inappropriate ioctl for device)
1846880 prlimit64(0, RLIMIT_NPROC, NULL, {rlim_cur=126640, rlim_max=126640}) = 0
1846880 rt_sigprocmask(SIG_BLOCK, NULL, [], 8) = 0
1846880 openat(AT_FDCWD, "/home/shorty/Android/Sdk/ndk/25.2.9519653/toolchains/llvm/prebuilt/linux-x86_64/bin/x86_64-linux-android21-clang", O_RDONLY) = 3
1846880 newfstatat(AT_FDCWD, "/home/shorty/Android/Sdk/ndk/25.2.9519653/toolchains/llvm/prebuilt/linux-x86_64/bin/x86_64-linux-android21-clang", {st_mode=S_IFREG|0755, st_size=192, ...}, 0) = 0
1846880 ioctl(3, TCGETS, 0x7ffc2d40cf20) = -1 ENOTTY (Inappropriate ioctl for device)
1846880 lseek(3, 0, SEEK_CUR)           = 0
1846880 read(3, "#!/bin/bash\nbin_dir=`dirname \"$0"..., 80) = 80
1846880 lseek(3, 0, SEEK_SET)           = 0
1846880 prlimit64(0, RLIMIT_NOFILE, NULL, {rlim_cur=1024, rlim_max=1024*1024}) = 0
1846880 fcntl(255, F_GETFD)             = -1 EBADF (Bad file descriptor)
1846880 dup2(3, 255)                    = 255
1846880 close(3)                        = 0
1846880 fcntl(255, F_SETFD, FD_CLOEXEC) = 0
1846880 fcntl(255, F_GETFL)             = 0x8000 (flags O_RDONLY|O_LARGEFILE)
1846880 fstat(255, {st_mode=S_IFREG|0755, st_size=192, ...}) = 0
1846880 lseek(255, 0, SEEK_CUR)         = 0
1846880 read(255, "#!/bin/bash\nbin_dir=`dirname \"$0"..., 192) = 192
1846880 pipe2([3, 4], 0)                = 0
1846880 rt_sigprocmask(SIG_BLOCK, [CHLD], [], 8) = 0
1846880 rt_sigprocmask(SIG_SETMASK, [], NULL, 8) = 0
1846880 rt_sigprocmask(SIG_BLOCK, NULL, [], 8) = 0
1846880 rt_sigprocmask(SIG_BLOCK, [INT TERM CHLD], [], 8) = 0
1846880 lseek(255, -157, SEEK_CUR)      = 35
1846880 clone(child_stack=NULL, flags=CLONE_CHILD_CLEARTID|CLONE_CHILD_SETTID|SIGCHLD, child_tidptr=0x7fab2a640a10) = 1846881
1846880 rt_sigprocmask(SIG_SETMASK, [], NULL, 8) = 0
1846880 rt_sigaction(SIGCHLD, {sa_handler=0x55b74a7b3140, sa_mask=[], sa_flags=SA_RESTORER|SA_RESTART, sa_restorer=0x7fab2a65d050}, {sa_handler=0x55b74a7b3140, sa_mask=[], sa_flags=SA_RESTORER|SA_RESTART, sa_restorer=0x7fab2a65d050}, 8) = 0
1846880 close(4)                        = 0
1846880 rt_sigprocmask(SIG_BLOCK, [INT],  <unfinished ...>
1846881 set_robust_list(0x7fab2a640a20, 24 <unfinished ...>
1846880 <... rt_sigprocmask resumed>[], 8) = 0
1846881 <... set_robust_list resumed>)  = 0
1846880 read(3,  <unfinished ...>
1846881 getpid()                        = 1846881
1846881 close(255)                      = 0
1846881 rt_sigprocmask(SIG_SETMASK, [], NULL, 8) = 0
1846881 rt_sigaction(SIGTSTP, {sa_handler=SIG_DFL, sa_mask=[], sa_flags=SA_RESTORER, sa_restorer=0x7fab2a65d050}, {sa_handler=SIG_DFL, sa_mask=[], sa_flags=SA_RESTORER, sa_restorer=0x7fab2a65d050}, 8) = 0
1846881 rt_sigaction(SIGTTIN, {sa_handler=SIG_DFL, sa_mask=[], sa_flags=SA_RESTORER, sa_restorer=0x7fab2a65d050}, {sa_handler=SIG_DFL, sa_mask=[], sa_flags=SA_RESTORER, sa_restorer=0x7fab2a65d050}, 8) = 0
1846881 rt_sigaction(SIGTTOU, {sa_handler=SIG_DFL, sa_mask=[], sa_flags=SA_RESTORER, sa_restorer=0x7fab2a65d050}, {sa_handler=SIG_DFL, sa_mask=[], sa_flags=SA_RESTORER, sa_restorer=0x7fab2a65d050}, 8) = 0
1846881 rt_sigaction(SIGINT, {sa_handler=SIG_DFL, sa_mask=[], sa_flags=SA_RESTORER, sa_restorer=0x7fab2a65d050}, {sa_handler=SIG_DFL, sa_mask=[], sa_flags=SA_RESTORER, sa_restorer=0x7fab2a65d050}, 8) = 0
1846881 rt_sigaction(SIGQUIT, {sa_handler=SIG_DFL, sa_mask=[], sa_flags=SA_RESTORER, sa_restorer=0x7fab2a65d050}, {sa_handler=SIG_IGN, sa_mask=[], sa_flags=SA_RESTORER, sa_restorer=0x7fab2a65d050}, 8) = 0
1846881 rt_sigaction(SIGCHLD, {sa_handler=SIG_DFL, sa_mask=[], sa_flags=SA_RESTORER|SA_RESTART, sa_restorer=0x7fab2a65d050}, {sa_handler=0x55b74a7b3140, sa_mask=[], sa_flags=SA_RESTORER|SA_RESTART, sa_restorer=0x7fab2a65d050}, 8) = 0
1846881 rt_sigaction(SIGCHLD, {sa_handler=0x55b74a7b3140, sa_mask=[], sa_flags=SA_RESTORER|SA_RESTART, sa_restorer=0x7fab2a65d050}, {sa_handler=SIG_DFL, sa_mask=[], sa_flags=SA_RESTORER|SA_RESTART, sa_restorer=0x7fab2a65d050}, 8) = 0
1846881 rt_sigaction(SIGINT, {sa_handler=0x55b74a7dcbd0, sa_mask=[], sa_flags=SA_RESTORER, sa_restorer=0x7fab2a65d050}, {sa_handler=SIG_DFL, sa_mask=[], sa_flags=SA_RESTORER, sa_restorer=0x7fab2a65d050}, 8) = 0
1846881 dup2(4, 1)                      = 1
1846881 close(4)                        = 0
1846881 close(3)                        = 0
1846881 rt_sigprocmask(SIG_BLOCK, NULL, [], 8) = 0
1846881 newfstatat(AT_FDCWD, ".", {st_mode=S_IFDIR|0755, st_size=3556, ...}, 0) = 0
1846881 newfstatat(AT_FDCWD, "/home/shorty/Android/Sdk/ndk/25.2.9519653/toolchains/llvm/prebuilt/linux-x86_64/bin/dirname", 0x7ffc2d40c0a0, 0) = -1 ENOENT (No such file or directory)
1846881 newfstatat(AT_FDCWD, "/home/shorty/.yarn/bin/dirname", 0x7ffc2d40c0a0, 0) = -1 ENOENT (No such file or directory)
1846881 newfstatat(AT_FDCWD, "/home/shorty/.nvm/versions/node/v22.14.0/bin/dirname", 0x7ffc2d40c0a0, 0) = -1 ENOENT (No such file or directory)
1846881 newfstatat(AT_FDCWD, "/home/shorty/.cargo/bin/dirname", 0x7ffc2d40c0a0, 0) = -1 ENOENT (No such file or directory)
1846881 newfstatat(AT_FDCWD, "/home/shorty/bin/dirname", 0x7ffc2d40c0a0, 0) = -1 ENOENT (No such file or directory)
1846881 newfstatat(AT_FDCWD, "/home/shorty/.local/bin/dirname", 0x7ffc2d40c0a0, 0) = -1 ENOENT (No such file or directory)
1846881 newfstatat(AT_FDCWD, "/usr/games/dirname", 0x7ffc2d40c0a0, 0) = -1 ENOENT (No such file or directory)
1846881 newfstatat(AT_FDCWD, "/usr/lib64/qt-3.3/bin/dirname", 0x7ffc2d40c0a0, 0) = -1 ENOENT (No such file or directory)
1846881 newfstatat(AT_FDCWD, "/usr/lib64/ccache/dirname", 0x7ffc2d40c0a0, 0) = -1 ENOENT (No such file or directory)
1846881 newfstatat(AT_FDCWD, "/usr/local/bin/dirname", 0x7ffc2d40c0a0, 0) = -1 ENOENT (No such file or directory)
1846881 newfstatat(AT_FDCWD, "/usr/bin/dirname", {st_mode=S_IFREG|0755, st_size=36680, ...}, 0) = 0
1846881 newfstatat(AT_FDCWD, "/usr/bin/dirname", {st_mode=S_IFREG|0755, st_size=36680, ...}, 0) = 0
1846881 geteuid()                       = 1000
1846881 getegid()                       = 1000
1846881 getuid()                        = 1000
1846881 getgid()                        = 1000
1846881 access("/usr/bin/dirname", X_OK) = 0
1846881 newfstatat(AT_FDCWD, "/usr/bin/dirname", {st_mode=S_IFREG|0755, st_size=36680, ...}, 0) = 0
1846881 geteuid()                       = 1000
1846881 getegid()                       = 1000
1846881 getuid()                        = 1000
1846881 getgid()                        = 1000
1846881 access("/usr/bin/dirname", R_OK) = 0
1846881 rt_sigaction(SIGINT, {sa_handler=SIG_DFL, sa_mask=[], sa_flags=SA_RESTORER, sa_restorer=0x7fab2a65d050}, {sa_handler=0x55b74a7dcbd0, sa_mask=[], sa_flags=SA_RESTORER, sa_restorer=0x7fab2a65d050}, 8) = 0
1846881 rt_sigaction(SIGQUIT, {sa_handler=SIG_DFL, sa_mask=[], sa_flags=SA_RESTORER, sa_restorer=0x7fab2a65d050}, {sa_handler=SIG_DFL, sa_mask=[], sa_flags=SA_RESTORER, sa_restorer=0x7fab2a65d050}, 8) = 0
1846881 rt_sigaction(SIGCHLD, {sa_handler=SIG_DFL, sa_mask=[], sa_flags=SA_RESTORER|SA_RESTART, sa_restorer=0x7fab2a65d050}, {sa_handler=0x55b74a7b3140, sa_mask=[], sa_flags=SA_RESTORER|SA_RESTART, sa_restorer=0x7fab2a65d050}, 8) = 0
1846881 execve("/usr/bin/dirname", ["dirname", "/home/shorty/Android/Sdk/ndk/25."...], 0x55b76459c660 /* 112 vars */) = 0
1846881 brk(NULL)                       = 0x560722876000
1846881 access("/etc/ld.so.preload", R_OK) = -1 ENOENT (No such file or directory)
1846881 openat(AT_FDCWD, "/etc/ld.so.cache", O_RDONLY|O_CLOEXEC) = 3
1846881 fstat(3, {st_mode=S_IFREG|0644, st_size=171419, ...}) = 0
1846881 mmap(NULL, 171419, PROT_READ, MAP_PRIVATE, 3, 0) = 0x7fba9f61d000
1846881 close(3)                        = 0
1846881 mmap(NULL, 8192, PROT_READ|PROT_WRITE, MAP_PRIVATE|MAP_ANONYMOUS, -1, 0) = 0x7fba9f61b000
1846881 openat(AT_FDCWD, "/lib64/libc.so.6", O_RDONLY|O_CLOEXEC) = 3
1846881 read(3, "\177ELF\2\1\1\3\0\0\0\0\0\0\0\0\3\0>\0\1\0\0\0 4\0\0\0\0\0\0"..., 832) = 832
1846881 pread64(3, "\6\0\0\0\4\0\0\0@\0\0\0\0\0\0\0@\0\0\0\0\0\0\0@\0\0\0\0\0\0\0"..., 784, 64) = 784
1846881 fstat(3, {st_mode=S_IFREG|0755, st_size=2454144, ...}) = 0
1846881 pread64(3, "\6\0\0\0\4\0\0\0@\0\0\0\0\0\0\0@\0\0\0\0\0\0\0@\0\0\0\0\0\0\0"..., 784, 64) = 784
1846881 mmap(NULL, 2042904, PROT_READ, MAP_PRIVATE|MAP_DENYWRITE, 3, 0) = 0x7fba9f428000
1846881 mmap(0x7fba9f429000, 1503232, PROT_READ|PROT_EXEC, MAP_PRIVATE|MAP_FIXED|MAP_DENYWRITE, 3, 0x1000) = 0x7fba9f429000
1846881 mmap(0x7fba9f598000, 479232, PROT_READ, MAP_PRIVATE|MAP_FIXED|MAP_DENYWRITE, 3, 0x170000) = 0x7fba9f598000
1846881 mmap(0x7fba9f60d000, 24576, PROT_READ|PROT_WRITE, MAP_PRIVATE|MAP_FIXED|MAP_DENYWRITE, 3, 0x1e5000) = 0x7fba9f60d000
1846881 mmap(0x7fba9f613000, 31768, PROT_READ|PROT_WRITE, MAP_PRIVATE|MAP_FIXED|MAP_ANONYMOUS, -1, 0) = 0x7fba9f613000
1846881 close(3)                        = 0
1846881 mmap(NULL, 12288, PROT_READ|PROT_WRITE, MAP_PRIVATE|MAP_ANONYMOUS, -1, 0) = 0x7fba9f425000
1846881 arch_prctl(ARCH_SET_FS, 0x7fba9f425740) = 0
1846881 set_tid_address(0x7fba9f425a10) = 1846881
1846881 set_robust_list(0x7fba9f425a20, 24) = 0
1846881 rseq(0x7fba9f426060, 0x20, 0, 0x53053053) = 0
1846881 mprotect(0x7fba9f60d000, 16384, PROT_READ) = 0
1846881 mprotect(0x5607137e3000, 4096, PROT_READ) = 0
1846881 mprotect(0x7fba9f682000, 8192, PROT_READ) = 0
1846881 prlimit64(0, RLIMIT_STACK, NULL, {rlim_cur=8192*1024, rlim_max=RLIM64_INFINITY}) = 0
1846881 munmap(0x7fba9f61d000, 171419)  = 0
1846881 getrandom("\x4f\xf8\xc4\xb3\xba\xaa\x1e\x29", 8, GRND_NONBLOCK) = 8
1846881 brk(NULL)                       = 0x560722876000
1846881 brk(0x560722897000)             = 0x560722897000
1846881 openat(AT_FDCWD, "/usr/lib/locale/locale-archive", O_RDONLY|O_CLOEXEC) = 3
1846881 fstat(3, {st_mode=S_IFREG|0644, st_size=232351648, ...}) = 0
1846881 mmap(NULL, 232351648, PROT_READ, MAP_PRIVATE, 3, 0) = 0x7fba91600000
1846881 close(3)                        = 0
1846881 fstat(1, {st_mode=S_IFIFO|0600, st_size=0, ...}) = 0
1846881 write(1, "/home/shorty/Android/Sdk/ndk/25."..., 84) = 84
1846880 <... read resumed>"/home/shorty/Android/Sdk/ndk/25."..., 4096) = 84
1846881 close(1 <unfinished ...>
1846880 read(3,  <unfinished ...>
1846881 <... close resumed>)            = 0
1846881 close(2)                        = 0
1846880 <... read resumed>"", 4096)     = 0
1846881 exit_group(0)                   = ?
1846880 close(3 <unfinished ...>
1846881 +++ exited with 0 +++
1846880 <... close resumed>)            = 0
1846880 --- SIGCHLD {si_signo=SIGCHLD, si_code=CLD_EXITED, si_pid=1846881, si_uid=1000, si_status=0, si_utime=0, si_stime=0} ---
1846880 wait4(-1, [{WIFEXITED(s) && WEXITSTATUS(s) == 0}], WNOHANG, NULL) = 1846881
1846880 wait4(-1, 0x7ffc2d40ba50, WNOHANG, NULL) = -1 ECHILD (No child processes)
1846880 rt_sigreturn({mask=[INT]})      = 0
1846880 rt_sigprocmask(SIG_SETMASK, [], NULL, 8) = 0
1846880 rt_sigprocmask(SIG_BLOCK, [CHLD], [], 8) = 0
1846880 rt_sigaction(SIGINT, {sa_handler=0x55b74a7b6580, sa_mask=[], sa_flags=SA_RESTORER, sa_restorer=0x7fab2a65d050}, {sa_handler=SIG_DFL, sa_mask=[], sa_flags=SA_RESTORER, sa_restorer=0x7fab2a65d050}, 8) = 0
1846880 rt_sigaction(SIGINT, {sa_handler=SIG_DFL, sa_mask=[], sa_flags=SA_RESTORER, sa_restorer=0x7fab2a65d050}, {sa_handler=0x55b74a7b6580, sa_mask=[], sa_flags=SA_RESTORER, sa_restorer=0x7fab2a65d050}, 8) = 0
1846880 rt_sigprocmask(SIG_SETMASK, [], NULL, 8) = 0
1846880 read(255, "if [ \"$1\" != \"-cc1\" ]; then\n    "..., 192) = 157
1846880 rt_sigprocmask(SIG_BLOCK, NULL, [], 8) = 0
1846880 rt_sigprocmask(SIG_BLOCK, [INT TERM CHLD], [], 8) = 0
1846880 rt_sigprocmask(SIG_BLOCK, [CHLD], [INT TERM CHLD], 8) = 0
1846880 rt_sigprocmask(SIG_SETMASK, [INT TERM CHLD], NULL, 8) = 0
1846880 clone(child_stack=NULL, flags=CLONE_CHILD_CLEARTID|CLONE_CHILD_SETTID|SIGCHLD, child_tidptr=0x7fab2a640a10) = 1846882
1846882 set_robust_list(0x7fab2a640a20, 24 <unfinished ...>
1846880 rt_sigprocmask(SIG_SETMASK, [],  <unfinished ...>
1846882 <... set_robust_list resumed>)  = 0
1846880 <... rt_sigprocmask resumed>NULL, 8) = 0
1846880 rt_sigprocmask(SIG_BLOCK, [CHLD], [], 8) = 0
1846882 getpid( <unfinished ...>
1846880 rt_sigprocmask(SIG_SETMASK, [], NULL, 8) = 0
1846882 <... getpid resumed>)           = 1846882
1846880 rt_sigprocmask(SIG_BLOCK, [CHLD], [], 8) = 0
1846882 close(255)                      = 0
1846880 rt_sigaction(SIGINT, {sa_handler=0x55b74a7b6580, sa_mask=[], sa_flags=SA_RESTORER, sa_restorer=0x7fab2a65d050},  <unfinished ...>
1846882 rt_sigprocmask(SIG_SETMASK, [],  <unfinished ...>
1846880 <... rt_sigaction resumed>{sa_handler=SIG_DFL, sa_mask=[], sa_flags=SA_RESTORER, sa_restorer=0x7fab2a65d050}, 8) = 0
1846882 <... rt_sigprocmask resumed>NULL, 8) = 0
1846880 wait4(-1,  <unfinished ...>
1846882 rt_sigaction(SIGTSTP, {sa_handler=SIG_DFL, sa_mask=[], sa_flags=SA_RESTORER, sa_restorer=0x7fab2a65d050}, {sa_handler=SIG_DFL, sa_mask=[], sa_flags=SA_RESTORER, sa_restorer=0x7fab2a65d050}, 8) = 0
1846882 rt_sigaction(SIGTTIN, {sa_handler=SIG_DFL, sa_mask=[], sa_flags=SA_RESTORER, sa_restorer=0x7fab2a65d050}, {sa_handler=SIG_DFL, sa_mask=[], sa_flags=SA_RESTORER, sa_restorer=0x7fab2a65d050}, 8) = 0
1846882 rt_sigaction(SIGTTOU, {sa_handler=SIG_DFL, sa_mask=[], sa_flags=SA_RESTORER, sa_restorer=0x7fab2a65d050}, {sa_handler=SIG_DFL, sa_mask=[], sa_flags=SA_RESTORER, sa_restorer=0x7fab2a65d050}, 8) = 0
1846882 rt_sigaction(SIGINT, {sa_handler=SIG_DFL, sa_mask=[], sa_flags=SA_RESTORER, sa_restorer=0x7fab2a65d050}, {sa_handler=SIG_DFL, sa_mask=[], sa_flags=SA_RESTORER, sa_restorer=0x7fab2a65d050}, 8) = 0
1846882 rt_sigaction(SIGQUIT, {sa_handler=SIG_DFL, sa_mask=[], sa_flags=SA_RESTORER, sa_restorer=0x7fab2a65d050}, {sa_handler=SIG_IGN, sa_mask=[], sa_flags=SA_RESTORER, sa_restorer=0x7fab2a65d050}, 8) = 0
1846882 rt_sigaction(SIGCHLD, {sa_handler=SIG_DFL, sa_mask=[], sa_flags=SA_RESTORER|SA_RESTART, sa_restorer=0x7fab2a65d050}, {sa_handler=0x55b74a7b3140, sa_mask=[], sa_flags=SA_RESTORER|SA_RESTART, sa_restorer=0x7fab2a65d050}, 8) = 0
1846882 execve("/home/shorty/Android/Sdk/ndk/25.2.9519653/toolchains/llvm/prebuilt/linux-x86_64/bin/clang", ["/home/shorty/Android/Sdk/ndk/25."..., "--target=x86_64-linux-android21", "-fPIC", "-o", "/dev/null", "-c", "-x", "c", "/dev/null", "-fno-stack-protector"], 0x55b7645a20c0 /* 112 vars */) = 0
1846882 brk(NULL)                       = 0x1513a000
1846882 mmap(NULL, 8192, PROT_READ|PROT_WRITE, MAP_PRIVATE|MAP_ANONYMOUS, -1, 0) = 0x7fe11c651000
1846882 readlinkat(AT_FDCWD, "/proc/self/exe", "/home/shorty/Android/Sdk/ndk/25."..., 4096) = 92
1846882 access("/etc/ld.so.preload", R_OK) = -1 ENOENT (No such file or directory)
1846882 openat(AT_FDCWD, "/home/shorty/Android/Sdk/ndk/25.2.9519653/toolchains/llvm/prebuilt/linux-x86_64/bin/../lib64/glibc-hwcaps/x86-64-v3/libpthread.so.0", O_RDONLY|O_CLOEXEC) = -1 ENOENT (No such file or directory)
1846882 newfstatat(AT_FDCWD, "/home/shorty/Android/Sdk/ndk/25.2.9519653/toolchains/llvm/prebuilt/linux-x86_64/bin/../lib64/glibc-hwcaps/x86-64-v3/", 0x7ffd087ee820, 0) = -1 ENOENT (No such file or directory)
1846882 openat(AT_FDCWD, "/home/shorty/Android/Sdk/ndk/25.2.9519653/toolchains/llvm/prebuilt/linux-x86_64/bin/../lib64/glibc-hwcaps/x86-64-v2/libpthread.so.0", O_RDONLY|O_CLOEXEC) = -1 ENOENT (No such file or directory)
1846882 newfstatat(AT_FDCWD, "/home/shorty/Android/Sdk/ndk/25.2.9519653/toolchains/llvm/prebuilt/linux-x86_64/bin/../lib64/glibc-hwcaps/x86-64-v2/", 0x7ffd087ee820, 0) = -1 ENOENT (No such file or directory)
1846882 openat(AT_FDCWD, "/home/shorty/Android/Sdk/ndk/25.2.9519653/toolchains/llvm/prebuilt/linux-x86_64/bin/../lib64/libpthread.so.0", O_RDONLY|O_CLOEXEC) = -1 ENOENT (No such file or directory)
1846882 newfstatat(AT_FDCWD, "/home/shorty/Android/Sdk/ndk/25.2.9519653/toolchains/llvm/prebuilt/linux-x86_64/bin/../lib64/", {st_mode=S_IFDIR|0755, st_size=752, ...}, 0) = 0
1846882 openat(AT_FDCWD, "/etc/ld.so.cache", O_RDONLY|O_CLOEXEC) = 3
1846882 fstat(3, {st_mode=S_IFREG|0644, st_size=171419, ...}) = 0
1846882 mmap(NULL, 171419, PROT_READ, MAP_PRIVATE, 3, 0) = 0x7fe11c627000
1846882 close(3)                        = 0
1846882 openat(AT_FDCWD, "/lib64/libpthread.so.0", O_RDONLY|O_CLOEXEC) = 3
1846882 read(3, "\177ELF\2\1\1\0\0\0\0\0\0\0\0\0\3\0>\0\1\0\0\0\0\0\0\0\0\0\0\0"..., 832) = 832
1846882 fstat(3, {st_mode=S_IFREG|0755, st_size=15640, ...}) = 0
1846882 mmap(NULL, 16392, PROT_READ, MAP_PRIVATE|MAP_DENYWRITE, 3, 0) = 0x7fe11c622000
1846882 mmap(0x7fe11c623000, 4096, PROT_READ|PROT_EXEC, MAP_PRIVATE|MAP_FIXED|MAP_DENYWRITE, 3, 0x1000) = 0x7fe11c623000
1846882 mmap(0x7fe11c624000, 4096, PROT_READ, MAP_PRIVATE|MAP_FIXED|MAP_DENYWRITE, 3, 0x2000) = 0x7fe11c624000
1846882 mmap(0x7fe11c625000, 4096, PROT_READ|PROT_WRITE, MAP_PRIVATE|MAP_FIXED|MAP_DENYWRITE, 3, 0x2000) = 0x7fe11c625000
1846882 mmap(0x7fe11c626000, 8, PROT_READ|PROT_WRITE, MAP_PRIVATE|MAP_FIXED|MAP_ANONYMOUS, -1, 0) = 0x7fe11c626000
1846882 close(3)                        = 0
1846882 openat(AT_FDCWD, "/home/shorty/Android/Sdk/ndk/25.2.9519653/toolchains/llvm/prebuilt/linux-x86_64/bin/../lib64/librt.so.1", O_RDONLY|O_CLOEXEC) = -1 ENOENT (No such file or directory)
1846882 openat(AT_FDCWD, "/lib64/librt.so.1", O_RDONLY|O_CLOEXEC) = 3
1846882 read(3, "\177ELF\2\1\1\0\0\0\0\0\0\0\0\0\3\0>\0\1\0\0\0\0\0\0\0\0\0\0\0"..., 832) = 832
1846882 fstat(3, {st_mode=S_IFREG|0755, st_size=15808, ...}) = 0
1846882 mmap(NULL, 16392, PROT_READ, MAP_PRIVATE|MAP_DENYWRITE, 3, 0) = 0x7fe11c61d000
1846882 mmap(0x7fe11c61e000, 4096, PROT_READ|PROT_EXEC, MAP_PRIVATE|MAP_FIXED|MAP_DENYWRITE, 3, 0x1000) = 0x7fe11c61e000
1846882 mmap(0x7fe11c61f000, 4096, PROT_READ, MAP_PRIVATE|MAP_FIXED|MAP_DENYWRITE, 3, 0x2000) = 0x7fe11c61f000
1846882 mmap(0x7fe11c620000, 4096, PROT_READ|PROT_WRITE, MAP_PRIVATE|MAP_FIXED|MAP_DENYWRITE, 3, 0x2000) = 0x7fe11c620000
1846882 mmap(0x7fe11c621000, 8, PROT_READ|PROT_WRITE, MAP_PRIVATE|MAP_FIXED|MAP_ANONYMOUS, -1, 0) = 0x7fe11c621000
1846882 close(3)                        = 0
1846882 openat(AT_FDCWD, "/home/shorty/Android/Sdk/ndk/25.2.9519653/toolchains/llvm/prebuilt/linux-x86_64/bin/../lib64/libdl.so.2", O_RDONLY|O_CLOEXEC) = -1 ENOENT (No such file or directory)
1846882 openat(AT_FDCWD, "/lib64/libdl.so.2", O_RDONLY|O_CLOEXEC) = 3
1846882 read(3, "\177ELF\2\1\1\0\0\0\0\0\0\0\0\0\3\0>\0\1\0\0\0\0\0\0\0\0\0\0\0"..., 832) = 832
1846882 fstat(3, {st_mode=S_IFREG|0755, st_size=15632, ...}) = 0
1846882 mmap(NULL, 16392, PROT_READ, MAP_PRIVATE|MAP_DENYWRITE, 3, 0) = 0x7fe11c618000
1846882 mmap(0x7fe11c619000, 4096, PROT_READ|PROT_EXEC, MAP_PRIVATE|MAP_FIXED|MAP_DENYWRITE, 3, 0x1000) = 0x7fe11c619000
1846882 mmap(0x7fe11c61a000, 4096, PROT_READ, MAP_PRIVATE|MAP_FIXED|MAP_DENYWRITE, 3, 0x2000) = 0x7fe11c61a000
1846882 mmap(0x7fe11c61b000, 4096, PROT_READ|PROT_WRITE, MAP_PRIVATE|MAP_FIXED|MAP_DENYWRITE, 3, 0x2000) = 0x7fe11c61b000
1846882 mmap(0x7fe11c61c000, 8, PROT_READ|PROT_WRITE, MAP_PRIVATE|MAP_FIXED|MAP_ANONYMOUS, -1, 0) = 0x7fe11c61c000
1846882 close(3)                        = 0
1846882 openat(AT_FDCWD, "/home/shorty/Android/Sdk/ndk/25.2.9519653/toolchains/llvm/prebuilt/linux-x86_64/bin/../lib64/libm.so.6", O_RDONLY|O_CLOEXEC) = -1 ENOENT (No such file or directory)
1846882 openat(AT_FDCWD, "/lib64/libm.so.6", O_RDONLY|O_CLOEXEC) = 3
1846882 read(3, "\177ELF\2\1\1\3\0\0\0\0\0\0\0\0\3\0>\0\1\0\0\0\0\0\0\0\0\0\0\0"..., 832) = 832
1846882 fstat(3, {st_mode=S_IFREG|0755, st_size=956824, ...}) = 0
1846882 mmap(NULL, 938000, PROT_READ, MAP_PRIVATE|MAP_DENYWRITE, 3, 0) = 0x7fe11c532000
1846882 mmap(0x7fe11c533000, 495616, PROT_READ|PROT_EXEC, MAP_PRIVATE|MAP_FIXED|MAP_DENYWRITE, 3, 0x1000) = 0x7fe11c533000
1846882 mmap(0x7fe11c5ac000, 434176, PROT_READ, MAP_PRIVATE|MAP_FIXED|MAP_DENYWRITE, 3, 0x7a000) = 0x7fe11c5ac000
1846882 mmap(0x7fe11c616000, 8192, PROT_READ|PROT_WRITE, MAP_PRIVATE|MAP_FIXED|MAP_DENYWRITE, 3, 0xe3000) = 0x7fe11c616000
1846882 close(3)                        = 0
1846882 openat(AT_FDCWD, "/home/shorty/Android/Sdk/ndk/25.2.9519653/toolchains/llvm/prebuilt/linux-x86_64/bin/../lib64/libz.so.1", O_RDONLY|O_CLOEXEC) = -1 ENOENT (No such file or directory)
1846882 openat(AT_FDCWD, "/lib64/libz.so.1", O_RDONLY|O_CLOEXEC) = 3
1846882 read(3, "\177ELF\2\1\1\0\0\0\0\0\0\0\0\0\3\0>\0\1\0\0\0\0\0\0\0\0\0\0\0"..., 832) = 832
1846882 fstat(3, {st_mode=S_IFREG|0755, st_size=145224, ...}) = 0
1846882 mmap(NULL, 143488, PROT_READ, MAP_PRIVATE|MAP_DENYWRITE, 3, 0) = 0x7fe11c50e000
1846882 mmap(0x7fe11c50f000, 94208, PROT_READ|PROT_EXEC, MAP_PRIVATE|MAP_FIXED|MAP_DENYWRITE, 3, 0x1000) = 0x7fe11c50f000
1846882 mmap(0x7fe11c526000, 40960, PROT_READ, MAP_PRIVATE|MAP_FIXED|MAP_DENYWRITE, 3, 0x18000) = 0x7fe11c526000
1846882 mmap(0x7fe11c530000, 8192, PROT_READ|PROT_WRITE, MAP_PRIVATE|MAP_FIXED|MAP_DENYWRITE, 3, 0x21000) = 0x7fe11c530000
1846882 close(3)                        = 0
1846882 openat(AT_FDCWD, "/home/shorty/Android/Sdk/ndk/25.2.9519653/toolchains/llvm/prebuilt/linux-x86_64/bin/../lib64/libc++.so.1", O_RDONLY|O_CLOEXEC) = 3
1846882 read(3, "\177ELF\2\1\1\0\0\0\0\0\0\0\0\0\3\0>\0\1\0\0\0\0\0\0\0\0\0\0\0"..., 832) = 832
1846882 fstat(3, {st_mode=S_IFREG|0644, st_size=2015120, ...}) = 0
1846882 mmap(NULL, 8192, PROT_READ|PROT_WRITE, MAP_PRIVATE|MAP_ANONYMOUS, -1, 0) = 0x7fe11c50c000
1846882 mmap(NULL, 1159028, PROT_READ, MAP_PRIVATE|MAP_DENYWRITE, 3, 0) = 0x7fe11c3f1000
1846882 mmap(0x7fe11c48b000, 458752, PROT_READ|PROT_EXEC, MAP_PRIVATE|MAP_FIXED|MAP_DENYWRITE, 3, 0x99000) = 0x7fe11c48b000
1846882 mmap(0x7fe11c4fb000, 36864, PROT_READ|PROT_WRITE, MAP_PRIVATE|MAP_FIXED|MAP_DENYWRITE, 3, 0x108000) = 0x7fe11c4fb000
1846882 mmap(0x7fe11c504000, 4096, PROT_READ|PROT_WRITE, MAP_PRIVATE|MAP_FIXED|MAP_DENYWRITE, 3, 0x111000) = 0x7fe11c504000
1846882 mmap(0x7fe11c505000, 28532, PROT_READ|PROT_WRITE, MAP_PRIVATE|MAP_FIXED|MAP_ANONYMOUS, -1, 0) = 0x7fe11c505000
1846882 close(3)                        = 0
1846882 openat(AT_FDCWD, "/home/shorty/Android/Sdk/ndk/25.2.9519653/toolchains/llvm/prebuilt/linux-x86_64/bin/../lib64/libgcc_s.so.1", O_RDONLY|O_CLOEXEC) = -1 ENOENT (No such file or directory)
1846882 openat(AT_FDCWD, "/lib64/libgcc_s.so.1", O_RDONLY|O_CLOEXEC) = 3
1846882 read(3, "\177ELF\2\1\1\0\0\0\0\0\0\0\0\0\3\0>\0\1\0\0\0\0\0\0\0\0\0\0\0"..., 832) = 832
1846882 fstat(3, {st_mode=S_IFREG|0755, st_size=186800, ...}) = 0
1846882 mmap(NULL, 188872, PROT_READ, MAP_PRIVATE|MAP_DENYWRITE, 3, 0) = 0x7fe11c3c2000
1846882 mmap(0x7fe11c3c3000, 147456, PROT_READ|PROT_EXEC, MAP_PRIVATE|MAP_FIXED|MAP_DENYWRITE, 3, 0x1000) = 0x7fe11c3c3000
1846882 mmap(0x7fe11c3e7000, 32768, PROT_READ, MAP_PRIVATE|MAP_FIXED|MAP_DENYWRITE, 3, 0x25000) = 0x7fe11c3e7000
1846882 mmap(0x7fe11c3ef000, 4096, PROT_READ|PROT_WRITE, MAP_PRIVATE|MAP_FIXED|MAP_DENYWRITE, 3, 0x2c000) = 0x7fe11c3ef000
1846882 mmap(0x7fe11c3f0000, 456, PROT_READ|PROT_WRITE, MAP_PRIVATE|MAP_FIXED|MAP_ANONYMOUS, -1, 0) = 0x7fe11c3f0000
1846882 close(3)                        = 0
1846882 openat(AT_FDCWD, "/home/shorty/Android/Sdk/ndk/25.2.9519653/toolchains/llvm/prebuilt/linux-x86_64/bin/../lib64/libc.so.6", O_RDONLY|O_CLOEXEC) = -1 ENOENT (No such file or directory)
1846882 openat(AT_FDCWD, "/lib64/libc.so.6", O_RDONLY|O_CLOEXEC) = 3
1846882 read(3, "\177ELF\2\1\1\3\0\0\0\0\0\0\0\0\3\0>\0\1\0\0\0 4\0\0\0\0\0\0"..., 832) = 832
1846882 pread64(3, "\6\0\0\0\4\0\0\0@\0\0\0\0\0\0\0@\0\0\0\0\0\0\0@\0\0\0\0\0\0\0"..., 784, 64) = 784
1846882 fstat(3, {st_mode=S_IFREG|0755, st_size=2454144, ...}) = 0
1846882 pread64(3, "\6\0\0\0\4\0\0\0@\0\0\0\0\0\0\0@\0\0\0\0\0\0\0@\0\0\0\0\0\0\0"..., 784, 64) = 784
1846882 mmap(NULL, 2042904, PROT_READ, MAP_PRIVATE|MAP_DENYWRITE, 3, 0) = 0x7fe11c1cf000
1846882 mmap(0x7fe11c1d0000, 1503232, PROT_READ|PROT_EXEC, MAP_PRIVATE|MAP_FIXED|MAP_DENYWRITE, 3, 0x1000) = 0x7fe11c1d0000
1846882 mmap(0x7fe11c33f000, 479232, PROT_READ, MAP_PRIVATE|MAP_FIXED|MAP_DENYWRITE, 3, 0x170000) = 0x7fe11c33f000
1846882 mmap(0x7fe11c3b4000, 24576, PROT_READ|PROT_WRITE, MAP_PRIVATE|MAP_FIXED|MAP_DENYWRITE, 3, 0x1e5000) = 0x7fe11c3b4000
1846882 mmap(0x7fe11c3ba000, 31768, PROT_READ|PROT_WRITE, MAP_PRIVATE|MAP_FIXED|MAP_ANONYMOUS, -1, 0) = 0x7fe11c3ba000
1846882 close(3)                        = 0
1846882 mmap(NULL, 8192, PROT_READ|PROT_WRITE, MAP_PRIVATE|MAP_ANONYMOUS, -1, 0) = 0x7fe11c1cd000
1846882 arch_prctl(ARCH_SET_FS, 0x7fe11c1ce0c0) = 0
1846882 set_tid_address(0x7fe11c1ce390) = 1846882
1846882 set_robust_list(0x7fe11c1ce3a0, 24) = 0
1846882 rseq(0x7fe11c1ce9e0, 0x20, 0, 0x53053053) = 0
1846882 mprotect(0x7fe11c3b4000, 16384, PROT_READ) = 0
1846882 mprotect(0x7fe11c3ef000, 4096, PROT_READ) = 0
1846882 mprotect(0x7fe11c625000, 4096, PROT_READ) = 0
1846882 mprotect(0x7fe11c616000, 4096, PROT_READ) = 0
1846882 mprotect(0x7fe11c620000, 4096, PROT_READ) = 0
1846882 mprotect(0x7fe11c4fb000, 36864, PROT_READ) = 0
1846882 mprotect(0x7fe11c530000, 4096, PROT_READ) = 0
1846882 mprotect(0x7fe11c61b000, 4096, PROT_READ) = 0
1846882 mprotect(0x5b26000, 8192, PROT_READ) = 0
1846882 mprotect(0x7fe11c68e000, 8192, PROT_READ) = 0
1846882 prlimit64(0, RLIMIT_STACK, NULL, {rlim_cur=8192*1024, rlim_max=RLIM64_INFINITY}) = 0
1846882 munmap(0x7fe11c627000, 171419)  = 0
1846882 gettid()                        = 1846882
1846882 gettid()                        = 1846882
1846882 gettid()                        = 1846882
1846882 gettid()                        = 1846882
1846882 gettid()                        = 1846882
1846882 gettid()                        = 1846882
1846882 getrandom("\xe8\x58\x62\x91\x8e\x24\x7c\x6e", 8, GRND_NONBLOCK) = 8
1846882 brk(NULL)                       = 0x1513a000
1846882 brk(0x1515b000)                 = 0x1515b000
1846882 brk(0x1517c000)                 = 0x1517c000
1846882 sigaltstack(NULL, {ss_sp=NULL, ss_flags=SS_DISABLE, ss_size=0}) = 0
1846882 brk(0x151a6000)                 = 0x151a6000
1846882 sigaltstack({ss_sp=0x15175310, ss_flags=0, ss_size=67584}, {ss_sp=NULL, ss_flags=SS_DISABLE, ss_size=0}) = 0
1846882 rt_sigaction(SIGHUP, {sa_handler=0x47d9450, sa_mask=[], sa_flags=SA_RESTORER|SA_ONSTACK|SA_NODEFER|SA_RESETHAND|0xffffffff00000000, sa_restorer=0x7fe11c1e9050}, {sa_handler=SIG_DFL, sa_mask=[], sa_flags=0}, 8) = 0
1846882 rt_sigaction(SIGINT, {sa_handler=0x47d9450, sa_mask=[], sa_flags=SA_RESTORER|SA_ONSTACK|SA_NODEFER|SA_RESETHAND|0xffffffff00000000, sa_restorer=0x7fe11c1e9050}, {sa_handler=SIG_DFL, sa_mask=[], sa_flags=0}, 8) = 0
1846882 rt_sigaction(SIGTERM, {sa_handler=0x47d9450, sa_mask=[], sa_flags=SA_RESTORER|SA_ONSTACK|SA_NODEFER|SA_RESETHAND|0xffffffff00000000, sa_restorer=0x7fe11c1e9050}, {sa_handler=SIG_DFL, sa_mask=[], sa_flags=0}, 8) = 0
1846882 rt_sigaction(SIGUSR2, {sa_handler=0x47d9450, sa_mask=[], sa_flags=SA_RESTORER|SA_ONSTACK|SA_NODEFER|SA_RESETHAND|0xffffffff00000000, sa_restorer=0x7fe11c1e9050}, {sa_handler=SIG_DFL, sa_mask=[], sa_flags=0}, 8) = 0
1846882 rt_sigaction(SIGILL, {sa_handler=0x47d9450, sa_mask=[], sa_flags=SA_RESTORER|SA_ONSTACK|SA_NODEFER|SA_RESETHAND|0xffffffff00000000, sa_restorer=0x7fe11c1e9050}, {sa_handler=SIG_DFL, sa_mask=[], sa_flags=0}, 8) = 0
1846882 rt_sigaction(SIGTRAP, {sa_handler=0x47d9450, sa_mask=[], sa_flags=SA_RESTORER|SA_ONSTACK|SA_NODEFER|SA_RESETHAND|0xffffffff00000000, sa_restorer=0x7fe11c1e9050}, {sa_handler=SIG_DFL, sa_mask=[], sa_flags=0}, 8) = 0
1846882 rt_sigaction(SIGABRT, {sa_handler=0x47d9450, sa_mask=[], sa_flags=SA_RESTORER|SA_ONSTACK|SA_NODEFER|SA_RESETHAND|0xffffffff00000000, sa_restorer=0x7fe11c1e9050}, {sa_handler=SIG_DFL, sa_mask=[], sa_flags=0}, 8) = 0
1846882 rt_sigaction(SIGFPE, {sa_handler=0x47d9450, sa_mask=[], sa_flags=SA_RESTORER|SA_ONSTACK|SA_NODEFER|SA_RESETHAND|0xffffffff00000000, sa_restorer=0x7fe11c1e9050}, {sa_handler=SIG_DFL, sa_mask=[], sa_flags=0}, 8) = 0
1846882 rt_sigaction(SIGBUS, {sa_handler=0x47d9450, sa_mask=[], sa_flags=SA_RESTORER|SA_ONSTACK|SA_NODEFER|SA_RESETHAND|0xffffffff00000000, sa_restorer=0x7fe11c1e9050}, {sa_handler=SIG_DFL, sa_mask=[], sa_flags=0}, 8) = 0
1846882 rt_sigaction(SIGSEGV, {sa_handler=0x47d9450, sa_mask=[], sa_flags=SA_RESTORER|SA_ONSTACK|SA_NODEFER|SA_RESETHAND|0xffffffff00000000, sa_restorer=0x7fe11c1e9050}, {sa_handler=SIG_DFL, sa_mask=[], sa_flags=0}, 8) = 0
1846882 rt_sigaction(SIGQUIT, {sa_handler=0x47d9450, sa_mask=[], sa_flags=SA_RESTORER|SA_ONSTACK|SA_NODEFER|SA_RESETHAND|0xffffffff00000000, sa_restorer=0x7fe11c1e9050}, {sa_handler=SIG_DFL, sa_mask=[], sa_flags=0}, 8) = 0
1846882 rt_sigaction(SIGSYS, {sa_handler=0x47d9450, sa_mask=[], sa_flags=SA_RESTORER|SA_ONSTACK|SA_NODEFER|SA_RESETHAND|0xffffffff00000000, sa_restorer=0x7fe11c1e9050}, {sa_handler=SIG_DFL, sa_mask=[], sa_flags=0}, 8) = 0
1846882 rt_sigaction(SIGXCPU, {sa_handler=0x47d9450, sa_mask=[], sa_flags=SA_RESTORER|SA_ONSTACK|SA_NODEFER|SA_RESETHAND|0xffffffff00000000, sa_restorer=0x7fe11c1e9050}, {sa_handler=SIG_DFL, sa_mask=[], sa_flags=0}, 8) = 0
1846882 rt_sigaction(SIGXFSZ, {sa_handler=0x47d9450, sa_mask=[], sa_flags=SA_RESTORER|SA_ONSTACK|SA_NODEFER|SA_RESETHAND|0xffffffff00000000, sa_restorer=0x7fe11c1e9050}, {sa_handler=SIG_DFL, sa_mask=[], sa_flags=0}, 8) = 0
1846882 rt_sigaction(SIGPIPE, {sa_handler=0x47d9450, sa_mask=[], sa_flags=SA_RESTORER|SA_ONSTACK|SA_NODEFER|SA_RESETHAND|0xffffffff00000000, sa_restorer=0x7fe11c1e9050}, {sa_handler=SIG_DFL, sa_mask=[], sa_flags=0}, 8) = 0
1846882 rt_sigaction(SIGUSR1, {sa_handler=0x47d9160, sa_mask=[], sa_flags=SA_RESTORER|SA_ONSTACK, sa_restorer=0x7fe11c1e9050}, {sa_handler=SIG_DFL, sa_mask=[], sa_flags=0}, 8) = 0
1846882 gettid()                        = 1846882
1846882 fstat(0, {st_mode=S_IFCHR|0600, st_rdev=makedev(0x88, 0x4), ...}) = 0
1846882 fstat(1, {st_mode=S_IFIFO|0600, st_size=0, ...}) = 0
1846882 fstat(2, {st_mode=S_IFCHR|0666, st_rdev=makedev(0x1, 0x3), ...}) = 0
1846882 gettid()                        = 1846882
1846882 gettid()                        = 1846882
1846882 gettid()                        = 1846882
1846882 gettid()                        = 1846882
1846882 gettid()                        = 1846882
1846882 gettid()                        = 1846882
1846882 gettid()                        = 1846882
1846882 gettid()                        = 1846882
1846882 gettid()                        = 1846882
1846882 gettid()                        = 1846882
1846882 gettid()                        = 1846882
1846882 gettid()                        = 1846882
1846882 gettid()                        = 1846882
1846882 gettid()                        = 1846882
1846882 gettid()                        = 1846882
1846882 gettid()                        = 1846882
1846882 gettid()                        = 1846882
1846882 mmap(NULL, 192512, PROT_READ|PROT_WRITE, MAP_PRIVATE|MAP_ANONYMOUS, -1, 0) = 0x7fe11c19e000
1846882 gettid()                        = 1846882
1846882 access("/proc/self/exe", F_OK)  = 0
1846882 readlink("/proc/self/exe", "/home/shorty/Android/Sdk/ndk/25."..., 4096) = 92
1846882 readlink("/home", 0x7ffd087ecd00, 1023) = -1 EINVAL (Invalid argument)
1846882 readlink("/home/shorty", 0x7ffd087ecd00, 1023) = -1 EINVAL (Invalid argument)
1846882 readlink("/home/shorty/Android", 0x7ffd087ecd00, 1023) = -1 EINVAL (Invalid argument)
1846882 readlink("/home/shorty/Android/Sdk", 0x7ffd087ecd00, 1023) = -1 EINVAL (Invalid argument)
1846882 readlink("/home/shorty/Android/Sdk/ndk", 0x7ffd087ecd00, 1023) = -1 EINVAL (Invalid argument)
1846882 readlink("/home/shorty/Android/Sdk/ndk/25.2.9519653", 0x7ffd087ecd00, 1023) = -1 EINVAL (Invalid argument)
1846882 readlink("/home/shorty/Android/Sdk/ndk/25.2.9519653/toolchains", 0x7ffd087ecd00, 1023) = -1 EINVAL (Invalid argument)
1846882 readlink("/home/shorty/Android/Sdk/ndk/25.2.9519653/toolchains/llvm", 0x7ffd087ecd00, 1023) = -1 EINVAL (Invalid argument)
1846882 readlink("/home/shorty/Android/Sdk/ndk/25.2.9519653/toolchains/llvm/prebuilt", 0x7ffd087ecd00, 1023) = -1 EINVAL (Invalid argument)
1846882 readlink("/home/shorty/Android/Sdk/ndk/25.2.9519653/toolchains/llvm/prebuilt/linux-x86_64", 0x7ffd087ecd00, 1023) = -1 EINVAL (Invalid argument)
1846882 readlink("/home/shorty/Android/Sdk/ndk/25.2.9519653/toolchains/llvm/prebuilt/linux-x86_64/bin", 0x7ffd087ecd00, 1023) = -1 EINVAL (Invalid argument)
1846882 readlink("/home/shorty/Android/Sdk/ndk/25.2.9519653/toolchains/llvm/prebuilt/linux-x86_64/bin/clang-14", 0x7ffd087ecd00, 1023) = -1 EINVAL (Invalid argument)
1846882 ioctl(2, TCGETS, 0x7ffd087edab0) = -1 ENOTTY (Inappropriate ioctl for device)
1846882 gettid()                        = 1846882
1846882 lseek(2, 0, SEEK_CUR)           = 0
1846882 fstat(2, {st_mode=S_IFCHR|0666, st_rdev=makedev(0x1, 0x3), ...}) = 0
1846882 access("/home/shorty/Android/Sdk/ndk/25.2.9519653/toolchains/llvm/prebuilt/linux-x86_64/bin", F_OK) = 0
1846882 rt_sigaction(SIGABRT, {sa_handler=0x47a3f30, sa_mask=[], sa_flags=SA_RESTORER, sa_restorer=0x7fe11c1e9050}, {sa_handler=0x47d9450, sa_mask=[], sa_flags=SA_RESTORER|SA_ONSTACK|SA_NODEFER|SA_RESETHAND, sa_restorer=0x7fe11c1e9050}, 8) = 0
1846882 rt_sigaction(SIGBUS, {sa_handler=0x47a3f30, sa_mask=[], sa_flags=SA_RESTORER, sa_restorer=0x7fe11c1e9050}, {sa_handler=0x47d9450, sa_mask=[], sa_flags=SA_RESTORER|SA_ONSTACK|SA_NODEFER|SA_RESETHAND, sa_restorer=0x7fe11c1e9050}, 8) = 0
1846882 rt_sigaction(SIGFPE, {sa_handler=0x47a3f30, sa_mask=[], sa_flags=SA_RESTORER, sa_restorer=0x7fe11c1e9050}, {sa_handler=0x47d9450, sa_mask=[], sa_flags=SA_RESTORER|SA_ONSTACK|SA_NODEFER|SA_RESETHAND, sa_restorer=0x7fe11c1e9050}, 8) = 0
1846882 rt_sigaction(SIGILL, {sa_handler=0x47a3f30, sa_mask=[], sa_flags=SA_RESTORER, sa_restorer=0x7fe11c1e9050}, {sa_handler=0x47d9450, sa_mask=[], sa_flags=SA_RESTORER|SA_ONSTACK|SA_NODEFER|SA_RESETHAND, sa_restorer=0x7fe11c1e9050}, 8) = 0
1846882 rt_sigaction(SIGSEGV, {sa_handler=0x47a3f30, sa_mask=[], sa_flags=SA_RESTORER, sa_restorer=0x7fe11c1e9050}, {sa_handler=0x47d9450, sa_mask=[], sa_flags=SA_RESTORER|SA_ONSTACK|SA_NODEFER|SA_RESETHAND, sa_restorer=0x7fe11c1e9050}, 8) = 0
1846882 rt_sigaction(SIGTRAP, {sa_handler=0x47a3f30, sa_mask=[], sa_flags=SA_RESTORER, sa_restorer=0x7fe11c1e9050}, {sa_handler=0x47d9450, sa_mask=[], sa_flags=SA_RESTORER|SA_ONSTACK|SA_NODEFER|SA_RESETHAND, sa_restorer=0x7fe11c1e9050}, 8) = 0
1846882 stat("/home/shorty/Android/Sdk/ndk/25.2.9519653/toolchains/llvm/prebuilt/linux-x86_64/lib64/clang/14.0.7/lib/x86_64-unknown-linux-android21", 0x7ffd087ed948) = -1 ENOENT (No such file or directory)
1846882 gettid()                        = 1846882
1846882 stat("/home/shorty/Android/Sdk/ndk/25.2.9519653/toolchains/llvm/prebuilt/linux-x86_64/lib64/clang/14.0.7/lib/x86_64-unknown-linux-android", 0x7ffd087ed948) = -1 ENOENT (No such file or directory)
1846882 stat("/home/shorty/Android/Sdk/ndk/25.2.9519653/toolchains/llvm/prebuilt/linux-x86_64/bin/../lib/x86_64-unknown-linux-android21", 0x7ffd087ed948) = -1 ENOENT (No such file or directory)
1846882 stat("/home/shorty/Android/Sdk/ndk/25.2.9519653/toolchains/llvm/prebuilt/linux-x86_64/lib64/clang/14.0.7/lib/linux/x86_64", {st_mode=S_IFDIR|0755, st_size=122, ...}) = 0
1846882 access("/home/shorty/Android/Sdk/ndk/25.2.9519653/toolchains/llvm/prebuilt/linux-x86_64/bin/ptxas", R_OK|X_OK) = -1 ENOENT (No such file or directory)
1846882 access("/home/shorty/.yarn/bin/ptxas", R_OK|X_OK) = -1 ENOENT (No such file or directory)
1846882 access("/home/shorty/.nvm/versions/node/v22.14.0/bin/ptxas", R_OK|X_OK) = -1 ENOENT (No such file or directory)
1846882 access("/home/shorty/.cargo/bin/ptxas", R_OK|X_OK) = -1 ENOENT (No such file or directory)
1846882 access("/home/shorty/bin/ptxas", R_OK|X_OK) = -1 ENOENT (No such file or directory)
1846882 access("/home/shorty/.local/bin/ptxas", R_OK|X_OK) = -1 ENOENT (No such file or directory)
1846882 access("/usr/games/ptxas", R_OK|X_OK) = -1 ENOENT (No such file or directory)
1846882 access("/usr/lib64/qt-3.3/bin/ptxas", R_OK|X_OK) = -1 ENOENT (No such file or directory)
1846882 access("/usr/lib64/ccache/ptxas", R_OK|X_OK) = -1 ENOENT (No such file or directory)
1846882 access("/usr/local/bin/ptxas", R_OK|X_OK) = -1 ENOENT (No such file or directory)
1846882 access("/usr/bin/ptxas", R_OK|X_OK) = -1 ENOENT (No such file or directory)
1846882 access("/bin/ptxas", R_OK|X_OK) = -1 ENOENT (No such file or directory)
1846882 access("/usr/local/sbin/ptxas", R_OK|X_OK) = -1 ENOENT (No such file or directory)
1846882 access("/usr/sbin/ptxas", R_OK|X_OK) = -1 ENOENT (No such file or directory)
1846882 access("/sbin/ptxas", R_OK|X_OK) = -1 ENOENT (No such file or directory)
1846882 access("/home/shorty/.dotnet/tools/ptxas", R_OK|X_OK) = -1 ENOENT (No such file or directory)
1846882 gettid()                        = 1846882
1846882 openat(AT_FDCWD, "/etc/os-release", O_RDONLY|O_CLOEXEC) = 3
1846882 gettid()                        = 1846882
1846882 access("/proc/self/fd", R_OK)   = 0
1846882 readlink("/proc/self/fd/3", "/usr/lib/os-release", 4096) = 19
1846882 gettid()                        = 1846882
1846882 gettid()                        = 1846882
1846882 fstat(3, {st_mode=S_IFREG|0644, st_size=682, ...}) = 0
1846882 pread64(3, "NAME=\"Fedora Linux\"\nVERSION=\"41 "..., 682, 0) = 682
1846882 rt_sigprocmask(SIG_SETMASK, ~[RTMIN RT_1], [], 8) = 0
1846882 close(3)                        = 0
1846882 rt_sigprocmask(SIG_SETMASK, [], NULL, 8) = 0
1846882 stat("/usr/local/cuda", 0x7ffd087ed8f8) = -1 ENOENT (No such file or directory)
1846882 stat("/usr/local/cuda-8.0", 0x7ffd087ed8f8) = -1 ENOENT (No such file or directory)
1846882 stat("/usr/local/cuda-7.5", 0x7ffd087ed8f8) = -1 ENOENT (No such file or directory)
1846882 stat("/usr/local/cuda-7.0", 0x7ffd087ed8f8) = -1 ENOENT (No such file or directory)
1846882 readlink("/home", 0x7ffd087ec050, 1023) = -1 EINVAL (Invalid argument)
1846882 readlink("/home/shorty", 0x7ffd087ec050, 1023) = -1 EINVAL (Invalid argument)
1846882 readlink("/home/shorty/Android", 0x7ffd087ec050, 1023) = -1 EINVAL (Invalid argument)
1846882 readlink("/home/shorty/Android/Sdk", 0x7ffd087ec050, 1023) = -1 EINVAL (Invalid argument)
1846882 readlink("/home/shorty/Android/Sdk/ndk", 0x7ffd087ec050, 1023) = -1 EINVAL (Invalid argument)
1846882 readlink("/home/shorty/Android/Sdk/ndk/25.2.9519653", 0x7ffd087ec050, 1023) = -1 EINVAL (Invalid argument)
1846882 readlink("/home/shorty/Android/Sdk/ndk/25.2.9519653/toolchains", 0x7ffd087ec050, 1023) = -1 EINVAL (Invalid argument)
1846882 readlink("/home/shorty/Android/Sdk/ndk/25.2.9519653/toolchains/llvm", 0x7ffd087ec050, 1023) = -1 EINVAL (Invalid argument)
1846882 readlink("/home/shorty/Android/Sdk/ndk/25.2.9519653/toolchains/llvm/prebuilt", 0x7ffd087ec050, 1023) = -1 EINVAL (Invalid argument)
1846882 readlink("/home/shorty/Android/Sdk/ndk/25.2.9519653/toolchains/llvm/prebuilt/linux-x86_64", 0x7ffd087ec050, 1023) = -1 EINVAL (Invalid argument)
1846882 readlink("/home/shorty/Android/Sdk/ndk/25.2.9519653/toolchains/llvm/prebuilt/linux-x86_64/bin", 0x7ffd087ec050, 1023) = -1 EINVAL (Invalid argument)
1846882 readlink("/home/shorty/Android/Sdk/ndk/25.2.9519653/toolchains/llvm/prebuilt/linux-x86_64/bin/clang-14", 0x7ffd087ec050, 1023) = -1 EINVAL (Invalid argument)
1846882 openat(AT_FDCWD, "/opt", O_RDONLY|O_NONBLOCK|O_CLOEXEC|O_DIRECTORY) = 3
1846882 fstat(3, {st_mode=S_IFDIR|0755, st_size=68, ...}) = 0
1846882 getdents64(3, 0x15188870 /* 7 entries */, 32768) = 208
1846882 getdents64(3, 0x15188870 /* 0 entries */, 32768) = 0
1846882 close(3)                        = 0
1846882 stat("/home/shorty/Android/Sdk/ndk/25.2.9519653/toolchains/llvm/prebuilt/linux-x86_64", {st_mode=S_IFDIR|0755, st_size=374, ...}) = 0
1846882 openat(AT_FDCWD, "/home/shorty/Android/Sdk/ndk/25.2.9519653/toolchains/llvm/prebuilt/linux-x86_64/bin/.hipVersion", O_RDONLY|O_CLOEXEC) = -1 ENOENT (No such file or directory)
1846882 stat("/home/shorty/Android/Sdk/ndk/25.2.9519653/toolchains/llvm/prebuilt/linux-x86_64", {st_mode=S_IFDIR|0755, st_size=374, ...}) = 0
1846882 openat(AT_FDCWD, "/home/shorty/Android/Sdk/ndk/25.2.9519653/toolchains/llvm/prebuilt/linux-x86_64/bin/.hipVersion", O_RDONLY|O_CLOEXEC) = -1 ENOENT (No such file or directory)
1846882 stat("/home/shorty/Android/Sdk/ndk/25.2.9519653/toolchains/llvm/prebuilt/linux-x86_64/lib64/clang/14.0.7", {st_mode=S_IFDIR|0755, st_size=36, ...}) = 0
1846882 openat(AT_FDCWD, "/home/shorty/Android/Sdk/ndk/25.2.9519653/toolchains/llvm/prebuilt/linux-x86_64/lib64/clang/14.0.7/bin/.hipVersion", O_RDONLY|O_CLOEXEC) = -1 ENOENT (No such file or directory)
1846882 stat("/opt/rocm", 0x7ffd087ed6e8) = -1 ENOENT (No such file or directory)
1846882 stat("/etc/env.d/gcc", 0x7ffd087ed5d8) = -1 ENOENT (No such file or directory)
1846882 stat("/home/shorty/Android/Sdk/ndk/25.2.9519653/toolchains/llvm/prebuilt/linux-x86_64/bin/..", {st_mode=S_IFDIR|0755, st_size=374, ...}) = 0
1846882 stat("/home/shorty/Android/Sdk/ndk/25.2.9519653/toolchains/llvm/prebuilt/linux-x86_64/bin/../lib64", {st_mode=S_IFDIR|0755, st_size=752, ...}) = 0
1846882 stat("/home/shorty/Android/Sdk/ndk/25.2.9519653/toolchains/llvm/prebuilt/linux-x86_64/bin/../lib64/gcc", 0x7ffd087ed5d8) = -1 ENOENT (No such file or directory)
1846882 stat("/home/shorty/Android/Sdk/ndk/25.2.9519653/toolchains/llvm/prebuilt/linux-x86_64/bin/../lib64/gcc-cross", 0x7ffd087ed5d8) = -1 ENOENT (No such file or directory)
1846882 stat("/home/shorty/Android/Sdk/ndk/25.2.9519653/toolchains/llvm/prebuilt/linux-x86_64/bin/../lib", {st_mode=S_IFDIR|0755, st_size=172, ...}) = 0
1846882 stat("/home/shorty/Android/Sdk/ndk/25.2.9519653/toolchains/llvm/prebuilt/linux-x86_64/bin/../lib/gcc", 0x7ffd087ed5d8) = -1 ENOENT (No such file or directory)
1846882 stat("/home/shorty/Android/Sdk/ndk/25.2.9519653/toolchains/llvm/prebuilt/linux-x86_64/bin/../lib/gcc-cross", 0x7ffd087ed5d8) = -1 ENOENT (No such file or directory)
1846882 stat("/home/shorty/Android/Sdk/ndk/25.2.9519653/toolchains/llvm/prebuilt/linux-x86_64/bin/../lib32", 0x7ffd087ed5d8) = -1 ENOENT (No such file or directory)
1846882 stat("/home/shorty/Android/Sdk/ndk/25.2.9519653/toolchains/llvm/prebuilt/linux-x86_64/bin/../lib", {st_mode=S_IFDIR|0755, st_size=172, ...}) = 0
1846882 stat("/home/shorty/Android/Sdk/ndk/25.2.9519653/toolchains/llvm/prebuilt/linux-x86_64/bin/../lib/gcc", 0x7ffd087ed5d8) = -1 ENOENT (No such file or directory)
1846882 stat("/home/shorty/Android/Sdk/ndk/25.2.9519653/toolchains/llvm/prebuilt/linux-x86_64/bin/../lib/gcc-cross", 0x7ffd087ed5d8) = -1 ENOENT (No such file or directory)
1846882 stat("/opt/rh/gcc-toolset-10/root/usr", 0x7ffd087ed5d8) = -1 ENOENT (No such file or directory)
1846882 stat("/opt/rh/devtoolset-10/root/usr", 0x7ffd087ed5d8) = -1 ENOENT (No such file or directory)
1846882 stat("/opt/rh/devtoolset-9/root/usr", 0x7ffd087ed5d8) = -1 ENOENT (No such file or directory)
1846882 stat("/opt/rh/devtoolset-8/root/usr", 0x7ffd087ed5d8) = -1 ENOENT (No such file or directory)
1846882 stat("/opt/rh/devtoolset-7/root/usr", 0x7ffd087ed5d8) = -1 ENOENT (No such file or directory)
1846882 stat("/opt/rh/devtoolset-6/root/usr", 0x7ffd087ed5d8) = -1 ENOENT (No such file or directory)
1846882 stat("/opt/rh/devtoolset-4/root/usr", 0x7ffd087ed5d8) = -1 ENOENT (No such file or directory)
1846882 stat("/opt/rh/devtoolset-3/root/usr", 0x7ffd087ed5d8) = -1 ENOENT (No such file or directory)
1846882 stat("/opt/rh/devtoolset-2/root/usr", 0x7ffd087ed5d8) = -1 ENOENT (No such file or directory)
1846882 stat("/usr", {st_mode=S_IFDIR|0755, st_size=228, ...}) = 0
1846882 stat("/usr/lib64", {st_mode=S_IFDIR|0555, st_size=227572, ...}) = 0
1846882 stat("/usr/lib64/gcc", 0x7ffd087ed5d8) = -1 ENOENT (No such file or directory)
1846882 stat("/usr/lib64/gcc-cross", 0x7ffd087ed5d8) = -1 ENOENT (No such file or directory)
1846882 stat("/usr/lib", {st_mode=S_IFDIR|0555, st_size=34628, ...}) = 0
1846882 stat("/usr/lib/gcc", {st_mode=S_IFDIR|0755, st_size=140, ...}) = 0
1846882 stat("/usr/lib/gcc-cross", 0x7ffd087ed5d8) = -1 ENOENT (No such file or directory)
1846882 openat(AT_FDCWD, "/usr/lib/gcc/x86_64-unknown-linux-android21", O_RDONLY|O_NONBLOCK|O_CLOEXEC|O_DIRECTORY) = -1 ENOENT (No such file or directory)
1846882 openat(AT_FDCWD, "/usr/lib/gcc/x86_64-linux-android", O_RDONLY|O_NONBLOCK|O_CLOEXEC|O_DIRECTORY) = -1 ENOENT (No such file or directory)
1846882 stat("/usr/lib32", 0x7ffd087ed5d8) = -1 ENOENT (No such file or directory)
1846882 stat("/usr/lib", {st_mode=S_IFDIR|0555, st_size=34628, ...}) = 0
1846882 stat("/usr/lib/gcc", {st_mode=S_IFDIR|0755, st_size=140, ...}) = 0
1846882 stat("/usr/lib/gcc-cross", 0x7ffd087ed5d8) = -1 ENOENT (No such file or directory)
1846882 openat(AT_FDCWD, "/usr/lib/gcc/i686-linux-android", O_RDONLY|O_NONBLOCK|O_CLOEXEC|O_DIRECTORY) = -1 ENOENT (No such file or directory)
1846882 stat("/home/shorty/Android/Sdk/ndk/25.2.9519653/toolchains/llvm/prebuilt/linux-x86_64/bin/../sysroot", {st_mode=S_IFDIR|0755, st_size=18, ...}) = 0
1846882 stat("/home/shorty/Android/Sdk/ndk/25.2.9519653/toolchains/llvm/prebuilt/linux-x86_64/bin/../sysroot/lib/x86_64-linux-android", 0x7ffd087edb98) = -1 ENOENT (No such file or directory)
1846882 stat("/home/shorty/Android/Sdk/ndk/25.2.9519653/toolchains/llvm/prebuilt/linux-x86_64/bin/../sysroot/lib/../lib64", 0x7ffd087edb98) = -1 ENOENT (No such file or directory)
1846882 stat("/home/shorty/Android/Sdk/ndk/25.2.9519653/toolchains/llvm/prebuilt/linux-x86_64/bin/../sysroot/usr/lib/x86_64-linux-android/21", {st_mode=S_IFDIR|0755, st_size=526, ...}) = 0
1846882 stat("/home/shorty/Android/Sdk/ndk/25.2.9519653/toolchains/llvm/prebuilt/linux-x86_64/bin/../sysroot/usr/lib/x86_64-linux-android", {st_mode=S_IFDIR|0755, st_size=250, ...}) = 0
1846882 stat("/home/shorty/Android/Sdk/ndk/25.2.9519653/toolchains/llvm/prebuilt/linux-x86_64/bin/../sysroot/usr/lib/../lib64", 0x7ffd087edb98) = -1 ENOENT (No such file or directory)
1846882 stat("/home/shorty/Android/Sdk/ndk/25.2.9519653/toolchains/llvm/prebuilt/linux-x86_64/bin/../sysroot/lib", 0x7ffd087edb98) = -1 ENOENT (No such file or directory)
1846882 stat("/home/shorty/Android/Sdk/ndk/25.2.9519653/toolchains/llvm/prebuilt/linux-x86_64/bin/../sysroot/usr/lib", {st_mode=S_IFDIR|0755, st_size=160, ...}) = 0
1846882 stat("/dev/null", {st_mode=S_IFCHR|0666, st_rdev=makedev(0x1, 0x3), ...}) = 0
1846882 stat("/home/shorty/projects/external/love-android/love/src/jni/LuaJIT-2.1/src", {st_mode=S_IFDIR|0755, st_size=3556, ...}) = 0
1846882 stat(".", {st_mode=S_IFDIR|0755, st_size=3556, ...}) = 0
1846882 stat("/home/shorty/Android/Sdk/ndk/25.2.9519653/toolchains/llvm/prebuilt/linux-x86_64/bin/../sysroot", {st_mode=S_IFDIR|0755, st_size=18, ...}) = 0
1846882 stat("/home/shorty/Android/Sdk/ndk/25.2.9519653/toolchains/llvm/prebuilt/linux-x86_64/bin/../sysroot/usr/include/x86_64-linux-android", {st_mode=S_IFDIR|0755, st_size=6, ...}) = 0
1846882 stat("/home/shorty/projects/external/love-android/love/src/jni/LuaJIT-2.1/src", {st_mode=S_IFDIR|0755, st_size=3556, ...}) = 0
1846882 stat(".", {st_mode=S_IFDIR|0755, st_size=3556, ...}) = 0
1846882 ioctl(2, TCGETS, 0x7ffd087ecef0) = -1 ENOTTY (Inappropriate ioctl for device)
1846882 gettid()                        = 1846882
1846882 prlimit64(0, RLIMIT_STACK, NULL, {rlim_cur=8192*1024, rlim_max=RLIM64_INFINITY}) = 0
1846882 prlimit64(0, RLIMIT_STACK, NULL, {rlim_cur=8192*1024, rlim_max=RLIM64_INFINITY}) = 0
1846882 openat(AT_FDCWD, "/proc/self/stat", O_RDONLY) = 3
1846882 fstat(3, {st_mode=S_IFREG|0444, st_size=0, ...}) = 0
1846882 read(3, "1846882 (clang) R 1846880 184686"..., 1024) = 308
1846882 close(3)                        = 0
1846882 gettid()                        = 1846882
1846882 gettid()                        = 1846882
1846882 gettid()                        = 1846882
1846882 gettid()                        = 1846882
1846882 mmap(NULL, 200704, PROT_READ|PROT_WRITE, MAP_PRIVATE|MAP_ANONYMOUS, -1, 0) = 0x7fe11c16d000
1846882 brk(0x151c8000)                 = 0x151c8000
1846882 stat("/home/shorty/Android/Sdk/ndk/25.2.9519653/toolchains/llvm/prebuilt/linux-x86_64/lib64/clang/14.0.7/include", {st_mode=S_IFDIR|0755, st_size=4678, ...}) = 0
1846882 stat("/home/shorty/Android/Sdk/ndk/25.2.9519653/toolchains/llvm/prebuilt/linux-x86_64/bin/../sysroot/usr/local/include", {st_mode=S_IFDIR|0755, st_size=96, ...}) = 0
1846882 stat("/home/shorty/Android/Sdk/ndk/25.2.9519653/toolchains/llvm/prebuilt/linux-x86_64/bin/../sysroot/usr/include/x86_64-linux-android", {st_mode=S_IFDIR|0755, st_size=6, ...}) = 0
1846882 stat("/home/shorty/Android/Sdk/ndk/25.2.9519653/toolchains/llvm/prebuilt/linux-x86_64/bin/../sysroot/include", 0x7ffd087ecab8) = -1 ENOENT (No such file or directory)
1846882 stat("/home/shorty/Android/Sdk/ndk/25.2.9519653/toolchains/llvm/prebuilt/linux-x86_64/bin/../sysroot", {st_mode=S_IFDIR|0755, st_size=18, ...}) = 0
1846882 stat("/home/shorty/Android/Sdk/ndk/25.2.9519653/toolchains/llvm/prebuilt/linux-x86_64/bin/../sysroot/include", 0x7ffd087eca48) = -1 ENOENT (No such file or directory)
1846882 stat("/home/shorty/Android/Sdk/ndk/25.2.9519653/toolchains/llvm/prebuilt/linux-x86_64/bin/../sysroot/usr/include", {st_mode=S_IFDIR|0755, st_size=1734, ...}) = 0
1846882 stat("/dev", {st_mode=S_IFDIR|0755, st_size=4700, ...}) = 0
1846882 openat(AT_FDCWD, "/dev/null", O_RDONLY|O_CLOEXEC) = 3
1846882 readlink("/proc/self/fd/3", "/dev/null", 4096) = 9
1846882 fstat(3, {st_mode=S_IFCHR|0666, st_rdev=makedev(0x1, 0x3), ...}) = 0
1846882 gettid()                        = 1846882
1846882 stat("/dev/null", {st_mode=S_IFCHR|0666, st_rdev=makedev(0x1, 0x3), ...}) = 0
1846882 access("/dev/null", W_OK)       = 0
1846882 openat(AT_FDCWD, "/dev/null", O_WRONLY|O_CREAT|O_TRUNC|O_CLOEXEC, 0666) = 4
1846882 lseek(4, 0, SEEK_CUR)           = 0
1846882 fstat(4, {st_mode=S_IFCHR|0666, st_rdev=makedev(0x1, 0x3), ...}) = 0
1846882 brk(0x151e9000)                 = 0x151e9000
1846882 brk(0x1520a000)                 = 0x1520a000
1846882 rt_sigprocmask(SIG_SETMASK, ~[RTMIN RT_1], [], 8) = 0
1846882 close(3)                        = 0
1846882 rt_sigprocmask(SIG_SETMASK, [], NULL, 8) = 0
1846882 brk(0x1522b000)                 = 0x1522b000
1846882 brk(0x1524c000)                 = 0x1524c000
1846882 brk(0x1526d000)                 = 0x1526d000
1846882 fstat(4, {st_mode=S_IFCHR|0666, st_rdev=makedev(0x1, 0x3), ...}) = 0
1846882 ioctl(4, TCGETS, 0x7ffd087ea930) = -1 ENOTTY (Inappropriate ioctl for device)
1846882 write(4, "\177ELF\2\1\1\0\0\0\0\0\0\0\0\0\1\0>\0\1\0\0\0\0\0\0\0\0\0\0\0"..., 712) = 712
1846882 lseek(4, 40, SEEK_SET)          = 0
1846882 write(4, "H\1\0\0\0\0\0\0", 8)  = 8
1846882 lseek(4, 712, SEEK_SET)         = 0
1846882 lseek(4, 60, SEEK_SET)          = 0
1846882 write(4, "\6\0", 2)             = 2
1846882 lseek(4, 0, SEEK_SET)           = 0
1846882 rt_sigprocmask(SIG_SETMASK, ~[RTMIN RT_1], [], 8) = 0
1846882 close(4)                        = 0
1846882 rt_sigprocmask(SIG_SETMASK, [], NULL, 8) = 0
1846882 exit_group(0)                   = ?
1846882 +++ exited with 0 +++
1846880 <... wait4 resumed>[{WIFEXITED(s) && WEXITSTATUS(s) == 0}], 0, NULL) = 1846882
1846880 rt_sigaction(SIGINT, {sa_handler=SIG_DFL, sa_mask=[], sa_flags=SA_RESTORER, sa_restorer=0x7fab2a65d050}, {sa_handler=0x55b74a7b6580, sa_mask=[], sa_flags=SA_RESTORER, sa_restorer=0x7fab2a65d050}, 8) = 0
1846880 ioctl(2, TIOCGWINSZ, 0x7ffc2d40ca50) = -1 ENOTTY (Inappropriate ioctl for device)
1846880 rt_sigprocmask(SIG_SETMASK, [], NULL, 8) = 0
1846880 --- SIGCHLD {si_signo=SIGCHLD, si_code=CLD_EXITED, si_pid=1846882, si_uid=1000, si_status=0, si_utime=0, si_stime=1 /* 0.01 s */} ---
1846880 wait4(-1, 0x7ffc2d40bc90, WNOHANG, NULL) = -1 ECHILD (No child processes)
1846880 rt_sigreturn({mask=[]})         = 0
1846880 read(255, "", 192)              = 0
1846880 rt_sigprocmask(SIG_BLOCK, [CHLD], [], 8) = 0
1846880 rt_sigprocmask(SIG_SETMASK, [], NULL, 8) = 0
1846880 exit_group(0)                   = ?
1846880 +++ exited with 0 +++
1846879 <... wait4 resumed>[{WIFEXITED(s) && WEXITSTATUS(s) == 0}], 0, NULL) = 1846880
1846879 rt_sigaction(SIGINT, {sa_handler=SIG_DFL, sa_mask=[], sa_flags=SA_RESTORER, sa_restorer=0x7fd7ff4b5050}, {sa_handler=0x5589d0a23580, sa_mask=[], sa_flags=SA_RESTORER, sa_restorer=0x7fd7ff4b5050}, 8) = 0
1846879 ioctl(2, TIOCGWINSZ, {ws_row=24, ws_col=222, ws_xpixel=1776, ws_ypixel=449}) = 0
1846879 rt_sigprocmask(SIG_SETMASK, [], NULL, 8) = 0
1846879 --- SIGCHLD {si_signo=SIGCHLD, si_code=CLD_EXITED, si_pid=1846880, si_uid=1000, si_status=0, si_utime=0, si_stime=0} ---
1846879 wait4(-1, 0x7ffc6ec4c090, WNOHANG, NULL) = -1 ECHILD (No child processes)
1846879 rt_sigreturn({mask=[]})         = 0
1846879 rt_sigprocmask(SIG_BLOCK, [CHLD], [], 8) = 0
1846879 rt_sigprocmask(SIG_SETMASK, [], NULL, 8) = 0
1846879 exit_group(0)                   = ?
1846879 +++ exited with 0 +++
1846874 <... read resumed>"", 200)      = 0
1846874 close(6)                        = 0
1846874 wait4(-1, [{WIFEXITED(s) && WEXITSTATUS(s) == 0}], 0, NULL) = 1846879
1846874 read(5, "ARGET_DYLIBPATH) -compatibility_"..., 4096) = 4096
1846874 pipe2([6, 7], 0)                = 0
1846874 fcntl(7, F_GETFD)               = 0
1846874 fcntl(7, F_SETFD, FD_CLOEXEC)   = 0
1846874 fcntl(6, F_GETFD)               = 0
1846874 fcntl(6, F_SETFD, FD_CLOEXEC)   = 0
1846874 prlimit64(0, RLIMIT_NOFILE, NULL, {rlim_cur=1024, rlim_max=1024*1024}) = 0
1846874 prlimit64(0, RLIMIT_NOFILE, NULL, {rlim_cur=1024, rlim_max=1024*1024}) = 0
1846874 newfstatat(AT_FDCWD, "/bin/sh", {st_mode=S_IFREG|0755, st_size=1414688, ...}, 0) = 0
1846874 geteuid()                       = 1000
1846874 getegid()                       = 1000
1846874 getuid()                        = 1000
1846874 getgid()                        = 1000
1846874 access("/bin/sh", X_OK)         = 0
1846874 newfstatat(AT_FDCWD, "/bin/sh", {st_mode=S_IFREG|0755, st_size=1414688, ...}, 0) = 0
1846874 mmap(NULL, 36864, PROT_READ|PROT_WRITE, MAP_PRIVATE|MAP_ANONYMOUS|MAP_STACK, -1, 0) = 0x7ffb1eeaf000
1846874 rt_sigprocmask(SIG_BLOCK, ~[], [CHLD], 8) = 0
1846874 clone3({flags=CLONE_VM|CLONE_VFORK|CLONE_CLEAR_SIGHAND, exit_signal=SIGCHLD, stack=0x7ffb1eeaf000, stack_size=0x9000}, 88 <unfinished ...>
1846887 rt_sigprocmask(SIG_BLOCK, NULL, ~[KILL STOP], 8) = 0
1846887 dup2(7, 1)                      = 1
1846887 rt_sigprocmask(SIG_SETMASK, [], NULL, 8) = 0
1846887 execve("/bin/sh", ["/bin/sh", "-c", "exec 2>/dev/null; echo 'extern v"...], 0x55ece1dcd350 /* 111 vars */ <unfinished ...>
1846874 <... clone3 resumed>)           = 1846887
1846874 munmap(0x7ffb1eeaf000, 36864)   = 0
1846874 rt_sigprocmask(SIG_SETMASK, [CHLD], NULL, 8) = 0
1846887 <... execve resumed>)           = 0
1846874 close(7)                        = 0
1846874 read(6,  <unfinished ...>
1846887 brk(NULL)                       = 0x55ac497c4000
1846887 access("/etc/ld.so.preload", R_OK) = -1 ENOENT (No such file or directory)
1846887 openat(AT_FDCWD, "/etc/ld.so.cache", O_RDONLY|O_CLOEXEC) = 3
1846887 fstat(3, {st_mode=S_IFREG|0644, st_size=171419, ...}) = 0
1846887 mmap(NULL, 171419, PROT_READ, MAP_PRIVATE, 3, 0) = 0x7fcd892a3000
1846887 close(3)                        = 0
1846887 mmap(NULL, 8192, PROT_READ|PROT_WRITE, MAP_PRIVATE|MAP_ANONYMOUS, -1, 0) = 0x7fcd892a1000
1846887 openat(AT_FDCWD, "/lib64/libtinfo.so.6", O_RDONLY|O_CLOEXEC) = 3
1846887 read(3, "\177ELF\2\1\1\0\0\0\0\0\0\0\0\0\3\0>\0\1\0\0\0\0\0\0\0\0\0\0\0"..., 832) = 832
1846887 fstat(3, {st_mode=S_IFREG|0755, st_size=187416, ...}) = 0
1846887 mmap(NULL, 186656, PROT_READ, MAP_PRIVATE|MAP_DENYWRITE, 3, 0) = 0x7fcd89273000
1846887 mmap(0x7fcd89279000, 86016, PROT_READ|PROT_EXEC, MAP_PRIVATE|MAP_FIXED|MAP_DENYWRITE, 3, 0x6000) = 0x7fcd89279000
1846887 mmap(0x7fcd8928e000, 57344, PROT_READ, MAP_PRIVATE|MAP_FIXED|MAP_DENYWRITE, 3, 0x1b000) = 0x7fcd8928e000
1846887 mmap(0x7fcd8929c000, 20480, PROT_READ|PROT_WRITE, MAP_PRIVATE|MAP_FIXED|MAP_DENYWRITE, 3, 0x28000) = 0x7fcd8929c000
1846887 close(3)                        = 0
1846887 openat(AT_FDCWD, "/lib64/libc.so.6", O_RDONLY|O_CLOEXEC) = 3
1846887 read(3, "\177ELF\2\1\1\3\0\0\0\0\0\0\0\0\3\0>\0\1\0\0\0 4\0\0\0\0\0\0"..., 832) = 832
1846887 pread64(3, "\6\0\0\0\4\0\0\0@\0\0\0\0\0\0\0@\0\0\0\0\0\0\0@\0\0\0\0\0\0\0"..., 784, 64) = 784
1846887 fstat(3, {st_mode=S_IFREG|0755, st_size=2454144, ...}) = 0
1846887 pread64(3, "\6\0\0\0\4\0\0\0@\0\0\0\0\0\0\0@\0\0\0\0\0\0\0@\0\0\0\0\0\0\0"..., 784, 64) = 784
1846887 mmap(NULL, 2042904, PROT_READ, MAP_PRIVATE|MAP_DENYWRITE, 3, 0) = 0x7fcd89080000
1846887 mmap(0x7fcd89081000, 1503232, PROT_READ|PROT_EXEC, MAP_PRIVATE|MAP_FIXED|MAP_DENYWRITE, 3, 0x1000) = 0x7fcd89081000
1846887 mmap(0x7fcd891f0000, 479232, PROT_READ, MAP_PRIVATE|MAP_FIXED|MAP_DENYWRITE, 3, 0x170000) = 0x7fcd891f0000
1846887 mmap(0x7fcd89265000, 24576, PROT_READ|PROT_WRITE, MAP_PRIVATE|MAP_FIXED|MAP_DENYWRITE, 3, 0x1e5000) = 0x7fcd89265000
1846887 mmap(0x7fcd8926b000, 31768, PROT_READ|PROT_WRITE, MAP_PRIVATE|MAP_FIXED|MAP_ANONYMOUS, -1, 0) = 0x7fcd8926b000
1846887 close(3)                        = 0
1846887 mmap(NULL, 12288, PROT_READ|PROT_WRITE, MAP_PRIVATE|MAP_ANONYMOUS, -1, 0) = 0x7fcd8907d000
1846887 arch_prctl(ARCH_SET_FS, 0x7fcd8907d740) = 0
1846887 set_tid_address(0x7fcd8907da10) = 1846887
1846887 set_robust_list(0x7fcd8907da20, 24) = 0
1846887 rseq(0x7fcd8907e060, 0x20, 0, 0x53053053) = 0
1846887 mprotect(0x7fcd89265000, 16384, PROT_READ) = 0
1846887 mprotect(0x7fcd8929c000, 16384, PROT_READ) = 0
1846887 mprotect(0x55ac36bf8000, 16384, PROT_READ) = 0
1846887 mprotect(0x7fcd89308000, 8192, PROT_READ) = 0
1846887 prlimit64(0, RLIMIT_STACK, NULL, {rlim_cur=8192*1024, rlim_max=RLIM64_INFINITY}) = 0
1846887 munmap(0x7fcd892a3000, 171419)  = 0
1846887 openat(AT_FDCWD, "/dev/tty", O_RDWR|O_NONBLOCK) = 3
1846887 close(3)                        = 0
1846887 getrandom("\x93\x3f\x52\x76\xba\x64\xca\x04", 8, GRND_NONBLOCK) = 8
1846887 brk(NULL)                       = 0x55ac497c4000
1846887 brk(0x55ac497e5000)             = 0x55ac497e5000
1846887 openat(AT_FDCWD, "/usr/lib/locale/locale-archive", O_RDONLY|O_CLOEXEC) = 3
1846887 fstat(3, {st_mode=S_IFREG|0644, st_size=232351648, ...}) = 0
1846887 mmap(NULL, 232351648, PROT_READ, MAP_PRIVATE, 3, 0) = 0x7fcd7b200000
1846887 close(3)                        = 0
1846887 openat(AT_FDCWD, "/usr/lib64/gconv/gconv-modules.cache", O_RDONLY|O_CLOEXEC) = 3
1846887 fstat(3, {st_mode=S_IFREG|0644, st_size=27012, ...}) = 0
1846887 mmap(NULL, 27012, PROT_READ, MAP_SHARED, 3, 0) = 0x7fcd892c6000
1846887 close(3)                        = 0
1846887 futex(0x7fcd8926a72c, FUTEX_WAKE_PRIVATE, 2147483647) = 0
1846887 getuid()                        = 1000
1846887 getgid()                        = 1000
1846887 geteuid()                       = 1000
1846887 getegid()                       = 1000
1846887 rt_sigprocmask(SIG_BLOCK, NULL, [], 8) = 0
1846887 rt_sigaction(SIGCHLD, {sa_handler=SIG_DFL, sa_mask=[], sa_flags=SA_RESTORER|SA_RESTART, sa_restorer=0x7fcd8909a050}, {sa_handler=SIG_DFL, sa_mask=[], sa_flags=0}, 8) = 0
1846887 rt_sigaction(SIGCHLD, {sa_handler=SIG_DFL, sa_mask=[], sa_flags=SA_RESTORER|SA_RESTART, sa_restorer=0x7fcd8909a050}, {sa_handler=SIG_DFL, sa_mask=[], sa_flags=SA_RESTORER|SA_RESTART, sa_restorer=0x7fcd8909a050}, 8) = 0
1846887 rt_sigaction(SIGINT, {sa_handler=SIG_DFL, sa_mask=[], sa_flags=SA_RESTORER, sa_restorer=0x7fcd8909a050}, {sa_handler=SIG_DFL, sa_mask=[], sa_flags=0}, 8) = 0
1846887 rt_sigaction(SIGINT, {sa_handler=SIG_DFL, sa_mask=[], sa_flags=SA_RESTORER, sa_restorer=0x7fcd8909a050}, {sa_handler=SIG_DFL, sa_mask=[], sa_flags=SA_RESTORER, sa_restorer=0x7fcd8909a050}, 8) = 0
1846887 rt_sigaction(SIGQUIT, {sa_handler=SIG_DFL, sa_mask=[], sa_flags=SA_RESTORER, sa_restorer=0x7fcd8909a050}, {sa_handler=SIG_DFL, sa_mask=[], sa_flags=0}, 8) = 0
1846887 rt_sigaction(SIGQUIT, {sa_handler=SIG_DFL, sa_mask=[], sa_flags=SA_RESTORER, sa_restorer=0x7fcd8909a050}, {sa_handler=SIG_DFL, sa_mask=[], sa_flags=SA_RESTORER, sa_restorer=0x7fcd8909a050}, 8) = 0
1846887 rt_sigaction(SIGTSTP, {sa_handler=SIG_DFL, sa_mask=[], sa_flags=SA_RESTORER, sa_restorer=0x7fcd8909a050}, {sa_handler=SIG_DFL, sa_mask=[], sa_flags=0}, 8) = 0
1846887 rt_sigaction(SIGTSTP, {sa_handler=SIG_DFL, sa_mask=[], sa_flags=SA_RESTORER, sa_restorer=0x7fcd8909a050}, {sa_handler=SIG_DFL, sa_mask=[], sa_flags=SA_RESTORER, sa_restorer=0x7fcd8909a050}, 8) = 0
1846887 rt_sigaction(SIGTTIN, {sa_handler=SIG_DFL, sa_mask=[], sa_flags=SA_RESTORER, sa_restorer=0x7fcd8909a050}, {sa_handler=SIG_DFL, sa_mask=[], sa_flags=0}, 8) = 0
1846887 rt_sigaction(SIGTTIN, {sa_handler=SIG_DFL, sa_mask=[], sa_flags=SA_RESTORER, sa_restorer=0x7fcd8909a050}, {sa_handler=SIG_DFL, sa_mask=[], sa_flags=SA_RESTORER, sa_restorer=0x7fcd8909a050}, 8) = 0
1846887 rt_sigaction(SIGTTOU, {sa_handler=SIG_DFL, sa_mask=[], sa_flags=SA_RESTORER, sa_restorer=0x7fcd8909a050}, {sa_handler=SIG_DFL, sa_mask=[], sa_flags=0}, 8) = 0
1846887 rt_sigaction(SIGTTOU, {sa_handler=SIG_DFL, sa_mask=[], sa_flags=SA_RESTORER, sa_restorer=0x7fcd8909a050}, {sa_handler=SIG_DFL, sa_mask=[], sa_flags=SA_RESTORER, sa_restorer=0x7fcd8909a050}, 8) = 0
1846887 rt_sigprocmask(SIG_BLOCK, NULL, [], 8) = 0
1846887 rt_sigaction(SIGQUIT, {sa_handler=SIG_IGN, sa_mask=[], sa_flags=SA_RESTORER, sa_restorer=0x7fcd8909a050}, {sa_handler=SIG_DFL, sa_mask=[], sa_flags=SA_RESTORER, sa_restorer=0x7fcd8909a050}, 8) = 0
1846887 uname({sysname="Linux", nodename="Shorty-Laptop", ...}) = 0
1846887 newfstatat(AT_FDCWD, "/home/shorty/projects/external/love-android/love/src/jni/LuaJIT-2.1", {st_mode=S_IFDIR|0755, st_size=274, ...}, 0) = 0
1846887 newfstatat(AT_FDCWD, ".", {st_mode=S_IFDIR|0755, st_size=3556, ...}, 0) = 0
1846887 getcwd("/home/shorty/projects/external/love-android/love/src/jni/LuaJIT-2.1/src", 4096) = 72
1846887 getpid()                        = 1846887
1846887 getppid()                       = 1846874
1846887 getpid()                        = 1846887
1846887 getppid()                       = 1846874
1846887 getpid()                        = 1846887
1846887 getppid()                       = 1846874
1846887 getpgrp()                       = 1846868
1846887 ioctl(2, TIOCGPGRP, [1846868])  = 0
1846887 rt_sigaction(SIGCHLD, {sa_handler=0x55ac36ae7140, sa_mask=[], sa_flags=SA_RESTORER|SA_RESTART, sa_restorer=0x7fcd8909a050}, {sa_handler=SIG_DFL, sa_mask=[], sa_flags=SA_RESTORER|SA_RESTART, sa_restorer=0x7fcd8909a050}, 8) = 0
1846887 prlimit64(0, RLIMIT_NPROC, NULL, {rlim_cur=126640, rlim_max=126640}) = 0
1846887 rt_sigprocmask(SIG_BLOCK, NULL, [], 8) = 0
1846887 rt_sigprocmask(SIG_BLOCK, NULL, [], 8) = 0
1846887 openat(AT_FDCWD, "/dev/null", O_WRONLY|O_CREAT|O_TRUNC, 0666) = 3
1846887 fcntl(2, F_GETFD)               = 0
1846887 fcntl(2, F_DUPFD, 10)           = 10
1846887 fcntl(2, F_GETFD)               = 0
1846887 fcntl(10, F_SETFD, FD_CLOEXEC)  = 0
1846887 dup2(3, 2)                      = 2
1846887 close(3)                        = 0
1846887 close(10)                       = 0
1846887 rt_sigprocmask(SIG_BLOCK, [CHLD], [], 8) = 0
1846887 fcntl(0, F_GETFD)               = 0
1846887 pipe2([3, 4], 0)                = 0
1846887 rt_sigprocmask(SIG_BLOCK, NULL, [CHLD], 8) = 0
1846887 rt_sigprocmask(SIG_BLOCK, [INT TERM CHLD], [CHLD], 8) = 0
1846887 clone(child_stack=NULL, flags=CLONE_CHILD_CLEARTID|CLONE_CHILD_SETTID|SIGCHLD, child_tidptr=0x7fcd8907da10) = 1846889
1846887 rt_sigprocmask(SIG_SETMASK, [CHLD], NULL, 8) = 0
1846889 set_robust_list(0x7fcd8907da20, 24 <unfinished ...>
1846887 close(4 <unfinished ...>
1846889 <... set_robust_list resumed>)  = 0
1846887 <... close resumed>)            = 0
1846887 close(4)                        = -1 EBADF (Bad file descriptor)
1846889 getpid()                        = 1846889
1846887 rt_sigprocmask(SIG_BLOCK, NULL,  <unfinished ...>
1846889 rt_sigprocmask(SIG_SETMASK, [],  <unfinished ...>
1846887 <... rt_sigprocmask resumed>[CHLD], 8) = 0
1846889 <... rt_sigprocmask resumed>NULL, 8) = 0
1846887 rt_sigprocmask(SIG_BLOCK, [INT TERM CHLD],  <unfinished ...>
1846889 rt_sigaction(SIGTSTP, {sa_handler=SIG_DFL, sa_mask=[], sa_flags=SA_RESTORER, sa_restorer=0x7fcd8909a050},  <unfinished ...>
1846887 <... rt_sigprocmask resumed>[CHLD], 8) = 0
1846889 <... rt_sigaction resumed>{sa_handler=SIG_DFL, sa_mask=[], sa_flags=SA_RESTORER, sa_restorer=0x7fcd8909a050}, 8) = 0
1846887 clone(child_stack=NULL, flags=CLONE_CHILD_CLEARTID|CLONE_CHILD_SETTID|SIGCHLD <unfinished ...>
1846889 rt_sigaction(SIGTTIN, {sa_handler=SIG_DFL, sa_mask=[], sa_flags=SA_RESTORER, sa_restorer=0x7fcd8909a050}, {sa_handler=SIG_DFL, sa_mask=[], sa_flags=SA_RESTORER, sa_restorer=0x7fcd8909a050}, 8) = 0
1846889 rt_sigaction(SIGTTOU, {sa_handler=SIG_DFL, sa_mask=[], sa_flags=SA_RESTORER, sa_restorer=0x7fcd8909a050}, {sa_handler=SIG_DFL, sa_mask=[], sa_flags=SA_RESTORER, sa_restorer=0x7fcd8909a050}, 8) = 0
1846889 close(3 <unfinished ...>
1846887 <... clone resumed>, child_tidptr=0x7fcd8907da10) = 1846890
1846890 set_robust_list(0x7fcd8907da20, 24 <unfinished ...>
1846889 <... close resumed>)            = 0
1846890 <... set_robust_list resumed>)  = 0
1846887 rt_sigprocmask(SIG_SETMASK, [CHLD],  <unfinished ...>
1846889 dup2(4, 1 <unfinished ...>
1846887 <... rt_sigprocmask resumed>NULL, 8) = 0
1846889 <... dup2 resumed>)             = 1
1846887 close(3 <unfinished ...>
1846889 close(4 <unfinished ...>
1846887 <... close resumed>)            = 0
1846890 getpid( <unfinished ...>
1846889 <... close resumed>)            = 0
1846890 <... getpid resumed>)           = 1846890
1846887 rt_sigprocmask(SIG_BLOCK, [CHLD],  <unfinished ...>
1846890 rt_sigprocmask(SIG_SETMASK, [],  <unfinished ...>
1846887 <... rt_sigprocmask resumed>[CHLD], 8) = 0
1846890 <... rt_sigprocmask resumed>NULL, 8) = 0
1846890 rt_sigaction(SIGTSTP, {sa_handler=SIG_DFL, sa_mask=[], sa_flags=SA_RESTORER, sa_restorer=0x7fcd8909a050},  <unfinished ...>
1846887 rt_sigprocmask(SIG_SETMASK, [CHLD],  <unfinished ...>
1846890 <... rt_sigaction resumed>{sa_handler=SIG_DFL, sa_mask=[], sa_flags=SA_RESTORER, sa_restorer=0x7fcd8909a050}, 8) = 0
1846889 rt_sigaction(SIGINT, {sa_handler=SIG_DFL, sa_mask=[], sa_flags=SA_RESTORER, sa_restorer=0x7fcd8909a050},  <unfinished ...>
1846890 rt_sigaction(SIGTTIN, {sa_handler=SIG_DFL, sa_mask=[], sa_flags=SA_RESTORER, sa_restorer=0x7fcd8909a050},  <unfinished ...>
1846887 <... rt_sigprocmask resumed>NULL, 8) = 0
1846890 <... rt_sigaction resumed>{sa_handler=SIG_DFL, sa_mask=[], sa_flags=SA_RESTORER, sa_restorer=0x7fcd8909a050}, 8) = 0
1846889 <... rt_sigaction resumed>{sa_handler=SIG_DFL, sa_mask=[], sa_flags=SA_RESTORER, sa_restorer=0x7fcd8909a050}, 8) = 0
1846890 rt_sigaction(SIGTTOU, {sa_handler=SIG_DFL, sa_mask=[], sa_flags=SA_RESTORER, sa_restorer=0x7fcd8909a050},  <unfinished ...>
1846887 rt_sigprocmask(SIG_BLOCK, [CHLD],  <unfinished ...>
1846890 <... rt_sigaction resumed>{sa_handler=SIG_DFL, sa_mask=[], sa_flags=SA_RESTORER, sa_restorer=0x7fcd8909a050}, 8) = 0
1846889 rt_sigaction(SIGQUIT, {sa_handler=SIG_DFL, sa_mask=[], sa_flags=SA_RESTORER, sa_restorer=0x7fcd8909a050},  <unfinished ...>
1846887 <... rt_sigprocmask resumed>[CHLD], 8) = 0
1846890 dup2(3, 0 <unfinished ...>
1846889 <... rt_sigaction resumed>{sa_handler=SIG_IGN, sa_mask=[], sa_flags=SA_RESTORER, sa_restorer=0x7fcd8909a050}, 8) = 0
1846890 <... dup2 resumed>)             = 0
1846887 rt_sigaction(SIGINT, {sa_handler=0x55ac36aea580, sa_mask=[], sa_flags=SA_RESTORER, sa_restorer=0x7fcd8909a050},  <unfinished ...>
1846890 close(3 <unfinished ...>
1846889 rt_sigaction(SIGCHLD, {sa_handler=SIG_DFL, sa_mask=[], sa_flags=SA_RESTORER|SA_RESTART, sa_restorer=0x7fcd8909a050},  <unfinished ...>
1846890 <... close resumed>)            = 0
1846887 <... rt_sigaction resumed>{sa_handler=SIG_DFL, sa_mask=[], sa_flags=SA_RESTORER, sa_restorer=0x7fcd8909a050}, 8) = 0
1846889 <... rt_sigaction resumed>{sa_handler=0x55ac36ae7140, sa_mask=[], sa_flags=SA_RESTORER|SA_RESTART, sa_restorer=0x7fcd8909a050}, 8) = 0
1846887 wait4(-1,  <unfinished ...>
1846889 rt_sigprocmask(SIG_BLOCK, [CHLD], [], 8) = 0
1846890 newfstatat(AT_FDCWD, ".",  <unfinished ...>
1846889 rt_sigprocmask(SIG_SETMASK, [],  <unfinished ...>
1846890 <... newfstatat resumed>{st_mode=S_IFDIR|0755, st_size=3556, ...}, 0) = 0
1846889 <... rt_sigprocmask resumed>NULL, 8) = 0
1846890 newfstatat(AT_FDCWD, "/home/shorty/Android/Sdk/ndk/25.2.9519653/toolchains/llvm/prebuilt/linux-x86_64/bin/x86_64-linux-android21-clang",  <unfinished ...>
1846889 rt_sigaction(SIGCHLD, {sa_handler=0x55ac36ae7140, sa_mask=[], sa_flags=SA_RESTORER|SA_RESTART, sa_restorer=0x7fcd8909a050},  <unfinished ...>
1846890 <... newfstatat resumed>{st_mode=S_IFREG|0755, st_size=192, ...}, 0) = 0
1846889 <... rt_sigaction resumed>{sa_handler=SIG_DFL, sa_mask=[], sa_flags=SA_RESTORER|SA_RESTART, sa_restorer=0x7fcd8909a050}, 8) = 0
1846890 newfstatat(AT_FDCWD, "/home/shorty/Android/Sdk/ndk/25.2.9519653/toolchains/llvm/prebuilt/linux-x86_64/bin/x86_64-linux-android21-clang",  <unfinished ...>
1846889 rt_sigaction(SIGINT, {sa_handler=0x55ac36b10bd0, sa_mask=[], sa_flags=SA_RESTORER, sa_restorer=0x7fcd8909a050},  <unfinished ...>
1846890 <... newfstatat resumed>{st_mode=S_IFREG|0755, st_size=192, ...}, 0) = 0
1846889 <... rt_sigaction resumed>{sa_handler=SIG_DFL, sa_mask=[], sa_flags=SA_RESTORER, sa_restorer=0x7fcd8909a050}, 8) = 0
1846890 geteuid()                       = 1000
1846889 fstat(1,  <unfinished ...>
1846890 getegid( <unfinished ...>
1846889 <... fstat resumed>{st_mode=S_IFIFO|0600, st_size=0, ...}) = 0
1846890 <... getegid resumed>)          = 1000
1846890 getuid( <unfinished ...>
1846889 write(1, "extern void b(void);int a(void){"..., 47 <unfinished ...>
1846890 <... getuid resumed>)           = 1000
1846890 getgid( <unfinished ...>
1846889 <... write resumed>)            = 47
1846890 <... getgid resumed>)           = 1000
1846890 access("/home/shorty/Android/Sdk/ndk/25.2.9519653/toolchains/llvm/prebuilt/linux-x86_64/bin/x86_64-linux-android21-clang", X_OK) = 0
1846889 exit_group(0 <unfinished ...>
1846890 newfstatat(AT_FDCWD, "/home/shorty/Android/Sdk/ndk/25.2.9519653/toolchains/llvm/prebuilt/linux-x86_64/bin/x86_64-linux-android21-clang",  <unfinished ...>
1846889 <... exit_group resumed>)       = ?
1846890 <... newfstatat resumed>{st_mode=S_IFREG|0755, st_size=192, ...}, 0) = 0
1846890 geteuid()                       = 1000
1846890 getegid()                       = 1000
1846890 getuid()                        = 1000
1846889 +++ exited with 0 +++
1846890 getgid( <unfinished ...>
1846887 <... wait4 resumed>[{WIFEXITED(s) && WEXITSTATUS(s) == 0}], 0, NULL) = 1846889
1846890 <... getgid resumed>)           = 1000
1846887 wait4(-1,  <unfinished ...>
1846890 access("/home/shorty/Android/Sdk/ndk/25.2.9519653/toolchains/llvm/prebuilt/linux-x86_64/bin/x86_64-linux-android21-clang", R_OK) = 0
1846890 rt_sigaction(SIGINT, {sa_handler=SIG_DFL, sa_mask=[], sa_flags=SA_RESTORER, sa_restorer=0x7fcd8909a050}, {sa_handler=SIG_DFL, sa_mask=[], sa_flags=SA_RESTORER, sa_restorer=0x7fcd8909a050}, 8) = 0
1846890 rt_sigaction(SIGQUIT, {sa_handler=SIG_DFL, sa_mask=[], sa_flags=SA_RESTORER, sa_restorer=0x7fcd8909a050}, {sa_handler=SIG_IGN, sa_mask=[], sa_flags=SA_RESTORER, sa_restorer=0x7fcd8909a050}, 8) = 0
1846890 rt_sigaction(SIGCHLD, {sa_handler=SIG_DFL, sa_mask=[], sa_flags=SA_RESTORER|SA_RESTART, sa_restorer=0x7fcd8909a050}, {sa_handler=0x55ac36ae7140, sa_mask=[], sa_flags=SA_RESTORER|SA_RESTART, sa_restorer=0x7fcd8909a050}, 8) = 0
1846890 execve("/home/shorty/Android/Sdk/ndk/25.2.9519653/toolchains/llvm/prebuilt/linux-x86_64/bin/x86_64-linux-android21-clang", ["x86_64-linux-android21-clang", "-fPIC", "-c", "-x", "c", "-", "-o", "tmpunwind.o"], 0x55ac497d7790 /* 112 vars */) = 0
1846890 brk(NULL)                       = 0x55e8e9f9a000
1846890 access("/etc/ld.so.preload", R_OK) = -1 ENOENT (No such file or directory)
1846890 openat(AT_FDCWD, "/etc/ld.so.cache", O_RDONLY|O_CLOEXEC) = 3
1846890 fstat(3, {st_mode=S_IFREG|0644, st_size=171419, ...}) = 0
1846890 mmap(NULL, 171419, PROT_READ, MAP_PRIVATE, 3, 0) = 0x7fa3ea5e3000
1846890 close(3)                        = 0
1846890 mmap(NULL, 8192, PROT_READ|PROT_WRITE, MAP_PRIVATE|MAP_ANONYMOUS, -1, 0) = 0x7fa3ea5e1000
1846890 openat(AT_FDCWD, "/lib64/libtinfo.so.6", O_RDONLY|O_CLOEXEC) = 3
1846890 read(3, "\177ELF\2\1\1\0\0\0\0\0\0\0\0\0\3\0>\0\1\0\0\0\0\0\0\0\0\0\0\0"..., 832) = 832
1846890 fstat(3, {st_mode=S_IFREG|0755, st_size=187416, ...}) = 0
1846890 mmap(NULL, 186656, PROT_READ, MAP_PRIVATE|MAP_DENYWRITE, 3, 0) = 0x7fa3ea5b3000
1846890 mmap(0x7fa3ea5b9000, 86016, PROT_READ|PROT_EXEC, MAP_PRIVATE|MAP_FIXED|MAP_DENYWRITE, 3, 0x6000) = 0x7fa3ea5b9000
1846890 mmap(0x7fa3ea5ce000, 57344, PROT_READ, MAP_PRIVATE|MAP_FIXED|MAP_DENYWRITE, 3, 0x1b000) = 0x7fa3ea5ce000
1846890 mmap(0x7fa3ea5dc000, 20480, PROT_READ|PROT_WRITE, MAP_PRIVATE|MAP_FIXED|MAP_DENYWRITE, 3, 0x28000) = 0x7fa3ea5dc000
1846890 close(3)                        = 0
1846890 openat(AT_FDCWD, "/lib64/libc.so.6", O_RDONLY|O_CLOEXEC) = 3
1846890 read(3, "\177ELF\2\1\1\3\0\0\0\0\0\0\0\0\3\0>\0\1\0\0\0 4\0\0\0\0\0\0"..., 832) = 832
1846890 pread64(3, "\6\0\0\0\4\0\0\0@\0\0\0\0\0\0\0@\0\0\0\0\0\0\0@\0\0\0\0\0\0\0"..., 784, 64) = 784
1846890 fstat(3, {st_mode=S_IFREG|0755, st_size=2454144, ...}) = 0
1846890 pread64(3, "\6\0\0\0\4\0\0\0@\0\0\0\0\0\0\0@\0\0\0\0\0\0\0@\0\0\0\0\0\0\0"..., 784, 64) = 784
1846890 mmap(NULL, 2042904, PROT_READ, MAP_PRIVATE|MAP_DENYWRITE, 3, 0) = 0x7fa3ea3c0000
1846890 mmap(0x7fa3ea3c1000, 1503232, PROT_READ|PROT_EXEC, MAP_PRIVATE|MAP_FIXED|MAP_DENYWRITE, 3, 0x1000) = 0x7fa3ea3c1000
1846890 mmap(0x7fa3ea530000, 479232, PROT_READ, MAP_PRIVATE|MAP_FIXED|MAP_DENYWRITE, 3, 0x170000) = 0x7fa3ea530000
1846890 mmap(0x7fa3ea5a5000, 24576, PROT_READ|PROT_WRITE, MAP_PRIVATE|MAP_FIXED|MAP_DENYWRITE, 3, 0x1e5000) = 0x7fa3ea5a5000
1846890 mmap(0x7fa3ea5ab000, 31768, PROT_READ|PROT_WRITE, MAP_PRIVATE|MAP_FIXED|MAP_ANONYMOUS, -1, 0) = 0x7fa3ea5ab000
1846890 close(3)                        = 0
1846890 mmap(NULL, 12288, PROT_READ|PROT_WRITE, MAP_PRIVATE|MAP_ANONYMOUS, -1, 0) = 0x7fa3ea3bd000
1846890 arch_prctl(ARCH_SET_FS, 0x7fa3ea3bd740) = 0
1846890 set_tid_address(0x7fa3ea3bda10) = 1846890
1846890 set_robust_list(0x7fa3ea3bda20, 24) = 0
1846890 rseq(0x7fa3ea3be060, 0x20, 0, 0x53053053) = 0
1846890 mprotect(0x7fa3ea5a5000, 16384, PROT_READ) = 0
1846890 mprotect(0x7fa3ea5dc000, 16384, PROT_READ) = 0
1846890 mprotect(0x55e8c46ca000, 16384, PROT_READ) = 0
1846890 mprotect(0x7fa3ea648000, 8192, PROT_READ) = 0
1846890 prlimit64(0, RLIMIT_STACK, NULL, {rlim_cur=8192*1024, rlim_max=RLIM64_INFINITY}) = 0
1846890 munmap(0x7fa3ea5e3000, 171419)  = 0
1846890 openat(AT_FDCWD, "/dev/tty", O_RDWR|O_NONBLOCK) = 3
1846890 close(3)                        = 0
1846890 getrandom("\x3b\x34\x1d\x07\x82\x72\x9d\x1e", 8, GRND_NONBLOCK) = 8
1846890 brk(NULL)                       = 0x55e8e9f9a000
1846890 brk(0x55e8e9fbb000)             = 0x55e8e9fbb000
1846890 openat(AT_FDCWD, "/usr/lib/locale/locale-archive", O_RDONLY|O_CLOEXEC) = 3
1846890 fstat(3, {st_mode=S_IFREG|0644, st_size=232351648, ...}) = 0
1846890 mmap(NULL, 232351648, PROT_READ, MAP_PRIVATE, 3, 0) = 0x7fa3dc600000
1846890 close(3)                        = 0
1846890 openat(AT_FDCWD, "/usr/lib64/gconv/gconv-modules.cache", O_RDONLY|O_CLOEXEC) = 3
1846890 fstat(3, {st_mode=S_IFREG|0644, st_size=27012, ...}) = 0
1846890 mmap(NULL, 27012, PROT_READ, MAP_SHARED, 3, 0) = 0x7fa3ea606000
1846890 close(3)                        = 0
1846890 futex(0x7fa3ea5aa72c, FUTEX_WAKE_PRIVATE, 2147483647) = 0
1846890 getuid()                        = 1000
1846890 getgid()                        = 1000
1846890 geteuid()                       = 1000
1846890 getegid()                       = 1000
1846890 rt_sigprocmask(SIG_BLOCK, NULL, [], 8) = 0
1846890 rt_sigaction(SIGCHLD, {sa_handler=SIG_DFL, sa_mask=[], sa_flags=SA_RESTORER|SA_RESTART, sa_restorer=0x7fa3ea3da050}, {sa_handler=SIG_DFL, sa_mask=[], sa_flags=0}, 8) = 0
1846890 rt_sigaction(SIGCHLD, {sa_handler=SIG_DFL, sa_mask=[], sa_flags=SA_RESTORER|SA_RESTART, sa_restorer=0x7fa3ea3da050}, {sa_handler=SIG_DFL, sa_mask=[], sa_flags=SA_RESTORER|SA_RESTART, sa_restorer=0x7fa3ea3da050}, 8) = 0
1846890 rt_sigaction(SIGINT, {sa_handler=SIG_DFL, sa_mask=[], sa_flags=SA_RESTORER, sa_restorer=0x7fa3ea3da050}, {sa_handler=SIG_DFL, sa_mask=[], sa_flags=0}, 8) = 0
1846890 rt_sigaction(SIGINT, {sa_handler=SIG_DFL, sa_mask=[], sa_flags=SA_RESTORER, sa_restorer=0x7fa3ea3da050}, {sa_handler=SIG_DFL, sa_mask=[], sa_flags=SA_RESTORER, sa_restorer=0x7fa3ea3da050}, 8) = 0
1846890 rt_sigaction(SIGQUIT, {sa_handler=SIG_DFL, sa_mask=[], sa_flags=SA_RESTORER, sa_restorer=0x7fa3ea3da050}, {sa_handler=SIG_DFL, sa_mask=[], sa_flags=0}, 8) = 0
1846890 rt_sigaction(SIGQUIT, {sa_handler=SIG_DFL, sa_mask=[], sa_flags=SA_RESTORER, sa_restorer=0x7fa3ea3da050}, {sa_handler=SIG_DFL, sa_mask=[], sa_flags=SA_RESTORER, sa_restorer=0x7fa3ea3da050}, 8) = 0
1846890 rt_sigaction(SIGTSTP, {sa_handler=SIG_DFL, sa_mask=[], sa_flags=SA_RESTORER, sa_restorer=0x7fa3ea3da050}, {sa_handler=SIG_DFL, sa_mask=[], sa_flags=0}, 8) = 0
1846890 rt_sigaction(SIGTSTP, {sa_handler=SIG_DFL, sa_mask=[], sa_flags=SA_RESTORER, sa_restorer=0x7fa3ea3da050}, {sa_handler=SIG_DFL, sa_mask=[], sa_flags=SA_RESTORER, sa_restorer=0x7fa3ea3da050}, 8) = 0
1846890 rt_sigaction(SIGTTIN, {sa_handler=SIG_DFL, sa_mask=[], sa_flags=SA_RESTORER, sa_restorer=0x7fa3ea3da050}, {sa_handler=SIG_DFL, sa_mask=[], sa_flags=0}, 8) = 0
1846890 rt_sigaction(SIGTTIN, {sa_handler=SIG_DFL, sa_mask=[], sa_flags=SA_RESTORER, sa_restorer=0x7fa3ea3da050}, {sa_handler=SIG_DFL, sa_mask=[], sa_flags=SA_RESTORER, sa_restorer=0x7fa3ea3da050}, 8) = 0
1846890 rt_sigaction(SIGTTOU, {sa_handler=SIG_DFL, sa_mask=[], sa_flags=SA_RESTORER, sa_restorer=0x7fa3ea3da050}, {sa_handler=SIG_DFL, sa_mask=[], sa_flags=0}, 8) = 0
1846890 rt_sigaction(SIGTTOU, {sa_handler=SIG_DFL, sa_mask=[], sa_flags=SA_RESTORER, sa_restorer=0x7fa3ea3da050}, {sa_handler=SIG_DFL, sa_mask=[], sa_flags=SA_RESTORER, sa_restorer=0x7fa3ea3da050}, 8) = 0
1846890 rt_sigprocmask(SIG_BLOCK, NULL, [], 8) = 0
1846890 rt_sigaction(SIGQUIT, {sa_handler=SIG_IGN, sa_mask=[], sa_flags=SA_RESTORER, sa_restorer=0x7fa3ea3da050}, {sa_handler=SIG_DFL, sa_mask=[], sa_flags=SA_RESTORER, sa_restorer=0x7fa3ea3da050}, 8) = 0
1846890 uname({sysname="Linux", nodename="Shorty-Laptop", ...}) = 0
1846890 newfstatat(AT_FDCWD, "/home/shorty/projects/external/love-android/love/src/jni/LuaJIT-2.1/src", {st_mode=S_IFDIR|0755, st_size=3556, ...}, 0) = 0
1846890 newfstatat(AT_FDCWD, ".", {st_mode=S_IFDIR|0755, st_size=3556, ...}, 0) = 0
1846890 newfstatat(AT_FDCWD, "/home", {st_mode=S_IFDIR|0755, st_size=12, ...}, 0) = 0
1846890 newfstatat(AT_FDCWD, "/home/shorty", {st_mode=S_IFDIR|0750, st_size=7224, ...}, 0) = 0
1846890 newfstatat(AT_FDCWD, "/home/shorty/projects", {st_mode=S_IFDIR|0755, st_size=2500, ...}, 0) = 0
1846890 newfstatat(AT_FDCWD, "/home/shorty/projects/external", {st_mode=S_IFDIR|0755, st_size=1214, ...}, 0) = 0
1846890 newfstatat(AT_FDCWD, "/home/shorty/projects/external/love-android", {st_mode=S_IFDIR|0755, st_size=504, ...}, 0) = 0
1846890 newfstatat(AT_FDCWD, "/home/shorty/projects/external/love-android/love", {st_mode=S_IFDIR|0755, st_size=76, ...}, 0) = 0
1846890 newfstatat(AT_FDCWD, "/home/shorty/projects/external/love-android/love/src", {st_mode=S_IFDIR|0755, st_size=36, ...}, 0) = 0
1846890 newfstatat(AT_FDCWD, "/home/shorty/projects/external/love-android/love/src/jni", {st_mode=S_IFDIR|0755, st_size=538, ...}, 0) = 0
1846890 newfstatat(AT_FDCWD, "/home/shorty/projects/external/love-android/love/src/jni/LuaJIT-2.1", {st_mode=S_IFDIR|0755, st_size=274, ...}, 0) = 0
1846890 newfstatat(AT_FDCWD, "/home/shorty/projects/external/love-android/love/src/jni/LuaJIT-2.1/src", {st_mode=S_IFDIR|0755, st_size=3556, ...}, 0) = 0
1846890 getpid()                        = 1846890
1846890 getppid()                       = 1846887
1846890 getpid()                        = 1846890
1846890 getppid()                       = 1846887
1846890 getpid()                        = 1846890
1846890 getppid()                       = 1846887
1846890 getpgrp()                       = 1846868
1846890 ioctl(2, TIOCGPGRP, 0x7fff935aa304) = -1 ENOTTY (Inappropriate ioctl for device)
1846890 rt_sigaction(SIGCHLD, {sa_handler=0x55e8c45b9140, sa_mask=[], sa_flags=SA_RESTORER|SA_RESTART, sa_restorer=0x7fa3ea3da050}, {sa_handler=SIG_DFL, sa_mask=[], sa_flags=SA_RESTORER|SA_RESTART, sa_restorer=0x7fa3ea3da050}, 8) = 0
1846890 ioctl(2, TIOCGPGRP, 0x7fff935aa2c4) = -1 ENOTTY (Inappropriate ioctl for device)
1846890 prlimit64(0, RLIMIT_NPROC, NULL, {rlim_cur=126640, rlim_max=126640}) = 0
1846890 rt_sigprocmask(SIG_BLOCK, NULL, [], 8) = 0
1846890 openat(AT_FDCWD, "/home/shorty/Android/Sdk/ndk/25.2.9519653/toolchains/llvm/prebuilt/linux-x86_64/bin/x86_64-linux-android21-clang", O_RDONLY) = 3
1846890 newfstatat(AT_FDCWD, "/home/shorty/Android/Sdk/ndk/25.2.9519653/toolchains/llvm/prebuilt/linux-x86_64/bin/x86_64-linux-android21-clang", {st_mode=S_IFREG|0755, st_size=192, ...}, 0) = 0
1846890 ioctl(3, TCGETS, 0x7fff935aa3d0) = -1 ENOTTY (Inappropriate ioctl for device)
1846890 lseek(3, 0, SEEK_CUR)           = 0
1846890 read(3, "#!/bin/bash\nbin_dir=`dirname \"$0"..., 80) = 80
1846890 lseek(3, 0, SEEK_SET)           = 0
1846890 prlimit64(0, RLIMIT_NOFILE, NULL, {rlim_cur=1024, rlim_max=1024*1024}) = 0
1846890 fcntl(255, F_GETFD)             = -1 EBADF (Bad file descriptor)
1846890 dup2(3, 255)                    = 255
1846890 close(3)                        = 0
1846890 fcntl(255, F_SETFD, FD_CLOEXEC) = 0
1846890 fcntl(255, F_GETFL)             = 0x8000 (flags O_RDONLY|O_LARGEFILE)
1846890 fstat(255, {st_mode=S_IFREG|0755, st_size=192, ...}) = 0
1846890 lseek(255, 0, SEEK_CUR)         = 0
1846890 read(255, "#!/bin/bash\nbin_dir=`dirname \"$0"..., 192) = 192
1846890 pipe2([3, 4], 0)                = 0
1846890 rt_sigprocmask(SIG_BLOCK, [CHLD], [], 8) = 0
1846890 rt_sigprocmask(SIG_SETMASK, [], NULL, 8) = 0
1846890 rt_sigprocmask(SIG_BLOCK, NULL, [], 8) = 0
1846890 rt_sigprocmask(SIG_BLOCK, [INT TERM CHLD], [], 8) = 0
1846890 lseek(255, -157, SEEK_CUR)      = 35
1846890 clone(child_stack=NULL, flags=CLONE_CHILD_CLEARTID|CLONE_CHILD_SETTID|SIGCHLD, child_tidptr=0x7fa3ea3bda10) = 1846891
1846890 rt_sigprocmask(SIG_SETMASK, [], NULL, 8) = 0
1846890 rt_sigaction(SIGCHLD, {sa_handler=0x55e8c45b9140, sa_mask=[], sa_flags=SA_RESTORER|SA_RESTART, sa_restorer=0x7fa3ea3da050},  <unfinished ...>
1846891 set_robust_list(0x7fa3ea3bda20, 24 <unfinished ...>
1846890 <... rt_sigaction resumed>{sa_handler=0x55e8c45b9140, sa_mask=[], sa_flags=SA_RESTORER|SA_RESTART, sa_restorer=0x7fa3ea3da050}, 8) = 0
1846891 <... set_robust_list resumed>)  = 0
1846890 close(4)                        = 0
1846890 rt_sigprocmask(SIG_BLOCK, [INT],  <unfinished ...>
1846891 getpid( <unfinished ...>
1846890 <... rt_sigprocmask resumed>[], 8) = 0
1846891 <... getpid resumed>)           = 1846891
1846890 read(3,  <unfinished ...>
1846891 close(255)                      = 0
1846891 rt_sigprocmask(SIG_SETMASK, [], NULL, 8) = 0
1846891 rt_sigaction(SIGTSTP, {sa_handler=SIG_DFL, sa_mask=[], sa_flags=SA_RESTORER, sa_restorer=0x7fa3ea3da050}, {sa_handler=SIG_DFL, sa_mask=[], sa_flags=SA_RESTORER, sa_restorer=0x7fa3ea3da050}, 8) = 0
1846891 rt_sigaction(SIGTTIN, {sa_handler=SIG_DFL, sa_mask=[], sa_flags=SA_RESTORER, sa_restorer=0x7fa3ea3da050}, {sa_handler=SIG_DFL, sa_mask=[], sa_flags=SA_RESTORER, sa_restorer=0x7fa3ea3da050}, 8) = 0
1846891 rt_sigaction(SIGTTOU, {sa_handler=SIG_DFL, sa_mask=[], sa_flags=SA_RESTORER, sa_restorer=0x7fa3ea3da050}, {sa_handler=SIG_DFL, sa_mask=[], sa_flags=SA_RESTORER, sa_restorer=0x7fa3ea3da050}, 8) = 0
1846891 rt_sigaction(SIGINT, {sa_handler=SIG_DFL, sa_mask=[], sa_flags=SA_RESTORER, sa_restorer=0x7fa3ea3da050}, {sa_handler=SIG_DFL, sa_mask=[], sa_flags=SA_RESTORER, sa_restorer=0x7fa3ea3da050}, 8) = 0
1846891 rt_sigaction(SIGQUIT, {sa_handler=SIG_DFL, sa_mask=[], sa_flags=SA_RESTORER, sa_restorer=0x7fa3ea3da050}, {sa_handler=SIG_IGN, sa_mask=[], sa_flags=SA_RESTORER, sa_restorer=0x7fa3ea3da050}, 8) = 0
1846891 rt_sigaction(SIGCHLD, {sa_handler=SIG_DFL, sa_mask=[], sa_flags=SA_RESTORER|SA_RESTART, sa_restorer=0x7fa3ea3da050}, {sa_handler=0x55e8c45b9140, sa_mask=[], sa_flags=SA_RESTORER|SA_RESTART, sa_restorer=0x7fa3ea3da050}, 8) = 0
1846891 rt_sigaction(SIGCHLD, {sa_handler=0x55e8c45b9140, sa_mask=[], sa_flags=SA_RESTORER|SA_RESTART, sa_restorer=0x7fa3ea3da050}, {sa_handler=SIG_DFL, sa_mask=[], sa_flags=SA_RESTORER|SA_RESTART, sa_restorer=0x7fa3ea3da050}, 8) = 0
1846891 rt_sigaction(SIGINT, {sa_handler=0x55e8c45e2bd0, sa_mask=[], sa_flags=SA_RESTORER, sa_restorer=0x7fa3ea3da050}, {sa_handler=SIG_DFL, sa_mask=[], sa_flags=SA_RESTORER, sa_restorer=0x7fa3ea3da050}, 8) = 0
1846891 dup2(4, 1)                      = 1
1846891 close(4)                        = 0
1846891 close(3)                        = 0
1846891 rt_sigprocmask(SIG_BLOCK, NULL, [], 8) = 0
1846891 newfstatat(AT_FDCWD, ".", {st_mode=S_IFDIR|0755, st_size=3556, ...}, 0) = 0
1846891 newfstatat(AT_FDCWD, "/home/shorty/Android/Sdk/ndk/25.2.9519653/toolchains/llvm/prebuilt/linux-x86_64/bin/dirname", 0x7fff935a9550, 0) = -1 ENOENT (No such file or directory)
1846891 newfstatat(AT_FDCWD, "/home/shorty/.yarn/bin/dirname", 0x7fff935a9550, 0) = -1 ENOENT (No such file or directory)
1846891 newfstatat(AT_FDCWD, "/home/shorty/.nvm/versions/node/v22.14.0/bin/dirname", 0x7fff935a9550, 0) = -1 ENOENT (No such file or directory)
1846891 newfstatat(AT_FDCWD, "/home/shorty/.cargo/bin/dirname", 0x7fff935a9550, 0) = -1 ENOENT (No such file or directory)
1846891 newfstatat(AT_FDCWD, "/home/shorty/bin/dirname", 0x7fff935a9550, 0) = -1 ENOENT (No such file or directory)
1846891 newfstatat(AT_FDCWD, "/home/shorty/.local/bin/dirname", 0x7fff935a9550, 0) = -1 ENOENT (No such file or directory)
1846891 newfstatat(AT_FDCWD, "/usr/games/dirname", 0x7fff935a9550, 0) = -1 ENOENT (No such file or directory)
1846891 newfstatat(AT_FDCWD, "/usr/lib64/qt-3.3/bin/dirname", 0x7fff935a9550, 0) = -1 ENOENT (No such file or directory)
1846891 newfstatat(AT_FDCWD, "/usr/lib64/ccache/dirname", 0x7fff935a9550, 0) = -1 ENOENT (No such file or directory)
1846891 newfstatat(AT_FDCWD, "/usr/local/bin/dirname", 0x7fff935a9550, 0) = -1 ENOENT (No such file or directory)
1846891 newfstatat(AT_FDCWD, "/usr/bin/dirname", {st_mode=S_IFREG|0755, st_size=36680, ...}, 0) = 0
1846891 newfstatat(AT_FDCWD, "/usr/bin/dirname", {st_mode=S_IFREG|0755, st_size=36680, ...}, 0) = 0
1846891 geteuid()                       = 1000
1846891 getegid()                       = 1000
1846891 getuid()                        = 1000
1846891 getgid()                        = 1000
1846891 access("/usr/bin/dirname", X_OK) = 0
1846891 newfstatat(AT_FDCWD, "/usr/bin/dirname", {st_mode=S_IFREG|0755, st_size=36680, ...}, 0) = 0
1846891 geteuid()                       = 1000
1846891 getegid()                       = 1000
1846891 getuid()                        = 1000
1846891 getgid()                        = 1000
1846891 access("/usr/bin/dirname", R_OK) = 0
1846891 rt_sigaction(SIGINT, {sa_handler=SIG_DFL, sa_mask=[], sa_flags=SA_RESTORER, sa_restorer=0x7fa3ea3da050}, {sa_handler=0x55e8c45e2bd0, sa_mask=[], sa_flags=SA_RESTORER, sa_restorer=0x7fa3ea3da050}, 8) = 0
1846891 rt_sigaction(SIGQUIT, {sa_handler=SIG_DFL, sa_mask=[], sa_flags=SA_RESTORER, sa_restorer=0x7fa3ea3da050}, {sa_handler=SIG_DFL, sa_mask=[], sa_flags=SA_RESTORER, sa_restorer=0x7fa3ea3da050}, 8) = 0
1846891 rt_sigaction(SIGCHLD, {sa_handler=SIG_DFL, sa_mask=[], sa_flags=SA_RESTORER|SA_RESTART, sa_restorer=0x7fa3ea3da050}, {sa_handler=0x55e8c45b9140, sa_mask=[], sa_flags=SA_RESTORER|SA_RESTART, sa_restorer=0x7fa3ea3da050}, 8) = 0
1846891 execve("/usr/bin/dirname", ["dirname", "/home/shorty/Android/Sdk/ndk/25."...], 0x55e8e9fad660 /* 112 vars */) = 0
1846891 brk(NULL)                       = 0x5594cab6e000
1846891 access("/etc/ld.so.preload", R_OK) = -1 ENOENT (No such file or directory)
1846891 openat(AT_FDCWD, "/etc/ld.so.cache", O_RDONLY|O_CLOEXEC) = 3
1846891 fstat(3, {st_mode=S_IFREG|0644, st_size=171419, ...}) = 0
1846891 mmap(NULL, 171419, PROT_READ, MAP_PRIVATE, 3, 0) = 0x7fa0156cd000
1846891 close(3)                        = 0
1846891 mmap(NULL, 8192, PROT_READ|PROT_WRITE, MAP_PRIVATE|MAP_ANONYMOUS, -1, 0) = 0x7fa0156cb000
1846891 openat(AT_FDCWD, "/lib64/libc.so.6", O_RDONLY|O_CLOEXEC) = 3
1846891 read(3, "\177ELF\2\1\1\3\0\0\0\0\0\0\0\0\3\0>\0\1\0\0\0 4\0\0\0\0\0\0"..., 832) = 832
1846891 pread64(3, "\6\0\0\0\4\0\0\0@\0\0\0\0\0\0\0@\0\0\0\0\0\0\0@\0\0\0\0\0\0\0"..., 784, 64) = 784
1846891 fstat(3, {st_mode=S_IFREG|0755, st_size=2454144, ...}) = 0
1846891 pread64(3, "\6\0\0\0\4\0\0\0@\0\0\0\0\0\0\0@\0\0\0\0\0\0\0@\0\0\0\0\0\0\0"..., 784, 64) = 784
1846891 mmap(NULL, 2042904, PROT_READ, MAP_PRIVATE|MAP_DENYWRITE, 3, 0) = 0x7fa0154d8000
1846891 mmap(0x7fa0154d9000, 1503232, PROT_READ|PROT_EXEC, MAP_PRIVATE|MAP_FIXED|MAP_DENYWRITE, 3, 0x1000) = 0x7fa0154d9000
1846891 mmap(0x7fa015648000, 479232, PROT_READ, MAP_PRIVATE|MAP_FIXED|MAP_DENYWRITE, 3, 0x170000) = 0x7fa015648000
1846891 mmap(0x7fa0156bd000, 24576, PROT_READ|PROT_WRITE, MAP_PRIVATE|MAP_FIXED|MAP_DENYWRITE, 3, 0x1e5000) = 0x7fa0156bd000
1846891 mmap(0x7fa0156c3000, 31768, PROT_READ|PROT_WRITE, MAP_PRIVATE|MAP_FIXED|MAP_ANONYMOUS, -1, 0) = 0x7fa0156c3000
1846891 close(3)                        = 0
1846891 mmap(NULL, 12288, PROT_READ|PROT_WRITE, MAP_PRIVATE|MAP_ANONYMOUS, -1, 0) = 0x7fa0154d5000
1846891 arch_prctl(ARCH_SET_FS, 0x7fa0154d5740) = 0
1846891 set_tid_address(0x7fa0154d5a10) = 1846891
1846891 set_robust_list(0x7fa0154d5a20, 24) = 0
1846891 rseq(0x7fa0154d6060, 0x20, 0, 0x53053053) = 0
1846891 mprotect(0x7fa0156bd000, 16384, PROT_READ) = 0
1846891 mprotect(0x55949ebfb000, 4096, PROT_READ) = 0
1846891 mprotect(0x7fa015732000, 8192, PROT_READ) = 0
1846891 prlimit64(0, RLIMIT_STACK, NULL, {rlim_cur=8192*1024, rlim_max=RLIM64_INFINITY}) = 0
1846891 munmap(0x7fa0156cd000, 171419)  = 0
1846891 getrandom("\xd9\x46\xa6\xd7\x4e\xd8\xb0\x19", 8, GRND_NONBLOCK) = 8
1846891 brk(NULL)                       = 0x5594cab6e000
1846891 brk(0x5594cab8f000)             = 0x5594cab8f000
1846891 openat(AT_FDCWD, "/usr/lib/locale/locale-archive", O_RDONLY|O_CLOEXEC) = 3
1846891 fstat(3, {st_mode=S_IFREG|0644, st_size=232351648, ...}) = 0
1846891 mmap(NULL, 232351648, PROT_READ, MAP_PRIVATE, 3, 0) = 0x7fa007600000
1846891 close(3)                        = 0
1846891 fstat(1, {st_mode=S_IFIFO|0600, st_size=0, ...}) = 0
1846891 write(1, "/home/shorty/Android/Sdk/ndk/25."..., 84) = 84
1846891 close(1 <unfinished ...>
1846890 <... read resumed>"/home/shorty/Android/Sdk/ndk/25."..., 4096) = 84
1846891 <... close resumed>)            = 0
1846891 close(2)                        = 0
1846890 read(3,  <unfinished ...>
1846891 exit_group(0)                   = ?
1846890 <... read resumed>"", 4096)     = 0
1846890 close(3 <unfinished ...>
1846891 +++ exited with 0 +++
1846890 <... close resumed>)            = 0
1846890 --- SIGCHLD {si_signo=SIGCHLD, si_code=CLD_EXITED, si_pid=1846891, si_uid=1000, si_status=0, si_utime=0, si_stime=0} ---
1846890 wait4(-1, [{WIFEXITED(s) && WEXITSTATUS(s) == 0}], WNOHANG, NULL) = 1846891
1846890 wait4(-1, 0x7fff935a8ed0, WNOHANG, NULL) = -1 ECHILD (No child processes)
1846890 rt_sigreturn({mask=[INT]})      = 0
1846890 rt_sigprocmask(SIG_SETMASK, [], NULL, 8) = 0
1846890 rt_sigprocmask(SIG_BLOCK, [CHLD], [], 8) = 0
1846890 rt_sigaction(SIGINT, {sa_handler=0x55e8c45bc580, sa_mask=[], sa_flags=SA_RESTORER, sa_restorer=0x7fa3ea3da050}, {sa_handler=SIG_DFL, sa_mask=[], sa_flags=SA_RESTORER, sa_restorer=0x7fa3ea3da050}, 8) = 0
1846890 rt_sigaction(SIGINT, {sa_handler=SIG_DFL, sa_mask=[], sa_flags=SA_RESTORER, sa_restorer=0x7fa3ea3da050}, {sa_handler=0x55e8c45bc580, sa_mask=[], sa_flags=SA_RESTORER, sa_restorer=0x7fa3ea3da050}, 8) = 0
1846890 rt_sigprocmask(SIG_SETMASK, [], NULL, 8) = 0
1846890 read(255, "if [ \"$1\" != \"-cc1\" ]; then\n    "..., 192) = 157
1846890 rt_sigprocmask(SIG_BLOCK, NULL, [], 8) = 0
1846890 rt_sigprocmask(SIG_BLOCK, [INT TERM CHLD], [], 8) = 0
1846890 rt_sigprocmask(SIG_BLOCK, [CHLD], [INT TERM CHLD], 8) = 0
1846890 rt_sigprocmask(SIG_SETMASK, [INT TERM CHLD], NULL, 8) = 0
1846890 clone(child_stack=NULL, flags=CLONE_CHILD_CLEARTID|CLONE_CHILD_SETTID|SIGCHLD, child_tidptr=0x7fa3ea3bda10) = 1846892
1846890 rt_sigprocmask(SIG_SETMASK, [], NULL, 8) = 0
1846892 set_robust_list(0x7fa3ea3bda20, 24 <unfinished ...>
1846890 rt_sigprocmask(SIG_BLOCK, [CHLD],  <unfinished ...>
1846892 <... set_robust_list resumed>)  = 0
1846890 <... rt_sigprocmask resumed>[], 8) = 0
1846890 rt_sigprocmask(SIG_SETMASK, [],  <unfinished ...>
1846892 getpid( <unfinished ...>
1846890 <... rt_sigprocmask resumed>NULL, 8) = 0
1846890 rt_sigprocmask(SIG_BLOCK, [CHLD],  <unfinished ...>
1846892 <... getpid resumed>)           = 1846892
1846890 <... rt_sigprocmask resumed>[], 8) = 0
1846892 close(255 <unfinished ...>
1846890 rt_sigaction(SIGINT, {sa_handler=0x55e8c45bc580, sa_mask=[], sa_flags=SA_RESTORER, sa_restorer=0x7fa3ea3da050},  <unfinished ...>
1846892 <... close resumed>)            = 0
1846890 <... rt_sigaction resumed>{sa_handler=SIG_DFL, sa_mask=[], sa_flags=SA_RESTORER, sa_restorer=0x7fa3ea3da050}, 8) = 0
1846892 rt_sigprocmask(SIG_SETMASK, [],  <unfinished ...>
1846890 wait4(-1,  <unfinished ...>
1846892 <... rt_sigprocmask resumed>NULL, 8) = 0
1846892 rt_sigaction(SIGTSTP, {sa_handler=SIG_DFL, sa_mask=[], sa_flags=SA_RESTORER, sa_restorer=0x7fa3ea3da050}, {sa_handler=SIG_DFL, sa_mask=[], sa_flags=SA_RESTORER, sa_restorer=0x7fa3ea3da050}, 8) = 0
1846892 rt_sigaction(SIGTTIN, {sa_handler=SIG_DFL, sa_mask=[], sa_flags=SA_RESTORER, sa_restorer=0x7fa3ea3da050}, {sa_handler=SIG_DFL, sa_mask=[], sa_flags=SA_RESTORER, sa_restorer=0x7fa3ea3da050}, 8) = 0
1846892 rt_sigaction(SIGTTOU, {sa_handler=SIG_DFL, sa_mask=[], sa_flags=SA_RESTORER, sa_restorer=0x7fa3ea3da050}, {sa_handler=SIG_DFL, sa_mask=[], sa_flags=SA_RESTORER, sa_restorer=0x7fa3ea3da050}, 8) = 0
1846892 rt_sigaction(SIGINT, {sa_handler=SIG_DFL, sa_mask=[], sa_flags=SA_RESTORER, sa_restorer=0x7fa3ea3da050}, {sa_handler=SIG_DFL, sa_mask=[], sa_flags=SA_RESTORER, sa_restorer=0x7fa3ea3da050}, 8) = 0
1846892 rt_sigaction(SIGQUIT, {sa_handler=SIG_DFL, sa_mask=[], sa_flags=SA_RESTORER, sa_restorer=0x7fa3ea3da050}, {sa_handler=SIG_IGN, sa_mask=[], sa_flags=SA_RESTORER, sa_restorer=0x7fa3ea3da050}, 8) = 0
1846892 rt_sigaction(SIGCHLD, {sa_handler=SIG_DFL, sa_mask=[], sa_flags=SA_RESTORER|SA_RESTART, sa_restorer=0x7fa3ea3da050}, {sa_handler=0x55e8c45b9140, sa_mask=[], sa_flags=SA_RESTORER|SA_RESTART, sa_restorer=0x7fa3ea3da050}, 8) = 0
1846892 execve("/home/shorty/Android/Sdk/ndk/25.2.9519653/toolchains/llvm/prebuilt/linux-x86_64/bin/clang", ["/home/shorty/Android/Sdk/ndk/25."..., "--target=x86_64-linux-android21", "-fPIC", "-c", "-x", "c", "-", "-o", "tmpunwind.o"], 0x55e8e9fb2f60 /* 112 vars */) = 0
1846892 brk(NULL)                       = 0x2b267000
1846892 mmap(NULL, 8192, PROT_READ|PROT_WRITE, MAP_PRIVATE|MAP_ANONYMOUS, -1, 0) = 0x7ff18c79a000
1846892 readlinkat(AT_FDCWD, "/proc/self/exe", "/home/shorty/Android/Sdk/ndk/25."..., 4096) = 92
1846892 access("/etc/ld.so.preload", R_OK) = -1 ENOENT (No such file or directory)
1846892 openat(AT_FDCWD, "/home/shorty/Android/Sdk/ndk/25.2.9519653/toolchains/llvm/prebuilt/linux-x86_64/bin/../lib64/glibc-hwcaps/x86-64-v3/libpthread.so.0", O_RDONLY|O_CLOEXEC) = -1 ENOENT (No such file or directory)
1846892 newfstatat(AT_FDCWD, "/home/shorty/Android/Sdk/ndk/25.2.9519653/toolchains/llvm/prebuilt/linux-x86_64/bin/../lib64/glibc-hwcaps/x86-64-v3/", 0x7ffd28239a40, 0) = -1 ENOENT (No such file or directory)
1846892 openat(AT_FDCWD, "/home/shorty/Android/Sdk/ndk/25.2.9519653/toolchains/llvm/prebuilt/linux-x86_64/bin/../lib64/glibc-hwcaps/x86-64-v2/libpthread.so.0", O_RDONLY|O_CLOEXEC) = -1 ENOENT (No such file or directory)
1846892 newfstatat(AT_FDCWD, "/home/shorty/Android/Sdk/ndk/25.2.9519653/toolchains/llvm/prebuilt/linux-x86_64/bin/../lib64/glibc-hwcaps/x86-64-v2/", 0x7ffd28239a40, 0) = -1 ENOENT (No such file or directory)
1846892 openat(AT_FDCWD, "/home/shorty/Android/Sdk/ndk/25.2.9519653/toolchains/llvm/prebuilt/linux-x86_64/bin/../lib64/libpthread.so.0", O_RDONLY|O_CLOEXEC) = -1 ENOENT (No such file or directory)
1846892 newfstatat(AT_FDCWD, "/home/shorty/Android/Sdk/ndk/25.2.9519653/toolchains/llvm/prebuilt/linux-x86_64/bin/../lib64/", {st_mode=S_IFDIR|0755, st_size=752, ...}, 0) = 0
1846892 openat(AT_FDCWD, "/etc/ld.so.cache", O_RDONLY|O_CLOEXEC) = 3
1846892 fstat(3, {st_mode=S_IFREG|0644, st_size=171419, ...}) = 0
1846892 mmap(NULL, 171419, PROT_READ, MAP_PRIVATE, 3, 0) = 0x7ff18c770000
1846892 close(3)                        = 0
1846892 openat(AT_FDCWD, "/lib64/libpthread.so.0", O_RDONLY|O_CLOEXEC) = 3
1846892 read(3, "\177ELF\2\1\1\0\0\0\0\0\0\0\0\0\3\0>\0\1\0\0\0\0\0\0\0\0\0\0\0"..., 832) = 832
1846892 fstat(3, {st_mode=S_IFREG|0755, st_size=15640, ...}) = 0
1846892 mmap(NULL, 16392, PROT_READ, MAP_PRIVATE|MAP_DENYWRITE, 3, 0) = 0x7ff18c76b000
1846892 mmap(0x7ff18c76c000, 4096, PROT_READ|PROT_EXEC, MAP_PRIVATE|MAP_FIXED|MAP_DENYWRITE, 3, 0x1000) = 0x7ff18c76c000
1846892 mmap(0x7ff18c76d000, 4096, PROT_READ, MAP_PRIVATE|MAP_FIXED|MAP_DENYWRITE, 3, 0x2000) = 0x7ff18c76d000
1846892 mmap(0x7ff18c76e000, 4096, PROT_READ|PROT_WRITE, MAP_PRIVATE|MAP_FIXED|MAP_DENYWRITE, 3, 0x2000) = 0x7ff18c76e000
1846892 mmap(0x7ff18c76f000, 8, PROT_READ|PROT_WRITE, MAP_PRIVATE|MAP_FIXED|MAP_ANONYMOUS, -1, 0) = 0x7ff18c76f000
1846892 close(3)                        = 0
1846892 openat(AT_FDCWD, "/home/shorty/Android/Sdk/ndk/25.2.9519653/toolchains/llvm/prebuilt/linux-x86_64/bin/../lib64/librt.so.1", O_RDONLY|O_CLOEXEC) = -1 ENOENT (No such file or directory)
1846892 openat(AT_FDCWD, "/lib64/librt.so.1", O_RDONLY|O_CLOEXEC) = 3
1846892 read(3, "\177ELF\2\1\1\0\0\0\0\0\0\0\0\0\3\0>\0\1\0\0\0\0\0\0\0\0\0\0\0"..., 832) = 832
1846892 fstat(3, {st_mode=S_IFREG|0755, st_size=15808, ...}) = 0
1846892 mmap(NULL, 16392, PROT_READ, MAP_PRIVATE|MAP_DENYWRITE, 3, 0) = 0x7ff18c766000
1846892 mmap(0x7ff18c767000, 4096, PROT_READ|PROT_EXEC, MAP_PRIVATE|MAP_FIXED|MAP_DENYWRITE, 3, 0x1000) = 0x7ff18c767000
1846892 mmap(0x7ff18c768000, 4096, PROT_READ, MAP_PRIVATE|MAP_FIXED|MAP_DENYWRITE, 3, 0x2000) = 0x7ff18c768000
1846892 mmap(0x7ff18c769000, 4096, PROT_READ|PROT_WRITE, MAP_PRIVATE|MAP_FIXED|MAP_DENYWRITE, 3, 0x2000) = 0x7ff18c769000
1846892 mmap(0x7ff18c76a000, 8, PROT_READ|PROT_WRITE, MAP_PRIVATE|MAP_FIXED|MAP_ANONYMOUS, -1, 0) = 0x7ff18c76a000
1846892 close(3)                        = 0
1846892 openat(AT_FDCWD, "/home/shorty/Android/Sdk/ndk/25.2.9519653/toolchains/llvm/prebuilt/linux-x86_64/bin/../lib64/libdl.so.2", O_RDONLY|O_CLOEXEC) = -1 ENOENT (No such file or directory)
1846892 openat(AT_FDCWD, "/lib64/libdl.so.2", O_RDONLY|O_CLOEXEC) = 3
1846892 read(3, "\177ELF\2\1\1\0\0\0\0\0\0\0\0\0\3\0>\0\1\0\0\0\0\0\0\0\0\0\0\0"..., 832) = 832
1846892 fstat(3, {st_mode=S_IFREG|0755, st_size=15632, ...}) = 0
1846892 mmap(NULL, 16392, PROT_READ, MAP_PRIVATE|MAP_DENYWRITE, 3, 0) = 0x7ff18c761000
1846892 mmap(0x7ff18c762000, 4096, PROT_READ|PROT_EXEC, MAP_PRIVATE|MAP_FIXED|MAP_DENYWRITE, 3, 0x1000) = 0x7ff18c762000
1846892 mmap(0x7ff18c763000, 4096, PROT_READ, MAP_PRIVATE|MAP_FIXED|MAP_DENYWRITE, 3, 0x2000) = 0x7ff18c763000
1846892 mmap(0x7ff18c764000, 4096, PROT_READ|PROT_WRITE, MAP_PRIVATE|MAP_FIXED|MAP_DENYWRITE, 3, 0x2000) = 0x7ff18c764000
1846892 mmap(0x7ff18c765000, 8, PROT_READ|PROT_WRITE, MAP_PRIVATE|MAP_FIXED|MAP_ANONYMOUS, -1, 0) = 0x7ff18c765000
1846892 close(3)                        = 0
1846892 openat(AT_FDCWD, "/home/shorty/Android/Sdk/ndk/25.2.9519653/toolchains/llvm/prebuilt/linux-x86_64/bin/../lib64/libm.so.6", O_RDONLY|O_CLOEXEC) = -1 ENOENT (No such file or directory)
1846892 openat(AT_FDCWD, "/lib64/libm.so.6", O_RDONLY|O_CLOEXEC) = 3
1846892 read(3, "\177ELF\2\1\1\3\0\0\0\0\0\0\0\0\3\0>\0\1\0\0\0\0\0\0\0\0\0\0\0"..., 832) = 832
1846892 fstat(3, {st_mode=S_IFREG|0755, st_size=956824, ...}) = 0
1846892 mmap(NULL, 938000, PROT_READ, MAP_PRIVATE|MAP_DENYWRITE, 3, 0) = 0x7ff18c67b000
1846892 mmap(0x7ff18c67c000, 495616, PROT_READ|PROT_EXEC, MAP_PRIVATE|MAP_FIXED|MAP_DENYWRITE, 3, 0x1000) = 0x7ff18c67c000
1846892 mmap(0x7ff18c6f5000, 434176, PROT_READ, MAP_PRIVATE|MAP_FIXED|MAP_DENYWRITE, 3, 0x7a000) = 0x7ff18c6f5000
1846892 mmap(0x7ff18c75f000, 8192, PROT_READ|PROT_WRITE, MAP_PRIVATE|MAP_FIXED|MAP_DENYWRITE, 3, 0xe3000) = 0x7ff18c75f000
1846892 close(3)                        = 0
1846892 openat(AT_FDCWD, "/home/shorty/Android/Sdk/ndk/25.2.9519653/toolchains/llvm/prebuilt/linux-x86_64/bin/../lib64/libz.so.1", O_RDONLY|O_CLOEXEC) = -1 ENOENT (No such file or directory)
1846892 openat(AT_FDCWD, "/lib64/libz.so.1", O_RDONLY|O_CLOEXEC) = 3
1846892 read(3, "\177ELF\2\1\1\0\0\0\0\0\0\0\0\0\3\0>\0\1\0\0\0\0\0\0\0\0\0\0\0"..., 832) = 832
1846892 fstat(3, {st_mode=S_IFREG|0755, st_size=145224, ...}) = 0
1846892 mmap(NULL, 143488, PROT_READ, MAP_PRIVATE|MAP_DENYWRITE, 3, 0) = 0x7ff18c657000
1846892 mmap(0x7ff18c658000, 94208, PROT_READ|PROT_EXEC, MAP_PRIVATE|MAP_FIXED|MAP_DENYWRITE, 3, 0x1000) = 0x7ff18c658000
1846892 mmap(0x7ff18c66f000, 40960, PROT_READ, MAP_PRIVATE|MAP_FIXED|MAP_DENYWRITE, 3, 0x18000) = 0x7ff18c66f000
1846892 mmap(0x7ff18c679000, 8192, PROT_READ|PROT_WRITE, MAP_PRIVATE|MAP_FIXED|MAP_DENYWRITE, 3, 0x21000) = 0x7ff18c679000
1846892 close(3)                        = 0
1846892 openat(AT_FDCWD, "/home/shorty/Android/Sdk/ndk/25.2.9519653/toolchains/llvm/prebuilt/linux-x86_64/bin/../lib64/libc++.so.1", O_RDONLY|O_CLOEXEC) = 3
1846892 read(3, "\177ELF\2\1\1\0\0\0\0\0\0\0\0\0\3\0>\0\1\0\0\0\0\0\0\0\0\0\0\0"..., 832) = 832
1846892 fstat(3, {st_mode=S_IFREG|0644, st_size=2015120, ...}) = 0
1846892 mmap(NULL, 8192, PROT_READ|PROT_WRITE, MAP_PRIVATE|MAP_ANONYMOUS, -1, 0) = 0x7ff18c655000
1846892 mmap(NULL, 1159028, PROT_READ, MAP_PRIVATE|MAP_DENYWRITE, 3, 0) = 0x7ff18c53a000
1846892 mmap(0x7ff18c5d4000, 458752, PROT_READ|PROT_EXEC, MAP_PRIVATE|MAP_FIXED|MAP_DENYWRITE, 3, 0x99000) = 0x7ff18c5d4000
1846892 mmap(0x7ff18c644000, 36864, PROT_READ|PROT_WRITE, MAP_PRIVATE|MAP_FIXED|MAP_DENYWRITE, 3, 0x108000) = 0x7ff18c644000
1846892 mmap(0x7ff18c64d000, 4096, PROT_READ|PROT_WRITE, MAP_PRIVATE|MAP_FIXED|MAP_DENYWRITE, 3, 0x111000) = 0x7ff18c64d000
1846892 mmap(0x7ff18c64e000, 28532, PROT_READ|PROT_WRITE, MAP_PRIVATE|MAP_FIXED|MAP_ANONYMOUS, -1, 0) = 0x7ff18c64e000
1846892 close(3)                        = 0
1846892 openat(AT_FDCWD, "/home/shorty/Android/Sdk/ndk/25.2.9519653/toolchains/llvm/prebuilt/linux-x86_64/bin/../lib64/libgcc_s.so.1", O_RDONLY|O_CLOEXEC) = -1 ENOENT (No such file or directory)
1846892 openat(AT_FDCWD, "/lib64/libgcc_s.so.1", O_RDONLY|O_CLOEXEC) = 3
1846892 read(3, "\177ELF\2\1\1\0\0\0\0\0\0\0\0\0\3\0>\0\1\0\0\0\0\0\0\0\0\0\0\0"..., 832) = 832
1846892 fstat(3, {st_mode=S_IFREG|0755, st_size=186800, ...}) = 0
1846892 mmap(NULL, 188872, PROT_READ, MAP_PRIVATE|MAP_DENYWRITE, 3, 0) = 0x7ff18c50b000
1846892 mmap(0x7ff18c50c000, 147456, PROT_READ|PROT_EXEC, MAP_PRIVATE|MAP_FIXED|MAP_DENYWRITE, 3, 0x1000) = 0x7ff18c50c000
1846892 mmap(0x7ff18c530000, 32768, PROT_READ, MAP_PRIVATE|MAP_FIXED|MAP_DENYWRITE, 3, 0x25000) = 0x7ff18c530000
1846892 mmap(0x7ff18c538000, 4096, PROT_READ|PROT_WRITE, MAP_PRIVATE|MAP_FIXED|MAP_DENYWRITE, 3, 0x2c000) = 0x7ff18c538000
1846892 mmap(0x7ff18c539000, 456, PROT_READ|PROT_WRITE, MAP_PRIVATE|MAP_FIXED|MAP_ANONYMOUS, -1, 0) = 0x7ff18c539000
1846892 close(3)                        = 0
1846892 openat(AT_FDCWD, "/home/shorty/Android/Sdk/ndk/25.2.9519653/toolchains/llvm/prebuilt/linux-x86_64/bin/../lib64/libc.so.6", O_RDONLY|O_CLOEXEC) = -1 ENOENT (No such file or directory)
1846892 openat(AT_FDCWD, "/lib64/libc.so.6", O_RDONLY|O_CLOEXEC) = 3
1846892 read(3, "\177ELF\2\1\1\3\0\0\0\0\0\0\0\0\3\0>\0\1\0\0\0 4\0\0\0\0\0\0"..., 832) = 832
1846892 pread64(3, "\6\0\0\0\4\0\0\0@\0\0\0\0\0\0\0@\0\0\0\0\0\0\0@\0\0\0\0\0\0\0"..., 784, 64) = 784
1846892 fstat(3, {st_mode=S_IFREG|0755, st_size=2454144, ...}) = 0
1846892 pread64(3, "\6\0\0\0\4\0\0\0@\0\0\0\0\0\0\0@\0\0\0\0\0\0\0@\0\0\0\0\0\0\0"..., 784, 64) = 784
1846892 mmap(NULL, 2042904, PROT_READ, MAP_PRIVATE|MAP_DENYWRITE, 3, 0) = 0x7ff18c318000
1846892 mmap(0x7ff18c319000, 1503232, PROT_READ|PROT_EXEC, MAP_PRIVATE|MAP_FIXED|MAP_DENYWRITE, 3, 0x1000) = 0x7ff18c319000
1846892 mmap(0x7ff18c488000, 479232, PROT_READ, MAP_PRIVATE|MAP_FIXED|MAP_DENYWRITE, 3, 0x170000) = 0x7ff18c488000
1846892 mmap(0x7ff18c4fd000, 24576, PROT_READ|PROT_WRITE, MAP_PRIVATE|MAP_FIXED|MAP_DENYWRITE, 3, 0x1e5000) = 0x7ff18c4fd000
1846892 mmap(0x7ff18c503000, 31768, PROT_READ|PROT_WRITE, MAP_PRIVATE|MAP_FIXED|MAP_ANONYMOUS, -1, 0) = 0x7ff18c503000
1846892 close(3)                        = 0
1846892 mmap(NULL, 8192, PROT_READ|PROT_WRITE, MAP_PRIVATE|MAP_ANONYMOUS, -1, 0) = 0x7ff18c316000
1846892 arch_prctl(ARCH_SET_FS, 0x7ff18c3170c0) = 0
1846892 set_tid_address(0x7ff18c317390) = 1846892
1846892 set_robust_list(0x7ff18c3173a0, 24) = 0
1846892 rseq(0x7ff18c3179e0, 0x20, 0, 0x53053053) = 0
1846892 mprotect(0x7ff18c4fd000, 16384, PROT_READ) = 0
1846892 mprotect(0x7ff18c538000, 4096, PROT_READ) = 0
1846892 mprotect(0x7ff18c76e000, 4096, PROT_READ) = 0
1846892 mprotect(0x7ff18c75f000, 4096, PROT_READ) = 0
1846892 mprotect(0x7ff18c769000, 4096, PROT_READ) = 0
1846892 mprotect(0x7ff18c644000, 36864, PROT_READ) = 0
1846892 mprotect(0x7ff18c679000, 4096, PROT_READ) = 0
1846892 mprotect(0x7ff18c764000, 4096, PROT_READ) = 0
1846892 mprotect(0x5b26000, 8192, PROT_READ) = 0
1846892 mprotect(0x7ff18c7d7000, 8192, PROT_READ) = 0
1846892 prlimit64(0, RLIMIT_STACK, NULL, {rlim_cur=8192*1024, rlim_max=RLIM64_INFINITY}) = 0
1846892 munmap(0x7ff18c770000, 171419)  = 0
1846892 gettid()                        = 1846892
1846892 gettid()                        = 1846892
1846892 gettid()                        = 1846892
1846892 gettid()                        = 1846892
1846892 gettid()                        = 1846892
1846892 gettid()                        = 1846892
1846892 getrandom("\x84\x42\xe5\x74\x9d\x1f\xac\x2d", 8, GRND_NONBLOCK) = 8
1846892 brk(NULL)                       = 0x2b267000
1846892 brk(0x2b288000)                 = 0x2b288000
1846892 brk(0x2b2a9000)                 = 0x2b2a9000
1846892 sigaltstack(NULL, {ss_sp=NULL, ss_flags=SS_DISABLE, ss_size=0}) = 0
1846892 brk(0x2b2d3000)                 = 0x2b2d3000
1846892 sigaltstack({ss_sp=0x2b2a2310, ss_flags=0, ss_size=67584}, {ss_sp=NULL, ss_flags=SS_DISABLE, ss_size=0}) = 0
1846892 rt_sigaction(SIGHUP, {sa_handler=0x47d9450, sa_mask=[], sa_flags=SA_RESTORER|SA_ONSTACK|SA_NODEFER|SA_RESETHAND|0xffffffff00000000, sa_restorer=0x7ff18c332050}, {sa_handler=SIG_DFL, sa_mask=[], sa_flags=0}, 8) = 0
1846892 rt_sigaction(SIGINT, {sa_handler=0x47d9450, sa_mask=[], sa_flags=SA_RESTORER|SA_ONSTACK|SA_NODEFER|SA_RESETHAND|0xffffffff00000000, sa_restorer=0x7ff18c332050}, {sa_handler=SIG_DFL, sa_mask=[], sa_flags=0}, 8) = 0
1846892 rt_sigaction(SIGTERM, {sa_handler=0x47d9450, sa_mask=[], sa_flags=SA_RESTORER|SA_ONSTACK|SA_NODEFER|SA_RESETHAND|0xffffffff00000000, sa_restorer=0x7ff18c332050}, {sa_handler=SIG_DFL, sa_mask=[], sa_flags=0}, 8) = 0
1846892 rt_sigaction(SIGUSR2, {sa_handler=0x47d9450, sa_mask=[], sa_flags=SA_RESTORER|SA_ONSTACK|SA_NODEFER|SA_RESETHAND|0xffffffff00000000, sa_restorer=0x7ff18c332050}, {sa_handler=SIG_DFL, sa_mask=[], sa_flags=0}, 8) = 0
1846892 rt_sigaction(SIGILL, {sa_handler=0x47d9450, sa_mask=[], sa_flags=SA_RESTORER|SA_ONSTACK|SA_NODEFER|SA_RESETHAND|0xffffffff00000000, sa_restorer=0x7ff18c332050}, {sa_handler=SIG_DFL, sa_mask=[], sa_flags=0}, 8) = 0
1846892 rt_sigaction(SIGTRAP, {sa_handler=0x47d9450, sa_mask=[], sa_flags=SA_RESTORER|SA_ONSTACK|SA_NODEFER|SA_RESETHAND|0xffffffff00000000, sa_restorer=0x7ff18c332050}, {sa_handler=SIG_DFL, sa_mask=[], sa_flags=0}, 8) = 0
1846892 rt_sigaction(SIGABRT, {sa_handler=0x47d9450, sa_mask=[], sa_flags=SA_RESTORER|SA_ONSTACK|SA_NODEFER|SA_RESETHAND|0xffffffff00000000, sa_restorer=0x7ff18c332050}, {sa_handler=SIG_DFL, sa_mask=[], sa_flags=0}, 8) = 0
1846892 rt_sigaction(SIGFPE, {sa_handler=0x47d9450, sa_mask=[], sa_flags=SA_RESTORER|SA_ONSTACK|SA_NODEFER|SA_RESETHAND|0xffffffff00000000, sa_restorer=0x7ff18c332050}, {sa_handler=SIG_DFL, sa_mask=[], sa_flags=0}, 8) = 0
1846892 rt_sigaction(SIGBUS, {sa_handler=0x47d9450, sa_mask=[], sa_flags=SA_RESTORER|SA_ONSTACK|SA_NODEFER|SA_RESETHAND|0xffffffff00000000, sa_restorer=0x7ff18c332050}, {sa_handler=SIG_DFL, sa_mask=[], sa_flags=0}, 8) = 0
1846892 rt_sigaction(SIGSEGV, {sa_handler=0x47d9450, sa_mask=[], sa_flags=SA_RESTORER|SA_ONSTACK|SA_NODEFER|SA_RESETHAND|0xffffffff00000000, sa_restorer=0x7ff18c332050}, {sa_handler=SIG_DFL, sa_mask=[], sa_flags=0}, 8) = 0
1846892 rt_sigaction(SIGQUIT, {sa_handler=0x47d9450, sa_mask=[], sa_flags=SA_RESTORER|SA_ONSTACK|SA_NODEFER|SA_RESETHAND|0xffffffff00000000, sa_restorer=0x7ff18c332050}, {sa_handler=SIG_DFL, sa_mask=[], sa_flags=0}, 8) = 0
1846892 rt_sigaction(SIGSYS, {sa_handler=0x47d9450, sa_mask=[], sa_flags=SA_RESTORER|SA_ONSTACK|SA_NODEFER|SA_RESETHAND|0xffffffff00000000, sa_restorer=0x7ff18c332050}, {sa_handler=SIG_DFL, sa_mask=[], sa_flags=0}, 8) = 0
1846892 rt_sigaction(SIGXCPU, {sa_handler=0x47d9450, sa_mask=[], sa_flags=SA_RESTORER|SA_ONSTACK|SA_NODEFER|SA_RESETHAND|0xffffffff00000000, sa_restorer=0x7ff18c332050}, {sa_handler=SIG_DFL, sa_mask=[], sa_flags=0}, 8) = 0
1846892 rt_sigaction(SIGXFSZ, {sa_handler=0x47d9450, sa_mask=[], sa_flags=SA_RESTORER|SA_ONSTACK|SA_NODEFER|SA_RESETHAND|0xffffffff00000000, sa_restorer=0x7ff18c332050}, {sa_handler=SIG_DFL, sa_mask=[], sa_flags=0}, 8) = 0
1846892 rt_sigaction(SIGPIPE, {sa_handler=0x47d9450, sa_mask=[], sa_flags=SA_RESTORER|SA_ONSTACK|SA_NODEFER|SA_RESETHAND|0xffffffff00000000, sa_restorer=0x7ff18c332050}, {sa_handler=SIG_DFL, sa_mask=[], sa_flags=0}, 8) = 0
1846892 rt_sigaction(SIGUSR1, {sa_handler=0x47d9160, sa_mask=[], sa_flags=SA_RESTORER|SA_ONSTACK, sa_restorer=0x7ff18c332050}, {sa_handler=SIG_DFL, sa_mask=[], sa_flags=0}, 8) = 0
1846892 gettid()                        = 1846892
1846892 fstat(0, {st_mode=S_IFIFO|0600, st_size=0, ...}) = 0
1846892 fstat(1, {st_mode=S_IFIFO|0600, st_size=0, ...}) = 0
1846892 fstat(2, {st_mode=S_IFCHR|0666, st_rdev=makedev(0x1, 0x3), ...}) = 0
1846892 gettid()                        = 1846892
1846892 gettid()                        = 1846892
1846892 gettid()                        = 1846892
1846892 gettid()                        = 1846892
1846892 gettid()                        = 1846892
1846892 gettid()                        = 1846892
1846892 gettid()                        = 1846892
1846892 gettid()                        = 1846892
1846892 gettid()                        = 1846892
1846892 gettid()                        = 1846892
1846892 gettid()                        = 1846892
1846892 gettid()                        = 1846892
1846892 gettid()                        = 1846892
1846892 gettid()                        = 1846892
1846892 gettid()                        = 1846892
1846892 gettid()                        = 1846892
1846892 gettid()                        = 1846892
1846892 mmap(NULL, 192512, PROT_READ|PROT_WRITE, MAP_PRIVATE|MAP_ANONYMOUS, -1, 0) = 0x7ff18c2e7000
1846892 gettid()                        = 1846892
1846892 access("/proc/self/exe", F_OK)  = 0
1846892 readlink("/proc/self/exe", "/home/shorty/Android/Sdk/ndk/25."..., 4096) = 92
1846892 readlink("/home", 0x7ffd28237f20, 1023) = -1 EINVAL (Invalid argument)
1846892 readlink("/home/shorty", 0x7ffd28237f20, 1023) = -1 EINVAL (Invalid argument)
1846892 readlink("/home/shorty/Android", 0x7ffd28237f20, 1023) = -1 EINVAL (Invalid argument)
1846892 readlink("/home/shorty/Android/Sdk", 0x7ffd28237f20, 1023) = -1 EINVAL (Invalid argument)
1846892 readlink("/home/shorty/Android/Sdk/ndk", 0x7ffd28237f20, 1023) = -1 EINVAL (Invalid argument)
1846892 readlink("/home/shorty/Android/Sdk/ndk/25.2.9519653", 0x7ffd28237f20, 1023) = -1 EINVAL (Invalid argument)
1846892 readlink("/home/shorty/Android/Sdk/ndk/25.2.9519653/toolchains", 0x7ffd28237f20, 1023) = -1 EINVAL (Invalid argument)
1846892 readlink("/home/shorty/Android/Sdk/ndk/25.2.9519653/toolchains/llvm", 0x7ffd28237f20, 1023) = -1 EINVAL (Invalid argument)
1846892 readlink("/home/shorty/Android/Sdk/ndk/25.2.9519653/toolchains/llvm/prebuilt", 0x7ffd28237f20, 1023) = -1 EINVAL (Invalid argument)
1846892 readlink("/home/shorty/Android/Sdk/ndk/25.2.9519653/toolchains/llvm/prebuilt/linux-x86_64", 0x7ffd28237f20, 1023) = -1 EINVAL (Invalid argument)
1846892 readlink("/home/shorty/Android/Sdk/ndk/25.2.9519653/toolchains/llvm/prebuilt/linux-x86_64/bin", 0x7ffd28237f20, 1023) = -1 EINVAL (Invalid argument)
1846892 readlink("/home/shorty/Android/Sdk/ndk/25.2.9519653/toolchains/llvm/prebuilt/linux-x86_64/bin/clang-14", 0x7ffd28237f20, 1023) = -1 EINVAL (Invalid argument)
1846892 ioctl(2, TCGETS, 0x7ffd28238cd0) = -1 ENOTTY (Inappropriate ioctl for device)
1846892 gettid()                        = 1846892
1846892 lseek(2, 0, SEEK_CUR)           = 0
1846892 fstat(2, {st_mode=S_IFCHR|0666, st_rdev=makedev(0x1, 0x3), ...}) = 0
1846892 access("/home/shorty/Android/Sdk/ndk/25.2.9519653/toolchains/llvm/prebuilt/linux-x86_64/bin", F_OK) = 0
1846892 rt_sigaction(SIGABRT, {sa_handler=0x47a3f30, sa_mask=[], sa_flags=SA_RESTORER, sa_restorer=0x7ff18c332050}, {sa_handler=0x47d9450, sa_mask=[], sa_flags=SA_RESTORER|SA_ONSTACK|SA_NODEFER|SA_RESETHAND, sa_restorer=0x7ff18c332050}, 8) = 0
1846892 rt_sigaction(SIGBUS, {sa_handler=0x47a3f30, sa_mask=[], sa_flags=SA_RESTORER, sa_restorer=0x7ff18c332050}, {sa_handler=0x47d9450, sa_mask=[], sa_flags=SA_RESTORER|SA_ONSTACK|SA_NODEFER|SA_RESETHAND, sa_restorer=0x7ff18c332050}, 8) = 0
1846892 rt_sigaction(SIGFPE, {sa_handler=0x47a3f30, sa_mask=[], sa_flags=SA_RESTORER, sa_restorer=0x7ff18c332050}, {sa_handler=0x47d9450, sa_mask=[], sa_flags=SA_RESTORER|SA_ONSTACK|SA_NODEFER|SA_RESETHAND, sa_restorer=0x7ff18c332050}, 8) = 0
1846892 rt_sigaction(SIGILL, {sa_handler=0x47a3f30, sa_mask=[], sa_flags=SA_RESTORER, sa_restorer=0x7ff18c332050}, {sa_handler=0x47d9450, sa_mask=[], sa_flags=SA_RESTORER|SA_ONSTACK|SA_NODEFER|SA_RESETHAND, sa_restorer=0x7ff18c332050}, 8) = 0
1846892 rt_sigaction(SIGSEGV, {sa_handler=0x47a3f30, sa_mask=[], sa_flags=SA_RESTORER, sa_restorer=0x7ff18c332050}, {sa_handler=0x47d9450, sa_mask=[], sa_flags=SA_RESTORER|SA_ONSTACK|SA_NODEFER|SA_RESETHAND, sa_restorer=0x7ff18c332050}, 8) = 0
1846892 rt_sigaction(SIGTRAP, {sa_handler=0x47a3f30, sa_mask=[], sa_flags=SA_RESTORER, sa_restorer=0x7ff18c332050}, {sa_handler=0x47d9450, sa_mask=[], sa_flags=SA_RESTORER|SA_ONSTACK|SA_NODEFER|SA_RESETHAND, sa_restorer=0x7ff18c332050}, 8) = 0
1846892 stat("/home/shorty/Android/Sdk/ndk/25.2.9519653/toolchains/llvm/prebuilt/linux-x86_64/lib64/clang/14.0.7/lib/x86_64-unknown-linux-android21", 0x7ffd28238b68) = -1 ENOENT (No such file or directory)
1846892 gettid()                        = 1846892
1846892 stat("/home/shorty/Android/Sdk/ndk/25.2.9519653/toolchains/llvm/prebuilt/linux-x86_64/lib64/clang/14.0.7/lib/x86_64-unknown-linux-android", 0x7ffd28238b68) = -1 ENOENT (No such file or directory)
1846892 stat("/home/shorty/Android/Sdk/ndk/25.2.9519653/toolchains/llvm/prebuilt/linux-x86_64/bin/../lib/x86_64-unknown-linux-android21", 0x7ffd28238b68) = -1 ENOENT (No such file or directory)
1846892 stat("/home/shorty/Android/Sdk/ndk/25.2.9519653/toolchains/llvm/prebuilt/linux-x86_64/lib64/clang/14.0.7/lib/linux/x86_64", {st_mode=S_IFDIR|0755, st_size=122, ...}) = 0
1846892 access("/home/shorty/Android/Sdk/ndk/25.2.9519653/toolchains/llvm/prebuilt/linux-x86_64/bin/ptxas", R_OK|X_OK) = -1 ENOENT (No such file or directory)
1846892 access("/home/shorty/.yarn/bin/ptxas", R_OK|X_OK) = -1 ENOENT (No such file or directory)
1846892 access("/home/shorty/.nvm/versions/node/v22.14.0/bin/ptxas", R_OK|X_OK) = -1 ENOENT (No such file or directory)
1846892 access("/home/shorty/.cargo/bin/ptxas", R_OK|X_OK) = -1 ENOENT (No such file or directory)
1846892 access("/home/shorty/bin/ptxas", R_OK|X_OK) = -1 ENOENT (No such file or directory)
1846892 access("/home/shorty/.local/bin/ptxas", R_OK|X_OK) = -1 ENOENT (No such file or directory)
1846892 access("/usr/games/ptxas", R_OK|X_OK) = -1 ENOENT (No such file or directory)
1846892 access("/usr/lib64/qt-3.3/bin/ptxas", R_OK|X_OK) = -1 ENOENT (No such file or directory)
1846892 access("/usr/lib64/ccache/ptxas", R_OK|X_OK) = -1 ENOENT (No such file or directory)
1846892 access("/usr/local/bin/ptxas", R_OK|X_OK) = -1 ENOENT (No such file or directory)
1846892 access("/usr/bin/ptxas", R_OK|X_OK) = -1 ENOENT (No such file or directory)
1846892 access("/bin/ptxas", R_OK|X_OK) = -1 ENOENT (No such file or directory)
1846892 access("/usr/local/sbin/ptxas", R_OK|X_OK) = -1 ENOENT (No such file or directory)
1846892 access("/usr/sbin/ptxas", R_OK|X_OK) = -1 ENOENT (No such file or directory)
1846892 access("/sbin/ptxas", R_OK|X_OK) = -1 ENOENT (No such file or directory)
1846892 access("/home/shorty/.dotnet/tools/ptxas", R_OK|X_OK) = -1 ENOENT (No such file or directory)
1846892 gettid()                        = 1846892
1846892 openat(AT_FDCWD, "/etc/os-release", O_RDONLY|O_CLOEXEC) = 3
1846892 gettid()                        = 1846892
1846892 access("/proc/self/fd", R_OK)   = 0
1846892 readlink("/proc/self/fd/3", "/usr/lib/os-release", 4096) = 19
1846892 gettid()                        = 1846892
1846892 gettid()                        = 1846892
1846892 fstat(3, {st_mode=S_IFREG|0644, st_size=682, ...}) = 0
1846892 pread64(3, "NAME=\"Fedora Linux\"\nVERSION=\"41 "..., 682, 0) = 682
1846892 rt_sigprocmask(SIG_SETMASK, ~[RTMIN RT_1], [], 8) = 0
1846892 close(3)                        = 0
1846892 rt_sigprocmask(SIG_SETMASK, [], NULL, 8) = 0
1846892 stat("/usr/local/cuda", 0x7ffd28238b18) = -1 ENOENT (No such file or directory)
1846892 stat("/usr/local/cuda-8.0", 0x7ffd28238b18) = -1 ENOENT (No such file or directory)
1846892 stat("/usr/local/cuda-7.5", 0x7ffd28238b18) = -1 ENOENT (No such file or directory)
1846892 stat("/usr/local/cuda-7.0", 0x7ffd28238b18) = -1 ENOENT (No such file or directory)
1846892 readlink("/home", 0x7ffd28237270, 1023) = -1 EINVAL (Invalid argument)
1846892 readlink("/home/shorty", 0x7ffd28237270, 1023) = -1 EINVAL (Invalid argument)
1846892 readlink("/home/shorty/Android", 0x7ffd28237270, 1023) = -1 EINVAL (Invalid argument)
1846892 readlink("/home/shorty/Android/Sdk", 0x7ffd28237270, 1023) = -1 EINVAL (Invalid argument)
1846892 readlink("/home/shorty/Android/Sdk/ndk", 0x7ffd28237270, 1023) = -1 EINVAL (Invalid argument)
1846892 readlink("/home/shorty/Android/Sdk/ndk/25.2.9519653", 0x7ffd28237270, 1023) = -1 EINVAL (Invalid argument)
1846892 readlink("/home/shorty/Android/Sdk/ndk/25.2.9519653/toolchains", 0x7ffd28237270, 1023) = -1 EINVAL (Invalid argument)
1846892 readlink("/home/shorty/Android/Sdk/ndk/25.2.9519653/toolchains/llvm", 0x7ffd28237270, 1023) = -1 EINVAL (Invalid argument)
1846892 readlink("/home/shorty/Android/Sdk/ndk/25.2.9519653/toolchains/llvm/prebuilt", 0x7ffd28237270, 1023) = -1 EINVAL (Invalid argument)
1846892 readlink("/home/shorty/Android/Sdk/ndk/25.2.9519653/toolchains/llvm/prebuilt/linux-x86_64", 0x7ffd28237270, 1023) = -1 EINVAL (Invalid argument)
1846892 readlink("/home/shorty/Android/Sdk/ndk/25.2.9519653/toolchains/llvm/prebuilt/linux-x86_64/bin", 0x7ffd28237270, 1023) = -1 EINVAL (Invalid argument)
1846892 readlink("/home/shorty/Android/Sdk/ndk/25.2.9519653/toolchains/llvm/prebuilt/linux-x86_64/bin/clang-14", 0x7ffd28237270, 1023) = -1 EINVAL (Invalid argument)
1846892 openat(AT_FDCWD, "/opt", O_RDONLY|O_NONBLOCK|O_CLOEXEC|O_DIRECTORY) = 3
1846892 fstat(3, {st_mode=S_IFDIR|0755, st_size=68, ...}) = 0
1846892 getdents64(3, 0x2b2b5810 /* 7 entries */, 32768) = 208
1846892 getdents64(3, 0x2b2b5810 /* 0 entries */, 32768) = 0
1846892 close(3)                        = 0
1846892 stat("/home/shorty/Android/Sdk/ndk/25.2.9519653/toolchains/llvm/prebuilt/linux-x86_64", {st_mode=S_IFDIR|0755, st_size=374, ...}) = 0
1846892 openat(AT_FDCWD, "/home/shorty/Android/Sdk/ndk/25.2.9519653/toolchains/llvm/prebuilt/linux-x86_64/bin/.hipVersion", O_RDONLY|O_CLOEXEC) = -1 ENOENT (No such file or directory)
1846892 stat("/home/shorty/Android/Sdk/ndk/25.2.9519653/toolchains/llvm/prebuilt/linux-x86_64", {st_mode=S_IFDIR|0755, st_size=374, ...}) = 0
1846892 openat(AT_FDCWD, "/home/shorty/Android/Sdk/ndk/25.2.9519653/toolchains/llvm/prebuilt/linux-x86_64/bin/.hipVersion", O_RDONLY|O_CLOEXEC) = -1 ENOENT (No such file or directory)
1846892 stat("/home/shorty/Android/Sdk/ndk/25.2.9519653/toolchains/llvm/prebuilt/linux-x86_64/lib64/clang/14.0.7", {st_mode=S_IFDIR|0755, st_size=36, ...}) = 0
1846892 openat(AT_FDCWD, "/home/shorty/Android/Sdk/ndk/25.2.9519653/toolchains/llvm/prebuilt/linux-x86_64/lib64/clang/14.0.7/bin/.hipVersion", O_RDONLY|O_CLOEXEC) = -1 ENOENT (No such file or directory)
1846892 stat("/opt/rocm", 0x7ffd28238908) = -1 ENOENT (No such file or directory)
1846892 stat("/etc/env.d/gcc", 0x7ffd282387f8) = -1 ENOENT (No such file or directory)
1846892 stat("/home/shorty/Android/Sdk/ndk/25.2.9519653/toolchains/llvm/prebuilt/linux-x86_64/bin/..", {st_mode=S_IFDIR|0755, st_size=374, ...}) = 0
1846892 stat("/home/shorty/Android/Sdk/ndk/25.2.9519653/toolchains/llvm/prebuilt/linux-x86_64/bin/../lib64", {st_mode=S_IFDIR|0755, st_size=752, ...}) = 0
1846892 stat("/home/shorty/Android/Sdk/ndk/25.2.9519653/toolchains/llvm/prebuilt/linux-x86_64/bin/../lib64/gcc", 0x7ffd282387f8) = -1 ENOENT (No such file or directory)
1846892 stat("/home/shorty/Android/Sdk/ndk/25.2.9519653/toolchains/llvm/prebuilt/linux-x86_64/bin/../lib64/gcc-cross", 0x7ffd282387f8) = -1 ENOENT (No such file or directory)
1846892 stat("/home/shorty/Android/Sdk/ndk/25.2.9519653/toolchains/llvm/prebuilt/linux-x86_64/bin/../lib", {st_mode=S_IFDIR|0755, st_size=172, ...}) = 0
1846892 stat("/home/shorty/Android/Sdk/ndk/25.2.9519653/toolchains/llvm/prebuilt/linux-x86_64/bin/../lib/gcc", 0x7ffd282387f8) = -1 ENOENT (No such file or directory)
1846892 stat("/home/shorty/Android/Sdk/ndk/25.2.9519653/toolchains/llvm/prebuilt/linux-x86_64/bin/../lib/gcc-cross", 0x7ffd282387f8) = -1 ENOENT (No such file or directory)
1846892 stat("/home/shorty/Android/Sdk/ndk/25.2.9519653/toolchains/llvm/prebuilt/linux-x86_64/bin/../lib32", 0x7ffd282387f8) = -1 ENOENT (No such file or directory)
1846892 stat("/home/shorty/Android/Sdk/ndk/25.2.9519653/toolchains/llvm/prebuilt/linux-x86_64/bin/../lib", {st_mode=S_IFDIR|0755, st_size=172, ...}) = 0
1846892 stat("/home/shorty/Android/Sdk/ndk/25.2.9519653/toolchains/llvm/prebuilt/linux-x86_64/bin/../lib/gcc", 0x7ffd282387f8) = -1 ENOENT (No such file or directory)
1846892 stat("/home/shorty/Android/Sdk/ndk/25.2.9519653/toolchains/llvm/prebuilt/linux-x86_64/bin/../lib/gcc-cross", 0x7ffd282387f8) = -1 ENOENT (No such file or directory)
1846892 stat("/opt/rh/gcc-toolset-10/root/usr", 0x7ffd282387f8) = -1 ENOENT (No such file or directory)
1846892 stat("/opt/rh/devtoolset-10/root/usr", 0x7ffd282387f8) = -1 ENOENT (No such file or directory)
1846892 stat("/opt/rh/devtoolset-9/root/usr", 0x7ffd282387f8) = -1 ENOENT (No such file or directory)
1846892 stat("/opt/rh/devtoolset-8/root/usr", 0x7ffd282387f8) = -1 ENOENT (No such file or directory)
1846892 stat("/opt/rh/devtoolset-7/root/usr", 0x7ffd282387f8) = -1 ENOENT (No such file or directory)
1846892 stat("/opt/rh/devtoolset-6/root/usr", 0x7ffd282387f8) = -1 ENOENT (No such file or directory)
1846892 stat("/opt/rh/devtoolset-4/root/usr", 0x7ffd282387f8) = -1 ENOENT (No such file or directory)
1846892 stat("/opt/rh/devtoolset-3/root/usr", 0x7ffd282387f8) = -1 ENOENT (No such file or directory)
1846892 stat("/opt/rh/devtoolset-2/root/usr", 0x7ffd282387f8) = -1 ENOENT (No such file or directory)
1846892 stat("/usr", {st_mode=S_IFDIR|0755, st_size=228, ...}) = 0
1846892 stat("/usr/lib64", {st_mode=S_IFDIR|0555, st_size=227572, ...}) = 0
1846892 stat("/usr/lib64/gcc", 0x7ffd282387f8) = -1 ENOENT (No such file or directory)
1846892 stat("/usr/lib64/gcc-cross", 0x7ffd282387f8) = -1 ENOENT (No such file or directory)
1846892 stat("/usr/lib", {st_mode=S_IFDIR|0555, st_size=34628, ...}) = 0
1846892 stat("/usr/lib/gcc", {st_mode=S_IFDIR|0755, st_size=140, ...}) = 0
1846892 stat("/usr/lib/gcc-cross", 0x7ffd282387f8) = -1 ENOENT (No such file or directory)
1846892 openat(AT_FDCWD, "/usr/lib/gcc/x86_64-unknown-linux-android21", O_RDONLY|O_NONBLOCK|O_CLOEXEC|O_DIRECTORY) = -1 ENOENT (No such file or directory)
1846892 openat(AT_FDCWD, "/usr/lib/gcc/x86_64-linux-android", O_RDONLY|O_NONBLOCK|O_CLOEXEC|O_DIRECTORY) = -1 ENOENT (No such file or directory)
1846892 stat("/usr/lib32", 0x7ffd282387f8) = -1 ENOENT (No such file or directory)
1846892 stat("/usr/lib", {st_mode=S_IFDIR|0555, st_size=34628, ...}) = 0
1846892 stat("/usr/lib/gcc", {st_mode=S_IFDIR|0755, st_size=140, ...}) = 0
1846892 stat("/usr/lib/gcc-cross", 0x7ffd282387f8) = -1 ENOENT (No such file or directory)
1846892 openat(AT_FDCWD, "/usr/lib/gcc/i686-linux-android", O_RDONLY|O_NONBLOCK|O_CLOEXEC|O_DIRECTORY) = -1 ENOENT (No such file or directory)
1846892 stat("/home/shorty/Android/Sdk/ndk/25.2.9519653/toolchains/llvm/prebuilt/linux-x86_64/bin/../sysroot", {st_mode=S_IFDIR|0755, st_size=18, ...}) = 0
1846892 stat("/home/shorty/Android/Sdk/ndk/25.2.9519653/toolchains/llvm/prebuilt/linux-x86_64/bin/../sysroot/lib/x86_64-linux-android", 0x7ffd28238db8) = -1 ENOENT (No such file or directory)
1846892 stat("/home/shorty/Android/Sdk/ndk/25.2.9519653/toolchains/llvm/prebuilt/linux-x86_64/bin/../sysroot/lib/../lib64", 0x7ffd28238db8) = -1 ENOENT (No such file or directory)
1846892 stat("/home/shorty/Android/Sdk/ndk/25.2.9519653/toolchains/llvm/prebuilt/linux-x86_64/bin/../sysroot/usr/lib/x86_64-linux-android/21", {st_mode=S_IFDIR|0755, st_size=526, ...}) = 0
1846892 stat("/home/shorty/Android/Sdk/ndk/25.2.9519653/toolchains/llvm/prebuilt/linux-x86_64/bin/../sysroot/usr/lib/x86_64-linux-android", {st_mode=S_IFDIR|0755, st_size=250, ...}) = 0
1846892 stat("/home/shorty/Android/Sdk/ndk/25.2.9519653/toolchains/llvm/prebuilt/linux-x86_64/bin/../sysroot/usr/lib/../lib64", 0x7ffd28238db8) = -1 ENOENT (No such file or directory)
1846892 stat("/home/shorty/Android/Sdk/ndk/25.2.9519653/toolchains/llvm/prebuilt/linux-x86_64/bin/../sysroot/lib", 0x7ffd28238db8) = -1 ENOENT (No such file or directory)
1846892 stat("/home/shorty/Android/Sdk/ndk/25.2.9519653/toolchains/llvm/prebuilt/linux-x86_64/bin/../sysroot/usr/lib", {st_mode=S_IFDIR|0755, st_size=160, ...}) = 0
1846892 stat("/home/shorty/projects/external/love-android/love/src/jni/LuaJIT-2.1/src", {st_mode=S_IFDIR|0755, st_size=3556, ...}) = 0
1846892 stat(".", {st_mode=S_IFDIR|0755, st_size=3556, ...}) = 0
1846892 stat("/home/shorty/Android/Sdk/ndk/25.2.9519653/toolchains/llvm/prebuilt/linux-x86_64/bin/../sysroot", {st_mode=S_IFDIR|0755, st_size=18, ...}) = 0
1846892 stat("/home/shorty/Android/Sdk/ndk/25.2.9519653/toolchains/llvm/prebuilt/linux-x86_64/bin/../sysroot/usr/include/x86_64-linux-android", {st_mode=S_IFDIR|0755, st_size=6, ...}) = 0
1846892 stat("/home/shorty/projects/external/love-android/love/src/jni/LuaJIT-2.1/src", {st_mode=S_IFDIR|0755, st_size=3556, ...}) = 0
1846892 stat(".", {st_mode=S_IFDIR|0755, st_size=3556, ...}) = 0
1846892 ioctl(2, TCGETS, 0x7ffd28238110) = -1 ENOTTY (Inappropriate ioctl for device)
1846892 gettid()                        = 1846892
1846892 prlimit64(0, RLIMIT_STACK, NULL, {rlim_cur=8192*1024, rlim_max=RLIM64_INFINITY}) = 0
1846892 prlimit64(0, RLIMIT_STACK, NULL, {rlim_cur=8192*1024, rlim_max=RLIM64_INFINITY}) = 0
1846892 openat(AT_FDCWD, "/proc/self/stat", O_RDONLY) = 3
1846892 fstat(3, {st_mode=S_IFREG|0444, st_size=0, ...}) = 0
1846892 read(3, "1846892 (clang) R 1846890 184686"..., 1024) = 309
1846892 close(3)                        = 0
1846892 gettid()                        = 1846892
1846892 gettid()                        = 1846892
1846892 gettid()                        = 1846892
1846892 gettid()                        = 1846892
1846892 mmap(NULL, 200704, PROT_READ|PROT_WRITE, MAP_PRIVATE|MAP_ANONYMOUS, -1, 0) = 0x7ff18c2b6000
1846892 brk(0x2b2f5000)                 = 0x2b2f5000
1846892 stat("/home/shorty/Android/Sdk/ndk/25.2.9519653/toolchains/llvm/prebuilt/linux-x86_64/lib64/clang/14.0.7/include", {st_mode=S_IFDIR|0755, st_size=4678, ...}) = 0
1846892 stat("/home/shorty/Android/Sdk/ndk/25.2.9519653/toolchains/llvm/prebuilt/linux-x86_64/bin/../sysroot/usr/local/include", {st_mode=S_IFDIR|0755, st_size=96, ...}) = 0
1846892 stat("/home/shorty/Android/Sdk/ndk/25.2.9519653/toolchains/llvm/prebuilt/linux-x86_64/bin/../sysroot/usr/include/x86_64-linux-android", {st_mode=S_IFDIR|0755, st_size=6, ...}) = 0
1846892 stat("/home/shorty/Android/Sdk/ndk/25.2.9519653/toolchains/llvm/prebuilt/linux-x86_64/bin/../sysroot/include", 0x7ffd28237cd8) = -1 ENOENT (No such file or directory)
1846892 stat("/home/shorty/Android/Sdk/ndk/25.2.9519653/toolchains/llvm/prebuilt/linux-x86_64/bin/../sysroot", {st_mode=S_IFDIR|0755, st_size=18, ...}) = 0
1846892 stat("/home/shorty/Android/Sdk/ndk/25.2.9519653/toolchains/llvm/prebuilt/linux-x86_64/bin/../sysroot/include", 0x7ffd28237c68) = -1 ENOENT (No such file or directory)
1846892 stat("/home/shorty/Android/Sdk/ndk/25.2.9519653/toolchains/llvm/prebuilt/linux-x86_64/bin/../sysroot/usr/include", {st_mode=S_IFDIR|0755, st_size=1734, ...}) = 0
1846892 read(0, "extern void b(void);int a(void){"..., 16384) = 47
1846892 read(0, "", 16384)              = 0
1846892 stat("<stdin>", 0x7ffd28238018) = -1 ENOENT (No such file or directory)
1846892 gettid()                        = 1846892
1846892 stat("tmpunwind.o", 0x7ffd28237f78) = -1 ENOENT (No such file or directory)
1846892 gettid()                        = 1846892
1846892 openat(AT_FDCWD, "/dev/urandom", O_RDONLY) = 3
1846892 read(3, "w\263\310\205", 4)     = 4
1846892 close(3)                        = 0
1846892 openat(AT_FDCWD, "tmpunwind-ac769ed9.o.tmp", O_RDWR|O_CREAT|O_EXCL|O_CLOEXEC, 0666) = 3
1846892 lseek(3, 0, SEEK_CUR)           = 0
1846892 fstat(3, {st_mode=S_IFREG|0644, st_size=0, ...}) = 0
1846892 brk(0x2b316000)                 = 0x2b316000
1846892 brk(0x2b337000)                 = 0x2b337000
1846892 brk(0x2b358000)                 = 0x2b358000
1846892 brk(0x2b379000)                 = 0x2b379000
1846892 brk(0x2b39a000)                 = 0x2b39a000
1846892 mmap(NULL, 184320, PROT_READ|PROT_WRITE, MAP_PRIVATE|MAP_ANONYMOUS, -1, 0) = 0x7ff18c289000
1846892 brk(0x2b3c6000)                 = 0x2b3c6000
1846892 fstat(3, {st_mode=S_IFREG|0644, st_size=0, ...}) = 0
1846892 write(3, "\177ELF\2\1\1\0\0\0\0\0\0\0\0\0\1\0>\0\1\0\0\0\0\0\0\0\0\0\0\0"..., 1112) = 1112
1846892 lseek(3, 40, SEEK_SET)          = 40
1846892 write(3, "\30\2\0\0\0\0\0\0", 8) = 8
1846892 lseek(3, 1112, SEEK_SET)        = 1112
1846892 lseek(3, 60, SEEK_SET)          = 60
1846892 write(3, "\t\0", 2)             = 2
1846892 lseek(3, 1112, SEEK_SET)        = 1112
1846892 rename("tmpunwind-ac769ed9.o.tmp", "tmpunwind.o") = 0
1846892 close(3)                        = 0
1846892 exit_group(0)                   = ?
1846892 +++ exited with 0 +++
1846890 <... wait4 resumed>[{WIFEXITED(s) && WEXITSTATUS(s) == 0}], 0, NULL) = 1846892
1846890 rt_sigaction(SIGINT, {sa_handler=SIG_DFL, sa_mask=[], sa_flags=SA_RESTORER, sa_restorer=0x7fa3ea3da050}, {sa_handler=0x55e8c45bc580, sa_mask=[], sa_flags=SA_RESTORER, sa_restorer=0x7fa3ea3da050}, 8) = 0
1846890 ioctl(2, TIOCGWINSZ, 0x7fff935a9f00) = -1 ENOTTY (Inappropriate ioctl for device)
1846890 rt_sigprocmask(SIG_SETMASK, [], NULL, 8) = 0
1846890 --- SIGCHLD {si_signo=SIGCHLD, si_code=CLD_EXITED, si_pid=1846892, si_uid=1000, si_status=0, si_utime=0, si_stime=1 /* 0.01 s */} ---
1846890 wait4(-1, 0x7fff935a9110, WNOHANG, NULL) = -1 ECHILD (No child processes)
1846890 rt_sigreturn({mask=[]})         = 0
1846890 read(255, "", 192)              = 0
1846890 rt_sigprocmask(SIG_BLOCK, [CHLD], [], 8) = 0
1846890 rt_sigprocmask(SIG_SETMASK, [], NULL, 8) = 0
1846890 exit_group(0)                   = ?
1846890 +++ exited with 0 +++
1846887 <... wait4 resumed>[{WIFEXITED(s) && WEXITSTATUS(s) == 0}], 0, NULL) = 1846890
1846887 rt_sigaction(SIGINT, {sa_handler=SIG_DFL, sa_mask=[], sa_flags=SA_RESTORER, sa_restorer=0x7fcd8909a050}, {sa_handler=0x55ac36aea580, sa_mask=[], sa_flags=SA_RESTORER, sa_restorer=0x7fcd8909a050}, 8) = 0
1846887 ioctl(2, TIOCGWINSZ, 0x7fffb4d974f0) = -1 ENOTTY (Inappropriate ioctl for device)
1846887 rt_sigprocmask(SIG_SETMASK, [CHLD], NULL, 8) = 0
1846887 close(3)                        = -1 EBADF (Bad file descriptor)
1846887 rt_sigprocmask(SIG_SETMASK, [], NULL, 8) = 0
1846887 --- SIGCHLD {si_signo=SIGCHLD, si_code=CLD_EXITED, si_pid=1846889, si_uid=1000, si_status=0, si_utime=0, si_stime=0} ---
1846887 wait4(-1, 0x7fffb4d96ad0, WNOHANG, NULL) = -1 ECHILD (No child processes)
1846887 rt_sigreturn({mask=[]})         = 0
1846887 newfstatat(AT_FDCWD, ".", {st_mode=S_IFDIR|0755, st_size=3578, ...}, 0) = 0
1846887 newfstatat(AT_FDCWD, "/home/shorty/Android/Sdk/ndk/25.2.9519653/toolchains/llvm/prebuilt/linux-x86_64/bin/grep", 0x7fffb4d97330, 0) = -1 ENOENT (No such file or directory)
1846887 newfstatat(AT_FDCWD, "/home/shorty/.yarn/bin/grep", 0x7fffb4d97330, 0) = -1 ENOENT (No such file or directory)
1846887 newfstatat(AT_FDCWD, "/home/shorty/.nvm/versions/node/v22.14.0/bin/grep", 0x7fffb4d97330, 0) = -1 ENOENT (No such file or directory)
1846887 newfstatat(AT_FDCWD, "/home/shorty/.cargo/bin/grep", 0x7fffb4d97330, 0) = -1 ENOENT (No such file or directory)
1846887 newfstatat(AT_FDCWD, "/home/shorty/bin/grep", 0x7fffb4d97330, 0) = -1 ENOENT (No such file or directory)
1846887 newfstatat(AT_FDCWD, "/home/shorty/.local/bin/grep", 0x7fffb4d97330, 0) = -1 ENOENT (No such file or directory)
1846887 newfstatat(AT_FDCWD, "/usr/games/grep", 0x7fffb4d97330, 0) = -1 ENOENT (No such file or directory)
1846887 newfstatat(AT_FDCWD, "/usr/lib64/qt-3.3/bin/grep", 0x7fffb4d97330, 0) = -1 ENOENT (No such file or directory)
1846887 newfstatat(AT_FDCWD, "/usr/lib64/ccache/grep", 0x7fffb4d97330, 0) = -1 ENOENT (No such file or directory)
1846887 newfstatat(AT_FDCWD, "/usr/local/bin/grep", 0x7fffb4d97330, 0) = -1 ENOENT (No such file or directory)
1846887 newfstatat(AT_FDCWD, "/usr/bin/grep", {st_mode=S_IFREG|0755, st_size=169992, ...}, 0) = 0
1846887 newfstatat(AT_FDCWD, "/usr/bin/grep", {st_mode=S_IFREG|0755, st_size=169992, ...}, 0) = 0
1846887 geteuid()                       = 1000
1846887 getegid()                       = 1000
1846887 getuid()                        = 1000
1846887 getgid()                        = 1000
1846887 access("/usr/bin/grep", X_OK)   = 0
1846887 newfstatat(AT_FDCWD, "/usr/bin/grep", {st_mode=S_IFREG|0755, st_size=169992, ...}, 0) = 0
1846887 geteuid()                       = 1000
1846887 getegid()                       = 1000
1846887 getuid()                        = 1000
1846887 getgid()                        = 1000
1846887 access("/usr/bin/grep", R_OK)   = 0
1846887 rt_sigprocmask(SIG_BLOCK, NULL, [], 8) = 0
1846887 rt_sigprocmask(SIG_BLOCK, [INT TERM CHLD], [], 8) = 0
1846887 clone(child_stack=NULL, flags=CLONE_CHILD_CLEARTID|CLONE_CHILD_SETTID|SIGCHLD, child_tidptr=0x7fcd8907da10) = 1846893
1846887 rt_sigprocmask(SIG_SETMASK, [], NULL, 8) = 0
1846893 set_robust_list(0x7fcd8907da20, 24 <unfinished ...>
1846887 rt_sigprocmask(SIG_BLOCK, [CHLD],  <unfinished ...>
1846893 <... set_robust_list resumed>)  = 0
1846887 <... rt_sigprocmask resumed>[], 8) = 0
1846887 rt_sigprocmask(SIG_SETMASK, [], NULL, 8) = 0
1846887 rt_sigprocmask(SIG_BLOCK, [CHLD],  <unfinished ...>
1846893 getpid( <unfinished ...>
1846887 <... rt_sigprocmask resumed>[], 8) = 0
1846887 rt_sigaction(SIGINT, {sa_handler=0x55ac36aea580, sa_mask=[], sa_flags=SA_RESTORER, sa_restorer=0x7fcd8909a050},  <unfinished ...>
1846893 <... getpid resumed>)           = 1846893
1846887 <... rt_sigaction resumed>{sa_handler=SIG_DFL, sa_mask=[], sa_flags=SA_RESTORER, sa_restorer=0x7fcd8909a050}, 8) = 0
1846893 rt_sigprocmask(SIG_SETMASK, [],  <unfinished ...>
1846887 wait4(-1,  <unfinished ...>
1846893 <... rt_sigprocmask resumed>NULL, 8) = 0
1846893 rt_sigaction(SIGTSTP, {sa_handler=SIG_DFL, sa_mask=[], sa_flags=SA_RESTORER, sa_restorer=0x7fcd8909a050}, {sa_handler=SIG_DFL, sa_mask=[], sa_flags=SA_RESTORER, sa_restorer=0x7fcd8909a050}, 8) = 0
1846893 rt_sigaction(SIGTTIN, {sa_handler=SIG_DFL, sa_mask=[], sa_flags=SA_RESTORER, sa_restorer=0x7fcd8909a050}, {sa_handler=SIG_DFL, sa_mask=[], sa_flags=SA_RESTORER, sa_restorer=0x7fcd8909a050}, 8) = 0
1846893 rt_sigaction(SIGTTOU, {sa_handler=SIG_DFL, sa_mask=[], sa_flags=SA_RESTORER, sa_restorer=0x7fcd8909a050}, {sa_handler=SIG_DFL, sa_mask=[], sa_flags=SA_RESTORER, sa_restorer=0x7fcd8909a050}, 8) = 0
1846893 rt_sigaction(SIGINT, {sa_handler=SIG_DFL, sa_mask=[], sa_flags=SA_RESTORER, sa_restorer=0x7fcd8909a050}, {sa_handler=SIG_DFL, sa_mask=[], sa_flags=SA_RESTORER, sa_restorer=0x7fcd8909a050}, 8) = 0
1846893 rt_sigaction(SIGQUIT, {sa_handler=SIG_DFL, sa_mask=[], sa_flags=SA_RESTORER, sa_restorer=0x7fcd8909a050}, {sa_handler=SIG_IGN, sa_mask=[], sa_flags=SA_RESTORER, sa_restorer=0x7fcd8909a050}, 8) = 0
1846893 rt_sigaction(SIGCHLD, {sa_handler=SIG_DFL, sa_mask=[], sa_flags=SA_RESTORER|SA_RESTART, sa_restorer=0x7fcd8909a050}, {sa_handler=0x55ac36ae7140, sa_mask=[], sa_flags=SA_RESTORER|SA_RESTART, sa_restorer=0x7fcd8909a050}, 8) = 0
1846893 execve("/usr/bin/grep", ["grep", "-qa", "-e", "eh_frame", "-e", "__unwind_info", "tmpunwind.o"], 0x55ac497d7790 /* 112 vars */) = 0
1846893 brk(NULL)                       = 0x556c64c3d000
1846893 access("/etc/ld.so.preload", R_OK) = -1 ENOENT (No such file or directory)
1846893 openat(AT_FDCWD, "/etc/ld.so.cache", O_RDONLY|O_CLOEXEC) = 3
1846893 fstat(3, {st_mode=S_IFREG|0644, st_size=171419, ...}) = 0
1846893 mmap(NULL, 171419, PROT_READ, MAP_PRIVATE, 3, 0) = 0x7fe9ee17e000
1846893 close(3)                        = 0
1846893 mmap(NULL, 8192, PROT_READ|PROT_WRITE, MAP_PRIVATE|MAP_ANONYMOUS, -1, 0) = 0x7fe9ee17c000
1846893 openat(AT_FDCWD, "/lib64/libpcre2-8.so.0", O_RDONLY|O_CLOEXEC) = 3
1846893 read(3, "\177ELF\2\1\1\0\0\0\0\0\0\0\0\0\3\0>\0\1\0\0\0\0\0\0\0\0\0\0\0"..., 832) = 832
1846893 fstat(3, {st_mode=S_IFREG|0755, st_size=653408, ...}) = 0
1846893 mmap(NULL, 651512, PROT_READ, MAP_PRIVATE|MAP_DENYWRITE, 3, 0) = 0x7fe9ee0dc000
1846893 mmap(0x7fe9ee0de000, 471040, PROT_READ|PROT_EXEC, MAP_PRIVATE|MAP_FIXED|MAP_DENYWRITE, 3, 0x2000) = 0x7fe9ee0de000
1846893 mmap(0x7fe9ee151000, 167936, PROT_READ, MAP_PRIVATE|MAP_FIXED|MAP_DENYWRITE, 3, 0x75000) = 0x7fe9ee151000
1846893 mmap(0x7fe9ee17a000, 8192, PROT_READ|PROT_WRITE, MAP_PRIVATE|MAP_FIXED|MAP_DENYWRITE, 3, 0x9d000) = 0x7fe9ee17a000
1846893 close(3)                        = 0
1846893 openat(AT_FDCWD, "/lib64/libc.so.6", O_RDONLY|O_CLOEXEC) = 3
1846893 read(3, "\177ELF\2\1\1\3\0\0\0\0\0\0\0\0\3\0>\0\1\0\0\0 4\0\0\0\0\0\0"..., 832) = 832
1846893 pread64(3, "\6\0\0\0\4\0\0\0@\0\0\0\0\0\0\0@\0\0\0\0\0\0\0@\0\0\0\0\0\0\0"..., 784, 64) = 784
1846893 fstat(3, {st_mode=S_IFREG|0755, st_size=2454144, ...}) = 0
1846893 pread64(3, "\6\0\0\0\4\0\0\0@\0\0\0\0\0\0\0@\0\0\0\0\0\0\0@\0\0\0\0\0\0\0"..., 784, 64) = 784
1846893 mmap(NULL, 2042904, PROT_READ, MAP_PRIVATE|MAP_DENYWRITE, 3, 0) = 0x7fe9edee9000
1846893 mmap(0x7fe9edeea000, 1503232, PROT_READ|PROT_EXEC, MAP_PRIVATE|MAP_FIXED|MAP_DENYWRITE, 3, 0x1000) = 0x7fe9edeea000
1846893 mmap(0x7fe9ee059000, 479232, PROT_READ, MAP_PRIVATE|MAP_FIXED|MAP_DENYWRITE, 3, 0x170000) = 0x7fe9ee059000
1846893 mmap(0x7fe9ee0ce000, 24576, PROT_READ|PROT_WRITE, MAP_PRIVATE|MAP_FIXED|MAP_DENYWRITE, 3, 0x1e5000) = 0x7fe9ee0ce000
1846893 mmap(0x7fe9ee0d4000, 31768, PROT_READ|PROT_WRITE, MAP_PRIVATE|MAP_FIXED|MAP_ANONYMOUS, -1, 0) = 0x7fe9ee0d4000
1846893 close(3)                        = 0
1846893 mmap(NULL, 12288, PROT_READ|PROT_WRITE, MAP_PRIVATE|MAP_ANONYMOUS, -1, 0) = 0x7fe9edee6000
1846893 arch_prctl(ARCH_SET_FS, 0x7fe9edee6740) = 0
1846893 set_tid_address(0x7fe9edee6a10) = 1846893
1846893 set_robust_list(0x7fe9edee6a20, 24) = 0
1846893 rseq(0x7fe9edee7060, 0x20, 0, 0x53053053) = 0
1846893 mprotect(0x7fe9ee0ce000, 16384, PROT_READ) = 0
1846893 mprotect(0x7fe9ee17a000, 4096, PROT_READ) = 0
1846893 mprotect(0x556c6019d000, 8192, PROT_READ) = 0
1846893 mprotect(0x7fe9ee1e3000, 8192, PROT_READ) = 0
1846893 prlimit64(0, RLIMIT_STACK, NULL, {rlim_cur=8192*1024, rlim_max=RLIM64_INFINITY}) = 0
1846893 munmap(0x7fe9ee17e000, 171419)  = 0
1846893 getrandom("\xc8\x9f\x57\x70\x7f\xa9\xc3\x43", 8, GRND_NONBLOCK) = 8
1846893 brk(NULL)                       = 0x556c64c3d000
1846893 brk(0x556c64c5e000)             = 0x556c64c5e000
1846893 openat(AT_FDCWD, "/usr/lib/locale/locale-archive", O_RDONLY|O_CLOEXEC) = 3
1846893 fstat(3, {st_mode=S_IFREG|0644, st_size=232351648, ...}) = 0
1846893 mmap(NULL, 232351648, PROT_READ, MAP_PRIVATE, 3, 0) = 0x7fe9e0000000
1846893 close(3)                        = 0
1846893 openat(AT_FDCWD, "/usr/lib64/gconv/gconv-modules.cache", O_RDONLY|O_CLOEXEC) = 3
1846893 fstat(3, {st_mode=S_IFREG|0644, st_size=27012, ...}) = 0
1846893 mmap(NULL, 27012, PROT_READ, MAP_SHARED, 3, 0) = 0x7fe9ee1a1000
1846893 close(3)                        = 0
1846893 futex(0x7fe9ee0d372c, FUTEX_WAKE_PRIVATE, 2147483647) = 0
1846893 openat(AT_FDCWD, "/usr/share/locale/locale.alias", O_RDONLY|O_CLOEXEC) = 3
1846893 fstat(3, {st_mode=S_IFREG|0644, st_size=2998, ...}) = 0
1846893 read(3, "# Locale name alias data base.\n#"..., 4096) = 2998
1846893 read(3, "", 4096)               = 0
1846893 close(3)                        = 0
1846893 openat(AT_FDCWD, "/usr/share/locale/en_CA.UTF-8/LC_MESSAGES/grep.mo", O_RDONLY) = -1 ENOENT (No such file or directory)
1846893 openat(AT_FDCWD, "/usr/share/locale/en_CA.utf8/LC_MESSAGES/grep.mo", O_RDONLY) = -1 ENOENT (No such file or directory)
1846893 openat(AT_FDCWD, "/usr/share/locale/en_CA/LC_MESSAGES/grep.mo", O_RDONLY) = -1 ENOENT (No such file or directory)
1846893 openat(AT_FDCWD, "/usr/share/locale/en.UTF-8/LC_MESSAGES/grep.mo", O_RDONLY) = -1 ENOENT (No such file or directory)
1846893 openat(AT_FDCWD, "/usr/share/locale/en.utf8/LC_MESSAGES/grep.mo", O_RDONLY) = -1 ENOENT (No such file or directory)
1846893 openat(AT_FDCWD, "/usr/share/locale/en/LC_MESSAGES/grep.mo", O_RDONLY) = -1 ENOENT (No such file or directory)
1846893 openat(AT_FDCWD, "/proc/self/maps", O_RDONLY) = 3
1846893 mmap(NULL, 8192, PROT_READ|PROT_WRITE, MAP_PRIVATE|MAP_ANONYMOUS, -1, 0) = 0x7fe9ee19f000
1846893 lseek(3, 0, SEEK_SET)           = 0
1846893 read(3, "556c60176000-556c60179000 r--p 0"..., 8192) = 2906
1846893 read(3, "", 5286)               = 0
1846893 close(3)                        = 0
1846893 munmap(0x7fe9ee19f000, 8192)    = 0
1846893 sigaltstack({ss_sp=0x556c6019f1a0, ss_flags=0, ss_size=65536}, NULL) = 0
1846893 rt_sigaction(SIGSEGV, {sa_handler=0x556c60189660, sa_mask=[HUP INT QUIT USR1 USR2 PIPE ALRM TERM CHLD URG XCPU XFSZ VTALRM PROF WINCH IO PWR], sa_flags=SA_RESTORER|SA_ONSTACK|SA_SIGINFO, sa_restorer=0x7fe9edf03050}, NULL, 8) = 0
1846893 rt_sigaction(SIGSEGV, {sa_handler=0x556c60189660, sa_mask=[HUP INT QUIT USR1 USR2 PIPE ALRM TERM CHLD URG XCPU XFSZ VTALRM PROF WINCH IO PWR], sa_flags=SA_RESTORER|SA_ONSTACK|SA_SIGINFO, sa_restorer=0x7fe9edf03050}, NULL, 8) = 0
1846893 openat(AT_FDCWD, "tmpunwind.o", O_RDONLY|O_NOCTTY) = 3
1846893 fstat(3, {st_mode=S_IFREG|0644, st_size=1112, ...}) = 0
1846893 read(3, "\177ELF\2\1\1\0\0\0\0\0\0\0\0\0\1\0>\0\1\0\0\0\0\0\0\0\0\0\0\0"..., 98304) = 1112
1846893 read(3, "", 94208)              = 0
1846893 close(1)                        = 0
1846893 close(2)                        = 0
1846893 exit_group(0)                   = ?
1846893 +++ exited with 0 +++
1846887 <... wait4 resumed>[{WIFEXITED(s) && WEXITSTATUS(s) == 0}], 0, NULL) = 1846893
1846887 rt_sigaction(SIGINT, {sa_handler=SIG_DFL, sa_mask=[], sa_flags=SA_RESTORER, sa_restorer=0x7fcd8909a050}, {sa_handler=0x55ac36aea580, sa_mask=[], sa_flags=SA_RESTORER, sa_restorer=0x7fcd8909a050}, 8) = 0
1846887 ioctl(2, TIOCGWINSZ, 0x7fffb4d97550) = -1 ENOTTY (Inappropriate ioctl for device)
1846887 rt_sigprocmask(SIG_SETMASK, [], NULL, 8) = 0
1846887 --- SIGCHLD {si_signo=SIGCHLD, si_code=CLD_EXITED, si_pid=1846893, si_uid=1000, si_status=0, si_utime=0, si_stime=0} ---
1846887 wait4(-1, 0x7fffb4d96790, WNOHANG, NULL) = -1 ECHILD (No child processes)
1846887 rt_sigreturn({mask=[]})         = 0
1846887 fstat(1, {st_mode=S_IFIFO|0600, st_size=0, ...}) = 0
1846887 write(1, "E\n", 2)              = 2
1846874 <... read resumed>"E\n", 200)   = 2
1846887 newfstatat(AT_FDCWD, ".",  <unfinished ...>
1846874 read(6,  <unfinished ...>
1846887 <... newfstatat resumed>{st_mode=S_IFDIR|0755, st_size=3578, ...}, 0) = 0
1846887 newfstatat(AT_FDCWD, "/home/shorty/Android/Sdk/ndk/25.2.9519653/toolchains/llvm/prebuilt/linux-x86_64/bin/rm", 0x7fffb4d978f0, 0) = -1 ENOENT (No such file or directory)
1846887 newfstatat(AT_FDCWD, "/home/shorty/.yarn/bin/rm", 0x7fffb4d978f0, 0) = -1 ENOENT (No such file or directory)
1846887 newfstatat(AT_FDCWD, "/home/shorty/.nvm/versions/node/v22.14.0/bin/rm", 0x7fffb4d978f0, 0) = -1 ENOENT (No such file or directory)
1846887 newfstatat(AT_FDCWD, "/home/shorty/.cargo/bin/rm", 0x7fffb4d978f0, 0) = -1 ENOENT (No such file or directory)
1846887 newfstatat(AT_FDCWD, "/home/shorty/bin/rm", 0x7fffb4d978f0, 0) = -1 ENOENT (No such file or directory)
1846887 newfstatat(AT_FDCWD, "/home/shorty/.local/bin/rm", 0x7fffb4d978f0, 0) = -1 ENOENT (No such file or directory)
1846887 newfstatat(AT_FDCWD, "/usr/games/rm", 0x7fffb4d978f0, 0) = -1 ENOENT (No such file or directory)
1846887 newfstatat(AT_FDCWD, "/usr/lib64/qt-3.3/bin/rm", 0x7fffb4d978f0, 0) = -1 ENOENT (No such file or directory)
1846887 newfstatat(AT_FDCWD, "/usr/lib64/ccache/rm", 0x7fffb4d978f0, 0) = -1 ENOENT (No such file or directory)
1846887 newfstatat(AT_FDCWD, "/usr/local/bin/rm", 0x7fffb4d978f0, 0) = -1 ENOENT (No such file or directory)
1846887 newfstatat(AT_FDCWD, "/usr/bin/rm", {st_mode=S_IFREG|0755, st_size=66144, ...}, 0) = 0
1846887 newfstatat(AT_FDCWD, "/usr/bin/rm", {st_mode=S_IFREG|0755, st_size=66144, ...}, 0) = 0
1846887 geteuid()                       = 1000
1846887 getegid()                       = 1000
1846887 getuid()                        = 1000
1846887 getgid()                        = 1000
1846887 access("/usr/bin/rm", X_OK)     = 0
1846887 newfstatat(AT_FDCWD, "/usr/bin/rm", {st_mode=S_IFREG|0755, st_size=66144, ...}, 0) = 0
1846887 geteuid()                       = 1000
1846887 getegid()                       = 1000
1846887 getuid()                        = 1000
1846887 getgid()                        = 1000
1846887 access("/usr/bin/rm", R_OK)     = 0
1846887 rt_sigaction(SIGINT, {sa_handler=SIG_DFL, sa_mask=[], sa_flags=SA_RESTORER, sa_restorer=0x7fcd8909a050}, {sa_handler=SIG_DFL, sa_mask=[], sa_flags=SA_RESTORER, sa_restorer=0x7fcd8909a050}, 8) = 0
1846887 rt_sigaction(SIGQUIT, {sa_handler=SIG_DFL, sa_mask=[], sa_flags=SA_RESTORER, sa_restorer=0x7fcd8909a050}, {sa_handler=SIG_IGN, sa_mask=[], sa_flags=SA_RESTORER, sa_restorer=0x7fcd8909a050}, 8) = 0
1846887 rt_sigaction(SIGCHLD, {sa_handler=SIG_DFL, sa_mask=[], sa_flags=SA_RESTORER|SA_RESTART, sa_restorer=0x7fcd8909a050}, {sa_handler=0x55ac36ae7140, sa_mask=[], sa_flags=SA_RESTORER|SA_RESTART, sa_restorer=0x7fcd8909a050}, 8) = 0
1846887 execve("/usr/bin/rm", ["rm", "-f", "tmpunwind.o"], 0x55ac497deaf0 /* 112 vars */) = 0
1846887 brk(NULL)                       = 0x55a5446ec000
1846887 access("/etc/ld.so.preload", R_OK) = -1 ENOENT (No such file or directory)
1846887 openat(AT_FDCWD, "/etc/ld.so.cache", O_RDONLY|O_CLOEXEC) = 3
1846887 fstat(3, {st_mode=S_IFREG|0644, st_size=171419, ...}) = 0
1846887 mmap(NULL, 171419, PROT_READ, MAP_PRIVATE, 3, 0) = 0x7f9184471000
1846887 close(3)                        = 0
1846887 mmap(NULL, 8192, PROT_READ|PROT_WRITE, MAP_PRIVATE|MAP_ANONYMOUS, -1, 0) = 0x7f918446f000
1846887 openat(AT_FDCWD, "/lib64/libc.so.6", O_RDONLY|O_CLOEXEC) = 3
1846887 read(3, "\177ELF\2\1\1\3\0\0\0\0\0\0\0\0\3\0>\0\1\0\0\0 4\0\0\0\0\0\0"..., 832) = 832
1846887 pread64(3, "\6\0\0\0\4\0\0\0@\0\0\0\0\0\0\0@\0\0\0\0\0\0\0@\0\0\0\0\0\0\0"..., 784, 64) = 784
1846887 fstat(3, {st_mode=S_IFREG|0755, st_size=2454144, ...}) = 0
1846887 pread64(3, "\6\0\0\0\4\0\0\0@\0\0\0\0\0\0\0@\0\0\0\0\0\0\0@\0\0\0\0\0\0\0"..., 784, 64) = 784
1846887 mmap(NULL, 2042904, PROT_READ, MAP_PRIVATE|MAP_DENYWRITE, 3, 0) = 0x7f918427c000
1846887 mmap(0x7f918427d000, 1503232, PROT_READ|PROT_EXEC, MAP_PRIVATE|MAP_FIXED|MAP_DENYWRITE, 3, 0x1000) = 0x7f918427d000
1846887 mmap(0x7f91843ec000, 479232, PROT_READ, MAP_PRIVATE|MAP_FIXED|MAP_DENYWRITE, 3, 0x170000) = 0x7f91843ec000
1846887 mmap(0x7f9184461000, 24576, PROT_READ|PROT_WRITE, MAP_PRIVATE|MAP_FIXED|MAP_DENYWRITE, 3, 0x1e5000) = 0x7f9184461000
1846887 mmap(0x7f9184467000, 31768, PROT_READ|PROT_WRITE, MAP_PRIVATE|MAP_FIXED|MAP_ANONYMOUS, -1, 0) = 0x7f9184467000
1846887 close(3)                        = 0
1846887 mmap(NULL, 12288, PROT_READ|PROT_WRITE, MAP_PRIVATE|MAP_ANONYMOUS, -1, 0) = 0x7f9184279000
1846887 arch_prctl(ARCH_SET_FS, 0x7f9184279740) = 0
1846887 set_tid_address(0x7f9184279a10) = 1846887
1846887 set_robust_list(0x7f9184279a20, 24) = 0
1846887 rseq(0x7f918427a060, 0x20, 0, 0x53053053) = 0
1846887 mprotect(0x7f9184461000, 16384, PROT_READ) = 0
1846887 mprotect(0x55a522ac4000, 4096, PROT_READ) = 0
1846887 mprotect(0x7f91844d6000, 8192, PROT_READ) = 0
1846887 prlimit64(0, RLIMIT_STACK, NULL, {rlim_cur=8192*1024, rlim_max=RLIM64_INFINITY}) = 0
1846887 munmap(0x7f9184471000, 171419)  = 0
1846887 getrandom("\x72\x56\xbe\xd4\xdd\xc9\x1b\x0d", 8, GRND_NONBLOCK) = 8
1846887 brk(NULL)                       = 0x55a5446ec000
1846887 brk(0x55a54470d000)             = 0x55a54470d000
1846887 openat(AT_FDCWD, "/usr/lib/locale/locale-archive", O_RDONLY|O_CLOEXEC) = 3
1846887 fstat(3, {st_mode=S_IFREG|0644, st_size=232351648, ...}) = 0
1846887 mmap(NULL, 232351648, PROT_READ, MAP_PRIVATE, 3, 0) = 0x7f9176400000
1846887 close(3)                        = 0
1846887 ioctl(0, TCGETS, {c_iflag=ICRNL|IUTF8, c_oflag=NL0|CR0|TAB0|BS0|VT0|FF0|OPOST|ONLCR, c_cflag=B38400|CS8|CREAD, c_lflag=ISIG|ICANON|ECHO|ECHOE|ECHOK|IEXTEN|ECHOCTL|ECHOKE, ...}) = 0
1846887 newfstatat(AT_FDCWD, "tmpunwind.o", {st_mode=S_IFREG|0644, st_size=1112, ...}, AT_SYMLINK_NOFOLLOW) = 0
1846887 unlinkat(AT_FDCWD, "tmpunwind.o", 0) = 0
1846887 lseek(0, 0, SEEK_CUR)           = -1 ESPIPE (Illegal seek)
1846887 close(0)                        = 0
1846887 close(1)                        = 0
1846874 <... read resumed>"", 198)      = 0
1846887 close(2 <unfinished ...>
1846874 close(6 <unfinished ...>
1846887 <... close resumed>)            = 0
1846887 exit_group(0 <unfinished ...>
1846874 <... close resumed>)            = 0
1846887 <... exit_group resumed>)       = ?
1846874 wait4(-1,  <unfinished ...>
1846887 +++ exited with 0 +++
1846874 <... wait4 resumed>[{WIFEXITED(s) && WEXITSTATUS(s) == 0}], 0, NULL) = 1846887
1846874 read(5, "  DASM_AFLAGS+= -D GPR64\n  endif"..., 4096) = 4096
1846874 read(5, "= @:\n\n##########################"..., 4096) = 3778
1846874 newfstatat(AT_FDCWD, "../.git/HEAD", 0x7ffe3cf4c000, AT_SYMLINK_NOFOLLOW) = -1 ENOENT (No such file or directory)
1846874 newfstatat(AT_FDCWD, "../.git/refs/heads", 0x7ffe3cf4be70, 0) = -1 ENOENT (No such file or directory)
1846874 newfstatat(AT_FDCWD, "../dynasm", {st_mode=S_IFDIR|0755, st_size=330, ...}, 0) = 0
1846874 openat(AT_FDCWD, "../dynasm", O_RDONLY|O_NONBLOCK|O_CLOEXEC|O_DIRECTORY) = 6
1846874 fstat(6, {st_mode=S_IFDIR|0755, st_size=330, ...}) = 0
1846874 getdents64(6, 0x55ece1de0610 /* 16 entries */, 32768) = 520
1846874 getdents64(6, 0x55ece1de0610 /* 0 entries */, 32768) = 0
1846874 close(6)                        = 0
1846874 openat(AT_FDCWD, "/usr/lib64/gconv/gconv-modules.cache", O_RDONLY|O_CLOEXEC) = 6
1846874 fstat(6, {st_mode=S_IFREG|0644, st_size=27012, ...}) = 0
1846874 mmap(NULL, 27012, PROT_READ, MAP_SHARED, 6, 0) = 0x7ffb1eeb1000
1846874 close(6)                        = 0
1846874 futex(0x7ffb1ee8372c, FUTEX_WAKE_PRIVATE, 2147483647) = 0
1846874 openat(AT_FDCWD, "Makefile.dep", O_RDONLY) = 6
1846874 fcntl(6, F_GETFD)               = 0
1846874 fcntl(6, F_SETFD, FD_CLOEXEC)   = 0
1846874 fstat(6, {st_mode=S_IFREG|0644, st_size=16285, ...}) = 0
1846874 read(6, "lib_aux.o: lib_aux.c lua.h luaco"..., 4096) = 4096
1846874 brk(0x55ece1e0b000)             = 0x55ece1e0b000
1846874 newfstatat(AT_FDCWD, ".", {st_mode=S_IFDIR|0755, st_size=3556, ...}, 0) = 0
1846874 openat(AT_FDCWD, ".", O_RDONLY|O_NONBLOCK|O_CLOEXEC|O_DIRECTORY) = 7
1846874 fstat(7, {st_mode=S_IFDIR|0755, st_size=3556, ...}) = 0
1846874 getdents64(7, 0x55ece1dea530 /* 171 entries */, 32768) = 5720
1846874 getdents64(7, 0x55ece1dea530 /* 0 entries */, 32768) = 0
1846874 close(7)                        = 0
1846874 read(6, "_str.h lj_bc.h lj_ctype.h lj_dis"..., 4096) = 4096
1846874 read(6, "j.h lua.h luaconf.h lj_def.h lj_"..., 4096) = 4096
1846874 read(6, "j_bc.h lj_ctype.h lj_trace.h lj_"..., 4096) = 3997
1846874 read(6, "", 4096)               = 0
1846874 close(6)                        = 0
1846874 read(5, "", 4096)               = 0
1846874 close(5)                        = 0
1846874 brk(0x55ece1e2c000)             = 0x55ece1e2c000
1846874 newfstatat(AT_FDCWD, "RCS", 0x7ffe3cf4d1a0, 0) = -1 ENOENT (No such file or directory)
1846874 newfstatat(AT_FDCWD, "SCCS", 0x7ffe3cf4d1a0, 0) = -1 ENOENT (No such file or directory)
1846874 newfstatat(AT_FDCWD, "Makefile", {st_mode=S_IFREG|0644, st_size=24258, ...}, 0) = 0
1846874 newfstatat(AT_FDCWD, "Makefile.dep", {st_mode=S_IFREG|0644, st_size=16285, ...}, 0) = 0
1846874 write(1, "make all \"LJCORE_O=ljamalg.o\"\n", 30) = 30
1846874 rt_sigprocmask(SIG_BLOCK, [HUP INT QUIT PIPE TERM XCPU XFSZ], NULL, 8) = 0
1846874 newfstatat(AT_FDCWD, "/bin/sh", {st_mode=S_IFREG|0755, st_size=1414688, ...}, 0) = 0
1846874 geteuid()                       = 1000
1846874 getegid()                       = 1000
1846874 getuid()                        = 1000
1846874 getgid()                        = 1000
1846874 access("/bin/sh", X_OK)         = 0
1846874 newfstatat(AT_FDCWD, "/bin/sh", {st_mode=S_IFREG|0755, st_size=1414688, ...}, 0) = 0
1846874 mmap(NULL, 36864, PROT_READ|PROT_WRITE, MAP_PRIVATE|MAP_ANONYMOUS|MAP_STACK, -1, 0) = 0x7ffb1eea8000
1846874 rt_sigprocmask(SIG_BLOCK, ~[], [HUP INT QUIT PIPE TERM CHLD XCPU XFSZ], 8) = 0
1846874 clone3({flags=CLONE_VM|CLONE_VFORK|CLONE_CLEAR_SIGHAND, exit_signal=SIGCHLD, stack=0x7ffb1eea8000, stack_size=0x9000}, 88 <unfinished ...>
1846894 rt_sigprocmask(SIG_BLOCK, NULL, ~[KILL STOP], 8) = 0
1846894 rt_sigprocmask(SIG_SETMASK, [], NULL, 8) = 0
1846894 execve("/bin/sh", ["/bin/sh", "-c", "make all \"LJCORE_O=ljamalg.o\""], 0x55ece1e0fb10 /* 111 vars */ <unfinished ...>
1846874 <... clone3 resumed>)           = 1846894
1846874 munmap(0x7ffb1eea8000, 36864)   = 0
1846874 rt_sigprocmask(SIG_SETMASK, [HUP INT QUIT PIPE TERM CHLD XCPU XFSZ],  <unfinished ...>
1846894 <... execve resumed>)           = 0
1846874 <... rt_sigprocmask resumed>NULL, 8) = 0
1846874 rt_sigprocmask(SIG_UNBLOCK, [HUP INT QUIT PIPE TERM XCPU XFSZ],  <unfinished ...>
1846894 brk(NULL <unfinished ...>
1846874 <... rt_sigprocmask resumed>NULL, 8) = 0
1846894 <... brk resumed>)              = 0x5573c7258000
1846874 wait4(-1,  <unfinished ...>
1846894 access("/etc/ld.so.preload", R_OK) = -1 ENOENT (No such file or directory)
1846894 openat(AT_FDCWD, "/etc/ld.so.cache", O_RDONLY|O_CLOEXEC) = 3
1846894 fstat(3, {st_mode=S_IFREG|0644, st_size=171419, ...}) = 0
1846894 mmap(NULL, 171419, PROT_READ, MAP_PRIVATE, 3, 0) = 0x7f915b290000
1846894 close(3)                        = 0
1846894 mmap(NULL, 8192, PROT_READ|PROT_WRITE, MAP_PRIVATE|MAP_ANONYMOUS, -1, 0) = 0x7f915b28e000
1846894 openat(AT_FDCWD, "/lib64/libtinfo.so.6", O_RDONLY|O_CLOEXEC) = 3
1846894 read(3, "\177ELF\2\1\1\0\0\0\0\0\0\0\0\0\3\0>\0\1\0\0\0\0\0\0\0\0\0\0\0"..., 832) = 832
1846894 fstat(3, {st_mode=S_IFREG|0755, st_size=187416, ...}) = 0
1846894 mmap(NULL, 186656, PROT_READ, MAP_PRIVATE|MAP_DENYWRITE, 3, 0) = 0x7f915b260000
1846894 mmap(0x7f915b266000, 86016, PROT_READ|PROT_EXEC, MAP_PRIVATE|MAP_FIXED|MAP_DENYWRITE, 3, 0x6000) = 0x7f915b266000
1846894 mmap(0x7f915b27b000, 57344, PROT_READ, MAP_PRIVATE|MAP_FIXED|MAP_DENYWRITE, 3, 0x1b000) = 0x7f915b27b000
1846894 mmap(0x7f915b289000, 20480, PROT_READ|PROT_WRITE, MAP_PRIVATE|MAP_FIXED|MAP_DENYWRITE, 3, 0x28000) = 0x7f915b289000
1846894 close(3)                        = 0
1846894 openat(AT_FDCWD, "/lib64/libc.so.6", O_RDONLY|O_CLOEXEC) = 3
1846894 read(3, "\177ELF\2\1\1\3\0\0\0\0\0\0\0\0\3\0>\0\1\0\0\0 4\0\0\0\0\0\0"..., 832) = 832
1846894 pread64(3, "\6\0\0\0\4\0\0\0@\0\0\0\0\0\0\0@\0\0\0\0\0\0\0@\0\0\0\0\0\0\0"..., 784, 64) = 784
1846894 fstat(3, {st_mode=S_IFREG|0755, st_size=2454144, ...}) = 0
1846894 pread64(3, "\6\0\0\0\4\0\0\0@\0\0\0\0\0\0\0@\0\0\0\0\0\0\0@\0\0\0\0\0\0\0"..., 784, 64) = 784
1846894 mmap(NULL, 2042904, PROT_READ, MAP_PRIVATE|MAP_DENYWRITE, 3, 0) = 0x7f915b06d000
1846894 mmap(0x7f915b06e000, 1503232, PROT_READ|PROT_EXEC, MAP_PRIVATE|MAP_FIXED|MAP_DENYWRITE, 3, 0x1000) = 0x7f915b06e000
1846894 mmap(0x7f915b1dd000, 479232, PROT_READ, MAP_PRIVATE|MAP_FIXED|MAP_DENYWRITE, 3, 0x170000) = 0x7f915b1dd000
1846894 mmap(0x7f915b252000, 24576, PROT_READ|PROT_WRITE, MAP_PRIVATE|MAP_FIXED|MAP_DENYWRITE, 3, 0x1e5000) = 0x7f915b252000
1846894 mmap(0x7f915b258000, 31768, PROT_READ|PROT_WRITE, MAP_PRIVATE|MAP_FIXED|MAP_ANONYMOUS, -1, 0) = 0x7f915b258000
1846894 close(3)                        = 0
1846894 mmap(NULL, 12288, PROT_READ|PROT_WRITE, MAP_PRIVATE|MAP_ANONYMOUS, -1, 0) = 0x7f915b06a000
1846894 arch_prctl(ARCH_SET_FS, 0x7f915b06a740) = 0
1846894 set_tid_address(0x7f915b06aa10) = 1846894
1846894 set_robust_list(0x7f915b06aa20, 24) = 0
1846894 rseq(0x7f915b06b060, 0x20, 0, 0x53053053) = 0
1846894 mprotect(0x7f915b252000, 16384, PROT_READ) = 0
1846894 mprotect(0x7f915b289000, 16384, PROT_READ) = 0
1846894 mprotect(0x557396972000, 16384, PROT_READ) = 0
1846894 mprotect(0x7f915b2f5000, 8192, PROT_READ) = 0
1846894 prlimit64(0, RLIMIT_STACK, NULL, {rlim_cur=8192*1024, rlim_max=RLIM64_INFINITY}) = 0
1846894 munmap(0x7f915b290000, 171419)  = 0
1846894 openat(AT_FDCWD, "/dev/tty", O_RDWR|O_NONBLOCK) = 3
1846894 close(3)                        = 0
1846894 getrandom("\x06\x36\x8b\x79\x0e\xa4\x32\x70", 8, GRND_NONBLOCK) = 8
1846894 brk(NULL)                       = 0x5573c7258000
1846894 brk(0x5573c7279000)             = 0x5573c7279000
1846894 openat(AT_FDCWD, "/usr/lib/locale/locale-archive", O_RDONLY|O_CLOEXEC) = 3
1846894 fstat(3, {st_mode=S_IFREG|0644, st_size=232351648, ...}) = 0
1846894 mmap(NULL, 232351648, PROT_READ, MAP_PRIVATE, 3, 0) = 0x7f914d200000
1846894 close(3)                        = 0
1846894 openat(AT_FDCWD, "/usr/lib64/gconv/gconv-modules.cache", O_RDONLY|O_CLOEXEC) = 3
1846894 fstat(3, {st_mode=S_IFREG|0644, st_size=27012, ...}) = 0
1846894 mmap(NULL, 27012, PROT_READ, MAP_SHARED, 3, 0) = 0x7f915b2b3000
1846894 close(3)                        = 0
1846894 futex(0x7f915b25772c, FUTEX_WAKE_PRIVATE, 2147483647) = 0
1846894 getuid()                        = 1000
1846894 getgid()                        = 1000
1846894 geteuid()                       = 1000
1846894 getegid()                       = 1000
1846894 rt_sigprocmask(SIG_BLOCK, NULL, [], 8) = 0
1846894 rt_sigaction(SIGCHLD, {sa_handler=SIG_DFL, sa_mask=[], sa_flags=SA_RESTORER|SA_RESTART, sa_restorer=0x7f915b087050}, {sa_handler=SIG_DFL, sa_mask=[], sa_flags=0}, 8) = 0
1846894 rt_sigaction(SIGCHLD, {sa_handler=SIG_DFL, sa_mask=[], sa_flags=SA_RESTORER|SA_RESTART, sa_restorer=0x7f915b087050}, {sa_handler=SIG_DFL, sa_mask=[], sa_flags=SA_RESTORER|SA_RESTART, sa_restorer=0x7f915b087050}, 8) = 0
1846894 rt_sigaction(SIGINT, {sa_handler=SIG_DFL, sa_mask=[], sa_flags=SA_RESTORER, sa_restorer=0x7f915b087050}, {sa_handler=SIG_DFL, sa_mask=[], sa_flags=0}, 8) = 0
1846894 rt_sigaction(SIGINT, {sa_handler=SIG_DFL, sa_mask=[], sa_flags=SA_RESTORER, sa_restorer=0x7f915b087050}, {sa_handler=SIG_DFL, sa_mask=[], sa_flags=SA_RESTORER, sa_restorer=0x7f915b087050}, 8) = 0
1846894 rt_sigaction(SIGQUIT, {sa_handler=SIG_DFL, sa_mask=[], sa_flags=SA_RESTORER, sa_restorer=0x7f915b087050}, {sa_handler=SIG_DFL, sa_mask=[], sa_flags=0}, 8) = 0
1846894 rt_sigaction(SIGQUIT, {sa_handler=SIG_DFL, sa_mask=[], sa_flags=SA_RESTORER, sa_restorer=0x7f915b087050}, {sa_handler=SIG_DFL, sa_mask=[], sa_flags=SA_RESTORER, sa_restorer=0x7f915b087050}, 8) = 0
1846894 rt_sigaction(SIGTSTP, {sa_handler=SIG_DFL, sa_mask=[], sa_flags=SA_RESTORER, sa_restorer=0x7f915b087050}, {sa_handler=SIG_DFL, sa_mask=[], sa_flags=0}, 8) = 0
1846894 rt_sigaction(SIGTSTP, {sa_handler=SIG_DFL, sa_mask=[], sa_flags=SA_RESTORER, sa_restorer=0x7f915b087050}, {sa_handler=SIG_DFL, sa_mask=[], sa_flags=SA_RESTORER, sa_restorer=0x7f915b087050}, 8) = 0
1846894 rt_sigaction(SIGTTIN, {sa_handler=SIG_DFL, sa_mask=[], sa_flags=SA_RESTORER, sa_restorer=0x7f915b087050}, {sa_handler=SIG_DFL, sa_mask=[], sa_flags=0}, 8) = 0
1846894 rt_sigaction(SIGTTIN, {sa_handler=SIG_DFL, sa_mask=[], sa_flags=SA_RESTORER, sa_restorer=0x7f915b087050}, {sa_handler=SIG_DFL, sa_mask=[], sa_flags=SA_RESTORER, sa_restorer=0x7f915b087050}, 8) = 0
1846894 rt_sigaction(SIGTTOU, {sa_handler=SIG_DFL, sa_mask=[], sa_flags=SA_RESTORER, sa_restorer=0x7f915b087050}, {sa_handler=SIG_DFL, sa_mask=[], sa_flags=0}, 8) = 0
1846894 rt_sigaction(SIGTTOU, {sa_handler=SIG_DFL, sa_mask=[], sa_flags=SA_RESTORER, sa_restorer=0x7f915b087050}, {sa_handler=SIG_DFL, sa_mask=[], sa_flags=SA_RESTORER, sa_restorer=0x7f915b087050}, 8) = 0
1846894 rt_sigprocmask(SIG_BLOCK, NULL, [], 8) = 0
1846894 rt_sigaction(SIGQUIT, {sa_handler=SIG_IGN, sa_mask=[], sa_flags=SA_RESTORER, sa_restorer=0x7f915b087050}, {sa_handler=SIG_DFL, sa_mask=[], sa_flags=SA_RESTORER, sa_restorer=0x7f915b087050}, 8) = 0
1846894 uname({sysname="Linux", nodename="Shorty-Laptop", ...}) = 0
1846894 newfstatat(AT_FDCWD, "/home/shorty/projects/external/love-android/love/src/jni/LuaJIT-2.1", {st_mode=S_IFDIR|0755, st_size=274, ...}, 0) = 0
1846894 newfstatat(AT_FDCWD, ".", {st_mode=S_IFDIR|0755, st_size=3556, ...}, 0) = 0
1846894 getcwd("/home/shorty/projects/external/love-android/love/src/jni/LuaJIT-2.1/src", 4096) = 72
1846894 getpid()                        = 1846894
1846894 getppid()                       = 1846874
1846894 getpid()                        = 1846894
1846894 getppid()                       = 1846874
1846894 getpid()                        = 1846894
1846894 getppid()                       = 1846874
1846894 getpgrp()                       = 1846868
1846894 ioctl(2, TIOCGPGRP, [1846868])  = 0
1846894 rt_sigaction(SIGCHLD, {sa_handler=0x557396861140, sa_mask=[], sa_flags=SA_RESTORER|SA_RESTART, sa_restorer=0x7f915b087050}, {sa_handler=SIG_DFL, sa_mask=[], sa_flags=SA_RESTORER|SA_RESTART, sa_restorer=0x7f915b087050}, 8) = 0
1846894 prlimit64(0, RLIMIT_NPROC, NULL, {rlim_cur=126640, rlim_max=126640}) = 0
1846894 rt_sigprocmask(SIG_BLOCK, NULL, [], 8) = 0
1846894 rt_sigprocmask(SIG_BLOCK, NULL, [], 8) = 0
1846894 newfstatat(AT_FDCWD, ".", {st_mode=S_IFDIR|0755, st_size=3556, ...}, 0) = 0
1846894 newfstatat(AT_FDCWD, "/home/shorty/Android/Sdk/ndk/25.2.9519653/toolchains/llvm/prebuilt/linux-x86_64/bin/make", 0x7fff2d946390, 0) = -1 ENOENT (No such file or directory)
1846894 newfstatat(AT_FDCWD, "/home/shorty/.yarn/bin/make", 0x7fff2d946390, 0) = -1 ENOENT (No such file or directory)
1846894 newfstatat(AT_FDCWD, "/home/shorty/.nvm/versions/node/v22.14.0/bin/make", 0x7fff2d946390, 0) = -1 ENOENT (No such file or directory)
1846894 newfstatat(AT_FDCWD, "/home/shorty/.cargo/bin/make", 0x7fff2d946390, 0) = -1 ENOENT (No such file or directory)
1846894 newfstatat(AT_FDCWD, "/home/shorty/bin/make", 0x7fff2d946390, 0) = -1 ENOENT (No such file or directory)
1846894 newfstatat(AT_FDCWD, "/home/shorty/.local/bin/make", 0x7fff2d946390, 0) = -1 ENOENT (No such file or directory)
1846894 newfstatat(AT_FDCWD, "/usr/games/make", 0x7fff2d946390, 0) = -1 ENOENT (No such file or directory)
1846894 newfstatat(AT_FDCWD, "/usr/lib64/qt-3.3/bin/make", 0x7fff2d946390, 0) = -1 ENOENT (No such file or directory)
1846894 newfstatat(AT_FDCWD, "/usr/lib64/ccache/make", 0x7fff2d946390, 0) = -1 ENOENT (No such file or directory)
1846894 newfstatat(AT_FDCWD, "/usr/local/bin/make", 0x7fff2d946390, 0) = -1 ENOENT (No such file or directory)
1846894 newfstatat(AT_FDCWD, "/usr/bin/make", {st_mode=S_IFREG|0755, st_size=287608, ...}, 0) = 0
1846894 newfstatat(AT_FDCWD, "/usr/bin/make", {st_mode=S_IFREG|0755, st_size=287608, ...}, 0) = 0
1846894 geteuid()                       = 1000
1846894 getegid()                       = 1000
1846894 getuid()                        = 1000
1846894 getgid()                        = 1000
1846894 access("/usr/bin/make", X_OK)   = 0
1846894 newfstatat(AT_FDCWD, "/usr/bin/make", {st_mode=S_IFREG|0755, st_size=287608, ...}, 0) = 0
1846894 geteuid()                       = 1000
1846894 getegid()                       = 1000
1846894 getuid()                        = 1000
1846894 getgid()                        = 1000
1846894 access("/usr/bin/make", R_OK)   = 0
1846894 rt_sigaction(SIGINT, {sa_handler=SIG_DFL, sa_mask=[], sa_flags=SA_RESTORER, sa_restorer=0x7f915b087050}, {sa_handler=SIG_DFL, sa_mask=[], sa_flags=SA_RESTORER, sa_restorer=0x7f915b087050}, 8) = 0
1846894 rt_sigaction(SIGQUIT, {sa_handler=SIG_DFL, sa_mask=[], sa_flags=SA_RESTORER, sa_restorer=0x7f915b087050}, {sa_handler=SIG_IGN, sa_mask=[], sa_flags=SA_RESTORER, sa_restorer=0x7f915b087050}, 8) = 0
1846894 rt_sigaction(SIGCHLD, {sa_handler=SIG_DFL, sa_mask=[], sa_flags=SA_RESTORER|SA_RESTART, sa_restorer=0x7f915b087050}, {sa_handler=0x557396861140, sa_mask=[], sa_flags=SA_RESTORER|SA_RESTART, sa_restorer=0x7f915b087050}, 8) = 0
1846894 execve("/usr/bin/make", ["make", "all", "LJCORE_O=ljamalg.o"], 0x5573c726b6a0 /* 112 vars */) = 0
1846894 brk(NULL)                       = 0x5567e6fd3000
1846894 access("/etc/ld.so.preload", R_OK) = -1 ENOENT (No such file or directory)
1846894 openat(AT_FDCWD, "/etc/ld.so.cache", O_RDONLY|O_CLOEXEC) = 3
1846894 fstat(3, {st_mode=S_IFREG|0644, st_size=171419, ...}) = 0
1846894 mmap(NULL, 171419, PROT_READ, MAP_PRIVATE, 3, 0) = 0x7f23e59e1000
1846894 close(3)                        = 0
1846894 mmap(NULL, 8192, PROT_READ|PROT_WRITE, MAP_PRIVATE|MAP_ANONYMOUS, -1, 0) = 0x7f23e59df000
1846894 openat(AT_FDCWD, "/lib64/libc.so.6", O_RDONLY|O_CLOEXEC) = 3
1846894 read(3, "\177ELF\2\1\1\3\0\0\0\0\0\0\0\0\3\0>\0\1\0\0\0 4\0\0\0\0\0\0"..., 832) = 832
1846894 pread64(3, "\6\0\0\0\4\0\0\0@\0\0\0\0\0\0\0@\0\0\0\0\0\0\0@\0\0\0\0\0\0\0"..., 784, 64) = 784
1846894 fstat(3, {st_mode=S_IFREG|0755, st_size=2454144, ...}) = 0
1846894 pread64(3, "\6\0\0\0\4\0\0\0@\0\0\0\0\0\0\0@\0\0\0\0\0\0\0@\0\0\0\0\0\0\0"..., 784, 64) = 784
1846894 mmap(NULL, 2042904, PROT_READ, MAP_PRIVATE|MAP_DENYWRITE, 3, 0) = 0x7f23e57ec000
1846894 mmap(0x7f23e57ed000, 1503232, PROT_READ|PROT_EXEC, MAP_PRIVATE|MAP_FIXED|MAP_DENYWRITE, 3, 0x1000) = 0x7f23e57ed000
1846894 mmap(0x7f23e595c000, 479232, PROT_READ, MAP_PRIVATE|MAP_FIXED|MAP_DENYWRITE, 3, 0x170000) = 0x7f23e595c000
1846894 mmap(0x7f23e59d1000, 24576, PROT_READ|PROT_WRITE, MAP_PRIVATE|MAP_FIXED|MAP_DENYWRITE, 3, 0x1e5000) = 0x7f23e59d1000
1846894 mmap(0x7f23e59d7000, 31768, PROT_READ|PROT_WRITE, MAP_PRIVATE|MAP_FIXED|MAP_ANONYMOUS, -1, 0) = 0x7f23e59d7000
1846894 close(3)                        = 0
1846894 mmap(NULL, 12288, PROT_READ|PROT_WRITE, MAP_PRIVATE|MAP_ANONYMOUS, -1, 0) = 0x7f23e57e9000
1846894 arch_prctl(ARCH_SET_FS, 0x7f23e57e9740) = 0
1846894 set_tid_address(0x7f23e57e9a10) = 1846894
1846894 set_robust_list(0x7f23e57e9a20, 24) = 0
1846894 rseq(0x7f23e57ea060, 0x20, 0, 0x53053053) = 0
1846894 mprotect(0x7f23e59d1000, 16384, PROT_READ) = 0
1846894 mprotect(0x5567bfe36000, 4096, PROT_READ) = 0
1846894 mprotect(0x7f23e5a46000, 8192, PROT_READ) = 0
1846894 prlimit64(0, RLIMIT_STACK, NULL, {rlim_cur=8192*1024, rlim_max=RLIM64_INFINITY}) = 0
1846894 munmap(0x7f23e59e1000, 171419)  = 0
1846894 getrandom("\xb1\x66\xa7\x5b\x16\x0d\x00\x65", 8, GRND_NONBLOCK) = 8
1846894 brk(NULL)                       = 0x5567e6fd3000
1846894 brk(0x5567e6ff4000)             = 0x5567e6ff4000
1846894 fcntl(0, F_GETFD)               = 0
1846894 fcntl(1, F_GETFD)               = 0
1846894 fcntl(2, F_GETFD)               = 0
1846894 fstat(1, {st_mode=S_IFCHR|0600, st_rdev=makedev(0x88, 0x4), ...}) = 0
1846894 fstat(2, {st_mode=S_IFCHR|0600, st_rdev=makedev(0x88, 0x4), ...}) = 0
1846894 openat(AT_FDCWD, "/usr/lib/locale/locale-archive", O_RDONLY|O_CLOEXEC) = 3
1846894 fstat(3, {st_mode=S_IFREG|0644, st_size=232351648, ...}) = 0
1846894 mmap(NULL, 232351648, PROT_READ, MAP_PRIVATE, 3, 0) = 0x7f23d7a00000
1846894 close(3)                        = 0
1846894 rt_sigaction(SIGHUP, {sa_handler=0x5567bfe016e0, sa_mask=[HUP], sa_flags=SA_RESTORER|SA_RESTART, sa_restorer=0x7f23e5806050}, {sa_handler=SIG_DFL, sa_mask=[], sa_flags=0}, 8) = 0
1846894 rt_sigaction(SIGQUIT, {sa_handler=0x5567bfe016e0, sa_mask=[QUIT], sa_flags=SA_RESTORER|SA_RESTART, sa_restorer=0x7f23e5806050}, {sa_handler=SIG_DFL, sa_mask=[], sa_flags=0}, 8) = 0
1846894 rt_sigaction(SIGPIPE, {sa_handler=0x5567bfe016e0, sa_mask=[PIPE], sa_flags=SA_RESTORER|SA_RESTART, sa_restorer=0x7f23e5806050}, {sa_handler=SIG_DFL, sa_mask=[], sa_flags=0}, 8) = 0
1846894 rt_sigaction(SIGINT, {sa_handler=0x5567bfe016e0, sa_mask=[INT], sa_flags=SA_RESTORER|SA_RESTART, sa_restorer=0x7f23e5806050}, {sa_handler=SIG_DFL, sa_mask=[], sa_flags=0}, 8) = 0
1846894 rt_sigaction(SIGTERM, {sa_handler=0x5567bfe016e0, sa_mask=[TERM], sa_flags=SA_RESTORER|SA_RESTART, sa_restorer=0x7f23e5806050}, {sa_handler=SIG_DFL, sa_mask=[], sa_flags=0}, 8) = 0
1846894 rt_sigaction(SIGXCPU, {sa_handler=0x5567bfe016e0, sa_mask=[XCPU], sa_flags=SA_RESTORER|SA_RESTART, sa_restorer=0x7f23e5806050}, {sa_handler=SIG_DFL, sa_mask=[], sa_flags=0}, 8) = 0
1846894 rt_sigaction(SIGXFSZ, {sa_handler=0x5567bfe016e0, sa_mask=[XFSZ], sa_flags=SA_RESTORER|SA_RESTART, sa_restorer=0x7f23e5806050}, {sa_handler=SIG_DFL, sa_mask=[], sa_flags=0}, 8) = 0
1846894 rt_sigaction(SIGCHLD, {sa_handler=SIG_DFL, sa_mask=[CHLD], sa_flags=SA_RESTORER|SA_RESTART, sa_restorer=0x7f23e5806050}, {sa_handler=SIG_DFL, sa_mask=[], sa_flags=0}, 8) = 0
1846894 fstat(1, {st_mode=S_IFCHR|0600, st_rdev=makedev(0x88, 0x4), ...}) = 0
1846894 fstat(2, {st_mode=S_IFCHR|0600, st_rdev=makedev(0x88, 0x4), ...}) = 0
1846894 getcwd("/home/shorty/projects/external/love-android/love/src/jni/LuaJIT-2.1/src", 4096) = 72
1846894 ioctl(1, TCGETS, {c_iflag=ICRNL|IUTF8, c_oflag=NL0|CR0|TAB0|BS0|VT0|FF0|OPOST|ONLCR, c_cflag=B38400|CS8|CREAD, c_lflag=ISIG|ICANON|ECHO|ECHOE|ECHOK|IEXTEN|ECHOCTL|ECHOKE, ...}) = 0
1846894 ioctl(2, TCGETS, {c_iflag=ICRNL|IUTF8, c_oflag=NL0|CR0|TAB0|BS0|VT0|FF0|OPOST|ONLCR, c_cflag=B38400|CS8|CREAD, c_lflag=ISIG|ICANON|ECHO|ECHOE|ECHOK|IEXTEN|ECHOCTL|ECHOKE, ...}) = 0
1846894 newfstatat(AT_FDCWD, "/usr/gnu/include", 0x7ffc11d0a280, 0) = -1 ENOENT (No such file or directory)
1846894 newfstatat(AT_FDCWD, "/usr/local/include", {st_mode=S_IFDIR|0755, st_size=20, ...}, 0) = 0
1846894 newfstatat(AT_FDCWD, "/usr/include", {st_mode=S_IFDIR|0755, st_size=4664, ...}, 0) = 0
1846894 openat(AT_FDCWD, "/tmp/GMfifo1846871", O_RDONLY) = 3
1846894 openat(AT_FDCWD, "/tmp/GMfifo1846871", O_WRONLY) = 4
1846894 fcntl(3, F_GETFL)               = 0x8000 (flags O_RDONLY|O_LARGEFILE)
1846894 fcntl(3, F_SETFL, O_RDONLY|O_NONBLOCK|O_LARGEFILE) = 0
1846894 fcntl(3, F_GETFD)               = 0
1846894 fcntl(3, F_SETFD, FD_CLOEXEC)   = 0
1846894 fcntl(4, F_GETFD)               = 0
1846894 fcntl(4, F_SETFD, FD_CLOEXEC)   = 0
1846894 rt_sigaction(SIGCHLD, {sa_handler=0x5567bfe09160, sa_mask=[CHLD], sa_flags=SA_RESTORER|SA_RESTART, sa_restorer=0x7f23e5806050}, {sa_handler=SIG_DFL, sa_mask=[CHLD], sa_flags=SA_RESTORER|SA_RESTART, sa_restorer=0x7f23e5806050}, 8) = 0
1846894 rt_sigprocmask(SIG_SETMASK, [CHLD], NULL, 8) = 0
1846894 rt_sigaction(SIGUSR1, {sa_handler=0x5567bfe090a0, sa_mask=[USR1], sa_flags=SA_RESTORER|SA_RESTART, sa_restorer=0x7f23e5806050}, {sa_handler=SIG_DFL, sa_mask=[], sa_flags=0}, 8) = 0
1846894 brk(0x5567e7015000)             = 0x5567e7015000
1846894 newfstatat(AT_FDCWD, ".", {st_mode=S_IFDIR|0755, st_size=3556, ...}, 0) = 0
1846894 openat(AT_FDCWD, ".", O_RDONLY|O_NONBLOCK|O_CLOEXEC|O_DIRECTORY) = 5
1846894 fstat(5, {st_mode=S_IFDIR|0755, st_size=3556, ...}) = 0
1846894 getdents64(5, 0x5567e6ff5c30 /* 171 entries */, 32768) = 5720
1846894 getdents64(5, 0x5567e6ff5c30 /* 0 entries */, 32768) = 0
1846894 close(5)                        = 0
1846894 openat(AT_FDCWD, "Makefile", O_RDONLY) = 5
1846894 fcntl(5, F_GETFD)               = 0
1846894 fcntl(5, F_SETFD, FD_CLOEXEC)   = 0
1846894 fstat(5, {st_mode=S_IFREG|0644, st_size=24258, ...}) = 0
1846894 read(5, "################################"..., 4096) = 4096
1846894 read(5, "\n# Note: this does not provide f"..., 4096) = 4096
1846894 openat(AT_FDCWD, "/usr/share/locale/locale.alias", O_RDONLY|O_CLOEXEC) = 6
1846894 fstat(6, {st_mode=S_IFREG|0644, st_size=2998, ...}) = 0
1846894 read(6, "# Locale name alias data base.\n#"..., 4096) = 2998
1846894 read(6, "", 4096)               = 0
1846894 close(6)                        = 0
1846894 openat(AT_FDCWD, "/usr/share/locale/en_CA.UTF-8/LC_MESSAGES/make.mo", O_RDONLY) = -1 ENOENT (No such file or directory)
1846894 openat(AT_FDCWD, "/usr/share/locale/en_CA.utf8/LC_MESSAGES/make.mo", O_RDONLY) = -1 ENOENT (No such file or directory)
1846894 openat(AT_FDCWD, "/usr/share/locale/en_CA/LC_MESSAGES/make.mo", O_RDONLY) = -1 ENOENT (No such file or directory)
1846894 openat(AT_FDCWD, "/usr/share/locale/en.UTF-8/LC_MESSAGES/make.mo", O_RDONLY) = -1 ENOENT (No such file or directory)
1846894 openat(AT_FDCWD, "/usr/share/locale/en.utf8/LC_MESSAGES/make.mo", O_RDONLY) = -1 ENOENT (No such file or directory)
1846894 openat(AT_FDCWD, "/usr/share/locale/en/LC_MESSAGES/make.mo", O_RDONLY) = -1 ENOENT (No such file or directory)
1846894 fstat(1, {st_mode=S_IFCHR|0600, st_rdev=makedev(0x88, 0x4), ...}) = 0
1846894 write(1, "make[2]: Entering directory '/ho"..., 102) = 102
1846894 pipe2([6, 7], 0)                = 0
1846894 fcntl(7, F_GETFD)               = 0
1846894 fcntl(7, F_SETFD, FD_CLOEXEC)   = 0
1846894 fcntl(6, F_GETFD)               = 0
1846894 fcntl(6, F_SETFD, FD_CLOEXEC)   = 0
1846894 prlimit64(0, RLIMIT_NOFILE, NULL, {rlim_cur=1024, rlim_max=1024*1024}) = 0
1846894 prlimit64(0, RLIMIT_NOFILE, NULL, {rlim_cur=1024, rlim_max=1024*1024}) = 0
1846894 newfstatat(AT_FDCWD, "/home/shorty/Android/Sdk/ndk/25.2.9519653/toolchains/llvm/prebuilt/linux-x86_64/bin/uname", 0x7ffc11d09580, 0) = -1 ENOENT (No such file or directory)
1846894 newfstatat(AT_FDCWD, "/home/shorty/.yarn/bin/uname", 0x7ffc11d09580, 0) = -1 ENOENT (No such file or directory)
1846894 newfstatat(AT_FDCWD, "/home/shorty/.nvm/versions/node/v22.14.0/bin/uname", 0x7ffc11d09580, 0) = -1 ENOENT (No such file or directory)
1846894 newfstatat(AT_FDCWD, "/home/shorty/.cargo/bin/uname", 0x7ffc11d09580, 0) = -1 ENOENT (No such file or directory)
1846894 newfstatat(AT_FDCWD, "/home/shorty/bin/uname", 0x7ffc11d09580, 0) = -1 ENOENT (No such file or directory)
1846894 newfstatat(AT_FDCWD, "/home/shorty/.local/bin/uname", 0x7ffc11d09580, 0) = -1 ENOENT (No such file or directory)
1846894 newfstatat(AT_FDCWD, "/usr/games/uname", 0x7ffc11d09580, 0) = -1 ENOENT (No such file or directory)
1846894 newfstatat(AT_FDCWD, "/usr/lib64/qt-3.3/bin/uname", 0x7ffc11d09580, 0) = -1 ENOENT (No such file or directory)
1846894 newfstatat(AT_FDCWD, "/usr/lib64/ccache/uname", 0x7ffc11d09580, 0) = -1 ENOENT (No such file or directory)
1846894 newfstatat(AT_FDCWD, "/usr/local/bin/uname", 0x7ffc11d09580, 0) = -1 ENOENT (No such file or directory)
1846894 newfstatat(AT_FDCWD, "/usr/bin/uname", {st_mode=S_IFREG|0755, st_size=36840, ...}, 0) = 0
1846894 geteuid()                       = 1000
1846894 getegid()                       = 1000
1846894 getuid()                        = 1000
1846894 getgid()                        = 1000
1846894 access("/usr/bin/uname", X_OK)  = 0
1846894 newfstatat(AT_FDCWD, "/usr/bin/uname", {st_mode=S_IFREG|0755, st_size=36840, ...}, 0) = 0
1846894 mmap(NULL, 36864, PROT_READ|PROT_WRITE, MAP_PRIVATE|MAP_ANONYMOUS|MAP_STACK, -1, 0) = 0x7f23e5a02000
1846894 rt_sigprocmask(SIG_BLOCK, ~[], [CHLD], 8) = 0
1846894 clone3({flags=CLONE_VM|CLONE_VFORK|CLONE_CLEAR_SIGHAND, exit_signal=SIGCHLD, stack=0x7f23e5a02000, stack_size=0x9000}, 88 <unfinished ...>
1846895 rt_sigprocmask(SIG_BLOCK, NULL, ~[KILL STOP], 8) = 0
1846895 dup2(7, 1)                      = 1
1846895 rt_sigprocmask(SIG_SETMASK, [], NULL, 8) = 0
1846895 execve("/usr/bin/uname", ["uname", "-s"], 0x5567e6ff8430 /* 113 vars */ <unfinished ...>
1846894 <... clone3 resumed>)           = 1846895
1846894 munmap(0x7f23e5a02000, 36864)   = 0
1846894 rt_sigprocmask(SIG_SETMASK, [CHLD], NULL, 8) = 0
1846895 <... execve resumed>)           = 0
1846894 close(7)                        = 0
1846894 read(6,  <unfinished ...>
1846895 brk(NULL)                       = 0x564b30a19000
1846895 access("/etc/ld.so.preload", R_OK) = -1 ENOENT (No such file or directory)
1846895 openat(AT_FDCWD, "/etc/ld.so.cache", O_RDONLY|O_CLOEXEC) = 3
1846895 fstat(3, {st_mode=S_IFREG|0644, st_size=171419, ...}) = 0
1846895 mmap(NULL, 171419, PROT_READ, MAP_PRIVATE, 3, 0) = 0x7fa17f73e000
1846895 close(3)                        = 0
1846895 mmap(NULL, 8192, PROT_READ|PROT_WRITE, MAP_PRIVATE|MAP_ANONYMOUS, -1, 0) = 0x7fa17f73c000
1846895 openat(AT_FDCWD, "/lib64/libc.so.6", O_RDONLY|O_CLOEXEC) = 3
1846895 read(3, "\177ELF\2\1\1\3\0\0\0\0\0\0\0\0\3\0>\0\1\0\0\0 4\0\0\0\0\0\0"..., 832) = 832
1846895 pread64(3, "\6\0\0\0\4\0\0\0@\0\0\0\0\0\0\0@\0\0\0\0\0\0\0@\0\0\0\0\0\0\0"..., 784, 64) = 784
1846895 fstat(3, {st_mode=S_IFREG|0755, st_size=2454144, ...}) = 0
1846895 pread64(3, "\6\0\0\0\4\0\0\0@\0\0\0\0\0\0\0@\0\0\0\0\0\0\0@\0\0\0\0\0\0\0"..., 784, 64) = 784
1846895 mmap(NULL, 2042904, PROT_READ, MAP_PRIVATE|MAP_DENYWRITE, 3, 0) = 0x7fa17f549000
1846895 mmap(0x7fa17f54a000, 1503232, PROT_READ|PROT_EXEC, MAP_PRIVATE|MAP_FIXED|MAP_DENYWRITE, 3, 0x1000) = 0x7fa17f54a000
1846895 mmap(0x7fa17f6b9000, 479232, PROT_READ, MAP_PRIVATE|MAP_FIXED|MAP_DENYWRITE, 3, 0x170000) = 0x7fa17f6b9000
1846895 mmap(0x7fa17f72e000, 24576, PROT_READ|PROT_WRITE, MAP_PRIVATE|MAP_FIXED|MAP_DENYWRITE, 3, 0x1e5000) = 0x7fa17f72e000
1846895 mmap(0x7fa17f734000, 31768, PROT_READ|PROT_WRITE, MAP_PRIVATE|MAP_FIXED|MAP_ANONYMOUS, -1, 0) = 0x7fa17f734000
1846895 close(3)                        = 0
1846895 mmap(NULL, 12288, PROT_READ|PROT_WRITE, MAP_PRIVATE|MAP_ANONYMOUS, -1, 0) = 0x7fa17f546000
1846895 arch_prctl(ARCH_SET_FS, 0x7fa17f546740) = 0
1846895 set_tid_address(0x7fa17f546a10) = 1846895
1846895 set_robust_list(0x7fa17f546a20, 24) = 0
1846895 rseq(0x7fa17f547060, 0x20, 0, 0x53053053) = 0
1846895 mprotect(0x7fa17f72e000, 16384, PROT_READ) = 0
1846895 mprotect(0x564b06b37000, 4096, PROT_READ) = 0
1846895 mprotect(0x7fa17f7a3000, 8192, PROT_READ) = 0
1846895 prlimit64(0, RLIMIT_STACK, NULL, {rlim_cur=8192*1024, rlim_max=RLIM64_INFINITY}) = 0
1846895 munmap(0x7fa17f73e000, 171419)  = 0
1846895 getrandom("\x3b\xc2\x66\xaa\xcf\x29\x88\x40", 8, GRND_NONBLOCK) = 8
1846895 brk(NULL)                       = 0x564b30a19000
1846895 brk(0x564b30a3a000)             = 0x564b30a3a000
1846895 openat(AT_FDCWD, "/usr/lib/locale/locale-archive", O_RDONLY|O_CLOEXEC) = 3
1846895 fstat(3, {st_mode=S_IFREG|0644, st_size=232351648, ...}) = 0
1846895 mmap(NULL, 232351648, PROT_READ, MAP_PRIVATE, 3, 0) = 0x7fa171600000
1846895 close(3)                        = 0
1846895 uname({sysname="Linux", nodename="Shorty-Laptop", ...}) = 0
1846895 fstat(1, {st_mode=S_IFIFO|0600, st_size=0, ...}) = 0
1846895 write(1, "Linux\n", 6)          = 6
1846894 <... read resumed>"Linux\n", 200) = 6
1846895 close(1 <unfinished ...>
1846894 read(6,  <unfinished ...>
1846895 <... close resumed>)            = 0
1846894 <... read resumed>"", 194)      = 0
1846895 close(2 <unfinished ...>
1846894 close(6 <unfinished ...>
1846895 <... close resumed>)            = 0
1846895 exit_group(0 <unfinished ...>
1846894 <... close resumed>)            = 0
1846895 <... exit_group resumed>)       = ?
1846894 wait4(-1,  <unfinished ...>
1846895 +++ exited with 0 +++
1846894 <... wait4 resumed>[{WIFEXITED(s) && WEXITSTATUS(s) == 0}], 0, NULL) = 1846895
1846894 read(5, "=\n\nHOST_XCFLAGS= -I.\nHOST_XLDFLA"..., 4096) = 4096
1846894 pipe2([6, 7], 0)                = 0
1846894 fcntl(7, F_GETFD)               = 0
1846894 fcntl(7, F_SETFD, FD_CLOEXEC)   = 0
1846894 fcntl(6, F_GETFD)               = 0
1846894 fcntl(6, F_SETFD, FD_CLOEXEC)   = 0
1846894 prlimit64(0, RLIMIT_NOFILE, NULL, {rlim_cur=1024, rlim_max=1024*1024}) = 0
1846894 prlimit64(0, RLIMIT_NOFILE, NULL, {rlim_cur=1024, rlim_max=1024*1024}) = 0
1846894 newfstatat(AT_FDCWD, "/home/shorty/Android/Sdk/ndk/25.2.9519653/toolchains/llvm/prebuilt/linux-x86_64/bin/x86_64-linux-android21-clang", {st_mode=S_IFREG|0755, st_size=192, ...}, 0) = 0
1846894 geteuid()                       = 1000
1846894 getegid()                       = 1000
1846894 getuid()                        = 1000
1846894 getgid()                        = 1000
1846894 access("/home/shorty/Android/Sdk/ndk/25.2.9519653/toolchains/llvm/prebuilt/linux-x86_64/bin/x86_64-linux-android21-clang", X_OK) = 0
1846894 newfstatat(AT_FDCWD, "/home/shorty/Android/Sdk/ndk/25.2.9519653/toolchains/llvm/prebuilt/linux-x86_64/bin/x86_64-linux-android21-clang", {st_mode=S_IFREG|0755, st_size=192, ...}, 0) = 0
1846894 mmap(NULL, 36864, PROT_READ|PROT_WRITE, MAP_PRIVATE|MAP_ANONYMOUS|MAP_STACK, -1, 0) = 0x7f23e5a02000
1846894 rt_sigprocmask(SIG_BLOCK, ~[], [CHLD], 8) = 0
1846894 clone3({flags=CLONE_VM|CLONE_VFORK|CLONE_CLEAR_SIGHAND, exit_signal=SIGCHLD, stack=0x7f23e5a02000, stack_size=0x9000}, 88 <unfinished ...>
1846896 rt_sigprocmask(SIG_BLOCK, NULL, ~[KILL STOP], 8) = 0
1846896 dup2(7, 1)                      = 1
1846896 rt_sigprocmask(SIG_SETMASK, [], NULL, 8) = 0
1846896 execve("/home/shorty/Android/Sdk/ndk/25.2.9519653/toolchains/llvm/prebuilt/linux-x86_64/bin/x86_64-linux-android21-clang", ["x86_64-linux-android21-clang", "-fPIC", "-g", "-O2", "-fomit-frame-pointer", "-Wall", "-D_FILE_OFFSET_BITS=64", "-D_LARGEFILE_SOURCE", "-U_FORTIFY_SOURCE", "-E", "lj_arch.h", "-dM"], 0x5567e6ff8430 /* 113 vars */ <unfinished ...>
1846894 <... clone3 resumed>)           = 1846896
1846894 munmap(0x7f23e5a02000, 36864)   = 0
1846894 rt_sigprocmask(SIG_SETMASK, [CHLD],  <unfinished ...>
1846896 <... execve resumed>)           = 0
1846894 <... rt_sigprocmask resumed>NULL, 8) = 0
1846894 close(7 <unfinished ...>
1846896 brk(NULL <unfinished ...>
1846894 <... close resumed>)            = 0
1846896 <... brk resumed>)              = 0x5586075cc000
1846894 read(6,  <unfinished ...>
1846896 access("/etc/ld.so.preload", R_OK) = -1 ENOENT (No such file or directory)
1846896 openat(AT_FDCWD, "/etc/ld.so.cache", O_RDONLY|O_CLOEXEC) = 3
1846896 fstat(3, {st_mode=S_IFREG|0644, st_size=171419, ...}) = 0
1846896 mmap(NULL, 171419, PROT_READ, MAP_PRIVATE, 3, 0) = 0x7fd679e14000
1846896 close(3)                        = 0
1846896 mmap(NULL, 8192, PROT_READ|PROT_WRITE, MAP_PRIVATE|MAP_ANONYMOUS, -1, 0) = 0x7fd679e12000
1846896 openat(AT_FDCWD, "/lib64/libtinfo.so.6", O_RDONLY|O_CLOEXEC) = 3
1846896 read(3, "\177ELF\2\1\1\0\0\0\0\0\0\0\0\0\3\0>\0\1\0\0\0\0\0\0\0\0\0\0\0"..., 832) = 832
1846896 fstat(3, {st_mode=S_IFREG|0755, st_size=187416, ...}) = 0
1846896 mmap(NULL, 186656, PROT_READ, MAP_PRIVATE|MAP_DENYWRITE, 3, 0) = 0x7fd679de4000
1846896 mmap(0x7fd679dea000, 86016, PROT_READ|PROT_EXEC, MAP_PRIVATE|MAP_FIXED|MAP_DENYWRITE, 3, 0x6000) = 0x7fd679dea000
1846896 mmap(0x7fd679dff000, 57344, PROT_READ, MAP_PRIVATE|MAP_FIXED|MAP_DENYWRITE, 3, 0x1b000) = 0x7fd679dff000
1846896 mmap(0x7fd679e0d000, 20480, PROT_READ|PROT_WRITE, MAP_PRIVATE|MAP_FIXED|MAP_DENYWRITE, 3, 0x28000) = 0x7fd679e0d000
1846896 close(3)                        = 0
1846896 openat(AT_FDCWD, "/lib64/libc.so.6", O_RDONLY|O_CLOEXEC) = 3
1846896 read(3, "\177ELF\2\1\1\3\0\0\0\0\0\0\0\0\3\0>\0\1\0\0\0 4\0\0\0\0\0\0"..., 832) = 832
1846896 pread64(3, "\6\0\0\0\4\0\0\0@\0\0\0\0\0\0\0@\0\0\0\0\0\0\0@\0\0\0\0\0\0\0"..., 784, 64) = 784
1846896 fstat(3, {st_mode=S_IFREG|0755, st_size=2454144, ...}) = 0
1846896 pread64(3, "\6\0\0\0\4\0\0\0@\0\0\0\0\0\0\0@\0\0\0\0\0\0\0@\0\0\0\0\0\0\0"..., 784, 64) = 784
1846896 mmap(NULL, 2042904, PROT_READ, MAP_PRIVATE|MAP_DENYWRITE, 3, 0) = 0x7fd679bf1000
1846896 mmap(0x7fd679bf2000, 1503232, PROT_READ|PROT_EXEC, MAP_PRIVATE|MAP_FIXED|MAP_DENYWRITE, 3, 0x1000) = 0x7fd679bf2000
1846896 mmap(0x7fd679d61000, 479232, PROT_READ, MAP_PRIVATE|MAP_FIXED|MAP_DENYWRITE, 3, 0x170000) = 0x7fd679d61000
1846896 mmap(0x7fd679dd6000, 24576, PROT_READ|PROT_WRITE, MAP_PRIVATE|MAP_FIXED|MAP_DENYWRITE, 3, 0x1e5000) = 0x7fd679dd6000
1846896 mmap(0x7fd679ddc000, 31768, PROT_READ|PROT_WRITE, MAP_PRIVATE|MAP_FIXED|MAP_ANONYMOUS, -1, 0) = 0x7fd679ddc000
1846896 close(3)                        = 0
1846896 mmap(NULL, 12288, PROT_READ|PROT_WRITE, MAP_PRIVATE|MAP_ANONYMOUS, -1, 0) = 0x7fd679bee000
1846896 arch_prctl(ARCH_SET_FS, 0x7fd679bee740) = 0
1846896 set_tid_address(0x7fd679beea10) = 1846896
1846896 set_robust_list(0x7fd679beea20, 24) = 0
1846896 rseq(0x7fd679bef060, 0x20, 0, 0x53053053) = 0
1846896 mprotect(0x7fd679dd6000, 16384, PROT_READ) = 0
1846896 mprotect(0x7fd679e0d000, 16384, PROT_READ) = 0
1846896 mprotect(0x558600264000, 16384, PROT_READ) = 0
1846896 mprotect(0x7fd679e79000, 8192, PROT_READ) = 0
1846896 prlimit64(0, RLIMIT_STACK, NULL, {rlim_cur=8192*1024, rlim_max=RLIM64_INFINITY}) = 0
1846896 munmap(0x7fd679e14000, 171419)  = 0
1846896 openat(AT_FDCWD, "/dev/tty", O_RDWR|O_NONBLOCK) = 3
1846896 close(3)                        = 0
1846896 getrandom("\x0f\x42\xa1\x61\x21\xa1\xee\xc9", 8, GRND_NONBLOCK) = 8
1846896 brk(NULL)                       = 0x5586075cc000
1846896 brk(0x5586075ed000)             = 0x5586075ed000
1846896 openat(AT_FDCWD, "/usr/lib/locale/locale-archive", O_RDONLY|O_CLOEXEC) = 3
1846896 fstat(3, {st_mode=S_IFREG|0644, st_size=232351648, ...}) = 0
1846896 mmap(NULL, 232351648, PROT_READ, MAP_PRIVATE, 3, 0) = 0x7fd66be00000
1846896 close(3)                        = 0
1846896 openat(AT_FDCWD, "/usr/lib64/gconv/gconv-modules.cache", O_RDONLY|O_CLOEXEC) = 3
1846896 fstat(3, {st_mode=S_IFREG|0644, st_size=27012, ...}) = 0
1846896 mmap(NULL, 27012, PROT_READ, MAP_SHARED, 3, 0) = 0x7fd679e37000
1846896 close(3)                        = 0
1846896 futex(0x7fd679ddb72c, FUTEX_WAKE_PRIVATE, 2147483647) = 0
1846896 getuid()                        = 1000
1846896 getgid()                        = 1000
1846896 geteuid()                       = 1000
1846896 getegid()                       = 1000
1846896 rt_sigprocmask(SIG_BLOCK, NULL, [], 8) = 0
1846896 rt_sigaction(SIGCHLD, {sa_handler=SIG_DFL, sa_mask=[], sa_flags=SA_RESTORER|SA_RESTART, sa_restorer=0x7fd679c0b050}, {sa_handler=SIG_DFL, sa_mask=[], sa_flags=0}, 8) = 0
1846896 rt_sigaction(SIGCHLD, {sa_handler=SIG_DFL, sa_mask=[], sa_flags=SA_RESTORER|SA_RESTART, sa_restorer=0x7fd679c0b050}, {sa_handler=SIG_DFL, sa_mask=[], sa_flags=SA_RESTORER|SA_RESTART, sa_restorer=0x7fd679c0b050}, 8) = 0
1846896 rt_sigaction(SIGINT, {sa_handler=SIG_DFL, sa_mask=[], sa_flags=SA_RESTORER, sa_restorer=0x7fd679c0b050}, {sa_handler=SIG_DFL, sa_mask=[], sa_flags=0}, 8) = 0
1846896 rt_sigaction(SIGINT, {sa_handler=SIG_DFL, sa_mask=[], sa_flags=SA_RESTORER, sa_restorer=0x7fd679c0b050}, {sa_handler=SIG_DFL, sa_mask=[], sa_flags=SA_RESTORER, sa_restorer=0x7fd679c0b050}, 8) = 0
1846896 rt_sigaction(SIGQUIT, {sa_handler=SIG_DFL, sa_mask=[], sa_flags=SA_RESTORER, sa_restorer=0x7fd679c0b050}, {sa_handler=SIG_DFL, sa_mask=[], sa_flags=0}, 8) = 0
1846896 rt_sigaction(SIGQUIT, {sa_handler=SIG_DFL, sa_mask=[], sa_flags=SA_RESTORER, sa_restorer=0x7fd679c0b050}, {sa_handler=SIG_DFL, sa_mask=[], sa_flags=SA_RESTORER, sa_restorer=0x7fd679c0b050}, 8) = 0
1846896 rt_sigaction(SIGTSTP, {sa_handler=SIG_DFL, sa_mask=[], sa_flags=SA_RESTORER, sa_restorer=0x7fd679c0b050}, {sa_handler=SIG_DFL, sa_mask=[], sa_flags=0}, 8) = 0
1846896 rt_sigaction(SIGTSTP, {sa_handler=SIG_DFL, sa_mask=[], sa_flags=SA_RESTORER, sa_restorer=0x7fd679c0b050}, {sa_handler=SIG_DFL, sa_mask=[], sa_flags=SA_RESTORER, sa_restorer=0x7fd679c0b050}, 8) = 0
1846896 rt_sigaction(SIGTTIN, {sa_handler=SIG_DFL, sa_mask=[], sa_flags=SA_RESTORER, sa_restorer=0x7fd679c0b050}, {sa_handler=SIG_DFL, sa_mask=[], sa_flags=0}, 8) = 0
1846896 rt_sigaction(SIGTTIN, {sa_handler=SIG_DFL, sa_mask=[], sa_flags=SA_RESTORER, sa_restorer=0x7fd679c0b050}, {sa_handler=SIG_DFL, sa_mask=[], sa_flags=SA_RESTORER, sa_restorer=0x7fd679c0b050}, 8) = 0
1846896 rt_sigaction(SIGTTOU, {sa_handler=SIG_DFL, sa_mask=[], sa_flags=SA_RESTORER, sa_restorer=0x7fd679c0b050}, {sa_handler=SIG_DFL, sa_mask=[], sa_flags=0}, 8) = 0
1846896 rt_sigaction(SIGTTOU, {sa_handler=SIG_DFL, sa_mask=[], sa_flags=SA_RESTORER, sa_restorer=0x7fd679c0b050}, {sa_handler=SIG_DFL, sa_mask=[], sa_flags=SA_RESTORER, sa_restorer=0x7fd679c0b050}, 8) = 0
1846896 rt_sigprocmask(SIG_BLOCK, NULL, [], 8) = 0
1846896 rt_sigaction(SIGQUIT, {sa_handler=SIG_IGN, sa_mask=[], sa_flags=SA_RESTORER, sa_restorer=0x7fd679c0b050}, {sa_handler=SIG_DFL, sa_mask=[], sa_flags=SA_RESTORER, sa_restorer=0x7fd679c0b050}, 8) = 0
1846896 uname({sysname="Linux", nodename="Shorty-Laptop", ...}) = 0
1846896 newfstatat(AT_FDCWD, "/home/shorty/projects/external/love-android/love/src/jni/LuaJIT-2.1/src", {st_mode=S_IFDIR|0755, st_size=3556, ...}, 0) = 0
1846896 newfstatat(AT_FDCWD, ".", {st_mode=S_IFDIR|0755, st_size=3556, ...}, 0) = 0
1846896 newfstatat(AT_FDCWD, "/home", {st_mode=S_IFDIR|0755, st_size=12, ...}, 0) = 0
1846896 newfstatat(AT_FDCWD, "/home/shorty", {st_mode=S_IFDIR|0750, st_size=7224, ...}, 0) = 0
1846896 newfstatat(AT_FDCWD, "/home/shorty/projects", {st_mode=S_IFDIR|0755, st_size=2500, ...}, 0) = 0
1846896 newfstatat(AT_FDCWD, "/home/shorty/projects/external", {st_mode=S_IFDIR|0755, st_size=1214, ...}, 0) = 0
1846896 newfstatat(AT_FDCWD, "/home/shorty/projects/external/love-android", {st_mode=S_IFDIR|0755, st_size=504, ...}, 0) = 0
1846896 newfstatat(AT_FDCWD, "/home/shorty/projects/external/love-android/love", {st_mode=S_IFDIR|0755, st_size=76, ...}, 0) = 0
1846896 newfstatat(AT_FDCWD, "/home/shorty/projects/external/love-android/love/src", {st_mode=S_IFDIR|0755, st_size=36, ...}, 0) = 0
1846896 newfstatat(AT_FDCWD, "/home/shorty/projects/external/love-android/love/src/jni", {st_mode=S_IFDIR|0755, st_size=538, ...}, 0) = 0
1846896 newfstatat(AT_FDCWD, "/home/shorty/projects/external/love-android/love/src/jni/LuaJIT-2.1", {st_mode=S_IFDIR|0755, st_size=274, ...}, 0) = 0
1846896 newfstatat(AT_FDCWD, "/home/shorty/projects/external/love-android/love/src/jni/LuaJIT-2.1/src", {st_mode=S_IFDIR|0755, st_size=3556, ...}, 0) = 0
1846896 getpid()                        = 1846896
1846896 getppid()                       = 1846894
1846896 getpid()                        = 1846896
1846896 getppid()                       = 1846894
1846896 getpid()                        = 1846896
1846896 getppid()                       = 1846894
1846896 getpgrp()                       = 1846868
1846896 ioctl(2, TIOCGPGRP, [1846868])  = 0
1846896 rt_sigaction(SIGCHLD, {sa_handler=0x558600153140, sa_mask=[], sa_flags=SA_RESTORER|SA_RESTART, sa_restorer=0x7fd679c0b050}, {sa_handler=SIG_DFL, sa_mask=[], sa_flags=SA_RESTORER|SA_RESTART, sa_restorer=0x7fd679c0b050}, 8) = 0
1846896 prlimit64(0, RLIMIT_NPROC, NULL, {rlim_cur=126640, rlim_max=126640}) = 0
1846896 rt_sigprocmask(SIG_BLOCK, NULL, [], 8) = 0
1846896 openat(AT_FDCWD, "/home/shorty/Android/Sdk/ndk/25.2.9519653/toolchains/llvm/prebuilt/linux-x86_64/bin/x86_64-linux-android21-clang", O_RDONLY) = 3
1846896 newfstatat(AT_FDCWD, "/home/shorty/Android/Sdk/ndk/25.2.9519653/toolchains/llvm/prebuilt/linux-x86_64/bin/x86_64-linux-android21-clang", {st_mode=S_IFREG|0755, st_size=192, ...}, 0) = 0
1846896 ioctl(3, TCGETS, 0x7ffd210b84e0) = -1 ENOTTY (Inappropriate ioctl for device)
1846896 lseek(3, 0, SEEK_CUR)           = 0
1846896 read(3, "#!/bin/bash\nbin_dir=`dirname \"$0"..., 80) = 80
1846896 lseek(3, 0, SEEK_SET)           = 0
1846896 prlimit64(0, RLIMIT_NOFILE, NULL, {rlim_cur=1024, rlim_max=1024*1024}) = 0
1846896 fcntl(255, F_GETFD)             = -1 EBADF (Bad file descriptor)
1846896 dup2(3, 255)                    = 255
1846896 close(3)                        = 0
1846896 fcntl(255, F_SETFD, FD_CLOEXEC) = 0
1846896 fcntl(255, F_GETFL)             = 0x8000 (flags O_RDONLY|O_LARGEFILE)
1846896 fstat(255, {st_mode=S_IFREG|0755, st_size=192, ...}) = 0
1846896 lseek(255, 0, SEEK_CUR)         = 0
1846896 read(255, "#!/bin/bash\nbin_dir=`dirname \"$0"..., 192) = 192
1846896 pipe2([3, 4], 0)                = 0
1846896 rt_sigprocmask(SIG_BLOCK, [CHLD], [], 8) = 0
1846896 rt_sigprocmask(SIG_SETMASK, [], NULL, 8) = 0
1846896 rt_sigprocmask(SIG_BLOCK, NULL, [], 8) = 0
1846896 rt_sigprocmask(SIG_BLOCK, [INT TERM CHLD], [], 8) = 0
1846896 lseek(255, -157, SEEK_CUR)      = 35
1846896 clone(child_stack=NULL, flags=CLONE_CHILD_CLEARTID|CLONE_CHILD_SETTID|SIGCHLD, child_tidptr=0x7fd679beea10) = 1846897
1846897 set_robust_list(0x7fd679beea20, 24 <unfinished ...>
1846896 rt_sigprocmask(SIG_SETMASK, [],  <unfinished ...>
1846897 <... set_robust_list resumed>)  = 0
1846896 <... rt_sigprocmask resumed>NULL, 8) = 0
1846897 getpid( <unfinished ...>
1846896 rt_sigaction(SIGCHLD, {sa_handler=0x558600153140, sa_mask=[], sa_flags=SA_RESTORER|SA_RESTART, sa_restorer=0x7fd679c0b050},  <unfinished ...>
1846897 <... getpid resumed>)           = 1846897
1846896 <... rt_sigaction resumed>{sa_handler=0x558600153140, sa_mask=[], sa_flags=SA_RESTORER|SA_RESTART, sa_restorer=0x7fd679c0b050}, 8) = 0
1846896 close(4 <unfinished ...>
1846897 close(255 <unfinished ...>
1846896 <... close resumed>)            = 0
1846897 <... close resumed>)            = 0
1846896 rt_sigprocmask(SIG_BLOCK, [INT],  <unfinished ...>
1846897 rt_sigprocmask(SIG_SETMASK, [],  <unfinished ...>
1846896 <... rt_sigprocmask resumed>[], 8) = 0
1846897 <... rt_sigprocmask resumed>NULL, 8) = 0
1846896 read(3,  <unfinished ...>
1846897 rt_sigaction(SIGTSTP, {sa_handler=SIG_DFL, sa_mask=[], sa_flags=SA_RESTORER, sa_restorer=0x7fd679c0b050}, {sa_handler=SIG_DFL, sa_mask=[], sa_flags=SA_RESTORER, sa_restorer=0x7fd679c0b050}, 8) = 0
1846897 rt_sigaction(SIGTTIN, {sa_handler=SIG_DFL, sa_mask=[], sa_flags=SA_RESTORER, sa_restorer=0x7fd679c0b050}, {sa_handler=SIG_DFL, sa_mask=[], sa_flags=SA_RESTORER, sa_restorer=0x7fd679c0b050}, 8) = 0
1846897 rt_sigaction(SIGTTOU, {sa_handler=SIG_DFL, sa_mask=[], sa_flags=SA_RESTORER, sa_restorer=0x7fd679c0b050}, {sa_handler=SIG_DFL, sa_mask=[], sa_flags=SA_RESTORER, sa_restorer=0x7fd679c0b050}, 8) = 0
1846897 rt_sigaction(SIGINT, {sa_handler=SIG_DFL, sa_mask=[], sa_flags=SA_RESTORER, sa_restorer=0x7fd679c0b050}, {sa_handler=SIG_DFL, sa_mask=[], sa_flags=SA_RESTORER, sa_restorer=0x7fd679c0b050}, 8) = 0
1846897 rt_sigaction(SIGQUIT, {sa_handler=SIG_DFL, sa_mask=[], sa_flags=SA_RESTORER, sa_restorer=0x7fd679c0b050}, {sa_handler=SIG_IGN, sa_mask=[], sa_flags=SA_RESTORER, sa_restorer=0x7fd679c0b050}, 8) = 0
1846897 rt_sigaction(SIGCHLD, {sa_handler=SIG_DFL, sa_mask=[], sa_flags=SA_RESTORER|SA_RESTART, sa_restorer=0x7fd679c0b050}, {sa_handler=0x558600153140, sa_mask=[], sa_flags=SA_RESTORER|SA_RESTART, sa_restorer=0x7fd679c0b050}, 8) = 0
1846897 rt_sigaction(SIGCHLD, {sa_handler=0x558600153140, sa_mask=[], sa_flags=SA_RESTORER|SA_RESTART, sa_restorer=0x7fd679c0b050}, {sa_handler=SIG_DFL, sa_mask=[], sa_flags=SA_RESTORER|SA_RESTART, sa_restorer=0x7fd679c0b050}, 8) = 0
1846897 rt_sigaction(SIGINT, {sa_handler=0x55860017cbd0, sa_mask=[], sa_flags=SA_RESTORER, sa_restorer=0x7fd679c0b050}, {sa_handler=SIG_DFL, sa_mask=[], sa_flags=SA_RESTORER, sa_restorer=0x7fd679c0b050}, 8) = 0
1846897 dup2(4, 1)                      = 1
1846897 close(4)                        = 0
1846897 close(3)                        = 0
1846897 rt_sigprocmask(SIG_BLOCK, NULL, [], 8) = 0
1846897 newfstatat(AT_FDCWD, ".", {st_mode=S_IFDIR|0755, st_size=3556, ...}, 0) = 0
1846897 newfstatat(AT_FDCWD, "/home/shorty/Android/Sdk/ndk/25.2.9519653/toolchains/llvm/prebuilt/linux-x86_64/bin/dirname", 0x7ffd210b7660, 0) = -1 ENOENT (No such file or directory)
1846897 newfstatat(AT_FDCWD, "/home/shorty/.yarn/bin/dirname", 0x7ffd210b7660, 0) = -1 ENOENT (No such file or directory)
1846897 newfstatat(AT_FDCWD, "/home/shorty/.nvm/versions/node/v22.14.0/bin/dirname", 0x7ffd210b7660, 0) = -1 ENOENT (No such file or directory)
1846897 newfstatat(AT_FDCWD, "/home/shorty/.cargo/bin/dirname", 0x7ffd210b7660, 0) = -1 ENOENT (No such file or directory)
1846897 newfstatat(AT_FDCWD, "/home/shorty/bin/dirname", 0x7ffd210b7660, 0) = -1 ENOENT (No such file or directory)
1846897 newfstatat(AT_FDCWD, "/home/shorty/.local/bin/dirname", 0x7ffd210b7660, 0) = -1 ENOENT (No such file or directory)
1846897 newfstatat(AT_FDCWD, "/usr/games/dirname", 0x7ffd210b7660, 0) = -1 ENOENT (No such file or directory)
1846897 newfstatat(AT_FDCWD, "/usr/lib64/qt-3.3/bin/dirname", 0x7ffd210b7660, 0) = -1 ENOENT (No such file or directory)
1846897 newfstatat(AT_FDCWD, "/usr/lib64/ccache/dirname", 0x7ffd210b7660, 0) = -1 ENOENT (No such file or directory)
1846897 newfstatat(AT_FDCWD, "/usr/local/bin/dirname", 0x7ffd210b7660, 0) = -1 ENOENT (No such file or directory)
1846897 newfstatat(AT_FDCWD, "/usr/bin/dirname", {st_mode=S_IFREG|0755, st_size=36680, ...}, 0) = 0
1846897 newfstatat(AT_FDCWD, "/usr/bin/dirname", {st_mode=S_IFREG|0755, st_size=36680, ...}, 0) = 0
1846897 geteuid()                       = 1000
1846897 getegid()                       = 1000
1846897 getuid()                        = 1000
1846897 getgid()                        = 1000
1846897 access("/usr/bin/dirname", X_OK) = 0
1846897 newfstatat(AT_FDCWD, "/usr/bin/dirname", {st_mode=S_IFREG|0755, st_size=36680, ...}, 0) = 0
1846897 geteuid()                       = 1000
1846897 getegid()                       = 1000
1846897 getuid()                        = 1000
1846897 getgid()                        = 1000
1846897 access("/usr/bin/dirname", R_OK) = 0
1846897 rt_sigaction(SIGINT, {sa_handler=SIG_DFL, sa_mask=[], sa_flags=SA_RESTORER, sa_restorer=0x7fd679c0b050}, {sa_handler=0x55860017cbd0, sa_mask=[], sa_flags=SA_RESTORER, sa_restorer=0x7fd679c0b050}, 8) = 0
1846897 rt_sigaction(SIGQUIT, {sa_handler=SIG_DFL, sa_mask=[], sa_flags=SA_RESTORER, sa_restorer=0x7fd679c0b050}, {sa_handler=SIG_DFL, sa_mask=[], sa_flags=SA_RESTORER, sa_restorer=0x7fd679c0b050}, 8) = 0
1846897 rt_sigaction(SIGCHLD, {sa_handler=SIG_DFL, sa_mask=[], sa_flags=SA_RESTORER|SA_RESTART, sa_restorer=0x7fd679c0b050}, {sa_handler=0x558600153140, sa_mask=[], sa_flags=SA_RESTORER|SA_RESTART, sa_restorer=0x7fd679c0b050}, 8) = 0
1846897 execve("/usr/bin/dirname", ["dirname", "/home/shorty/Android/Sdk/ndk/25."...], 0x5586075df6b0 /* 113 vars */) = 0
1846897 brk(NULL)                       = 0x558ac0598000
1846897 access("/etc/ld.so.preload", R_OK) = -1 ENOENT (No such file or directory)
1846897 openat(AT_FDCWD, "/etc/ld.so.cache", O_RDONLY|O_CLOEXEC) = 3
1846897 fstat(3, {st_mode=S_IFREG|0644, st_size=171419, ...}) = 0
1846897 mmap(NULL, 171419, PROT_READ, MAP_PRIVATE, 3, 0) = 0x7f7fe80bc000
1846897 close(3)                        = 0
1846897 mmap(NULL, 8192, PROT_READ|PROT_WRITE, MAP_PRIVATE|MAP_ANONYMOUS, -1, 0) = 0x7f7fe80ba000
1846897 openat(AT_FDCWD, "/lib64/libc.so.6", O_RDONLY|O_CLOEXEC) = 3
1846897 read(3, "\177ELF\2\1\1\3\0\0\0\0\0\0\0\0\3\0>\0\1\0\0\0 4\0\0\0\0\0\0"..., 832) = 832
1846897 pread64(3, "\6\0\0\0\4\0\0\0@\0\0\0\0\0\0\0@\0\0\0\0\0\0\0@\0\0\0\0\0\0\0"..., 784, 64) = 784
1846897 fstat(3, {st_mode=S_IFREG|0755, st_size=2454144, ...}) = 0
1846897 pread64(3, "\6\0\0\0\4\0\0\0@\0\0\0\0\0\0\0@\0\0\0\0\0\0\0@\0\0\0\0\0\0\0"..., 784, 64) = 784
1846897 mmap(NULL, 2042904, PROT_READ, MAP_PRIVATE|MAP_DENYWRITE, 3, 0) = 0x7f7fe7ec7000
1846897 mmap(0x7f7fe7ec8000, 1503232, PROT_READ|PROT_EXEC, MAP_PRIVATE|MAP_FIXED|MAP_DENYWRITE, 3, 0x1000) = 0x7f7fe7ec8000
1846897 mmap(0x7f7fe8037000, 479232, PROT_READ, MAP_PRIVATE|MAP_FIXED|MAP_DENYWRITE, 3, 0x170000) = 0x7f7fe8037000
1846897 mmap(0x7f7fe80ac000, 24576, PROT_READ|PROT_WRITE, MAP_PRIVATE|MAP_FIXED|MAP_DENYWRITE, 3, 0x1e5000) = 0x7f7fe80ac000
1846897 mmap(0x7f7fe80b2000, 31768, PROT_READ|PROT_WRITE, MAP_PRIVATE|MAP_FIXED|MAP_ANONYMOUS, -1, 0) = 0x7f7fe80b2000
1846897 close(3)                        = 0
1846897 mmap(NULL, 12288, PROT_READ|PROT_WRITE, MAP_PRIVATE|MAP_ANONYMOUS, -1, 0) = 0x7f7fe7ec4000
1846897 arch_prctl(ARCH_SET_FS, 0x7f7fe7ec4740) = 0
1846897 set_tid_address(0x7f7fe7ec4a10) = 1846897
1846897 set_robust_list(0x7f7fe7ec4a20, 24) = 0
1846897 rseq(0x7f7fe7ec5060, 0x20, 0, 0x53053053) = 0
1846897 mprotect(0x7f7fe80ac000, 16384, PROT_READ) = 0
1846897 mprotect(0x558aa6cf3000, 4096, PROT_READ) = 0
1846897 mprotect(0x7f7fe8121000, 8192, PROT_READ) = 0
1846897 prlimit64(0, RLIMIT_STACK, NULL, {rlim_cur=8192*1024, rlim_max=RLIM64_INFINITY}) = 0
1846897 munmap(0x7f7fe80bc000, 171419)  = 0
1846897 getrandom("\x1f\x61\x48\xbb\xdb\xa3\x25\x99", 8, GRND_NONBLOCK) = 8
1846897 brk(NULL)                       = 0x558ac0598000
1846897 brk(0x558ac05b9000)             = 0x558ac05b9000
1846897 openat(AT_FDCWD, "/usr/lib/locale/locale-archive", O_RDONLY|O_CLOEXEC) = 3
1846897 fstat(3, {st_mode=S_IFREG|0644, st_size=232351648, ...}) = 0
1846897 mmap(NULL, 232351648, PROT_READ, MAP_PRIVATE, 3, 0) = 0x7f7fda000000
1846897 close(3)                        = 0
1846897 fstat(1, {st_mode=S_IFIFO|0600, st_size=0, ...}) = 0
1846897 write(1, "/home/shorty/Android/Sdk/ndk/25."..., 84) = 84
1846896 <... read resumed>"/home/shorty/Android/Sdk/ndk/25."..., 4096) = 84
1846897 close(1 <unfinished ...>
1846896 read(3,  <unfinished ...>
1846897 <... close resumed>)            = 0
1846896 <... read resumed>"", 4096)     = 0
1846896 close(3 <unfinished ...>
1846897 close(2)                        = 0
1846896 <... close resumed>)            = 0
1846897 exit_group(0 <unfinished ...>
1846896 rt_sigprocmask(SIG_SETMASK, [],  <unfinished ...>
1846897 <... exit_group resumed>)       = ?
1846896 <... rt_sigprocmask resumed>NULL, 8) = 0
1846896 rt_sigprocmask(SIG_BLOCK, [CHLD], [], 8) = 0
1846896 rt_sigaction(SIGINT, {sa_handler=0x558600156580, sa_mask=[], sa_flags=SA_RESTORER, sa_restorer=0x7fd679c0b050}, {sa_handler=SIG_DFL, sa_mask=[], sa_flags=SA_RESTORER, sa_restorer=0x7fd679c0b050}, 8) = 0
1846896 wait4(-1,  <unfinished ...>
1846897 +++ exited with 0 +++
1846896 <... wait4 resumed>[{WIFEXITED(s) && WEXITSTATUS(s) == 0}], 0, NULL) = 1846897
1846896 rt_sigaction(SIGINT, {sa_handler=SIG_DFL, sa_mask=[], sa_flags=SA_RESTORER, sa_restorer=0x7fd679c0b050}, {sa_handler=0x558600156580, sa_mask=[], sa_flags=SA_RESTORER, sa_restorer=0x7fd679c0b050}, 8) = 0
1846896 rt_sigprocmask(SIG_SETMASK, [], NULL, 8) = 0
1846896 --- SIGCHLD {si_signo=SIGCHLD, si_code=CLD_EXITED, si_pid=1846897, si_uid=1000, si_status=0, si_utime=0, si_stime=0} ---
1846896 wait4(-1, 0x7ffd210b6cd0, WNOHANG, NULL) = -1 ECHILD (No child processes)
1846896 rt_sigreturn({mask=[]})         = 0
1846896 read(255, "if [ \"$1\" != \"-cc1\" ]; then\n    "..., 192) = 157
1846896 rt_sigprocmask(SIG_BLOCK, NULL, [], 8) = 0
1846896 rt_sigprocmask(SIG_BLOCK, [INT TERM CHLD], [], 8) = 0
1846896 rt_sigprocmask(SIG_BLOCK, [CHLD], [INT TERM CHLD], 8) = 0
1846896 rt_sigprocmask(SIG_SETMASK, [INT TERM CHLD], NULL, 8) = 0
1846896 clone(child_stack=NULL, flags=CLONE_CHILD_CLEARTID|CLONE_CHILD_SETTID|SIGCHLD, child_tidptr=0x7fd679beea10) = 1846898
1846896 rt_sigprocmask(SIG_SETMASK, [], NULL, 8) = 0
1846896 rt_sigprocmask(SIG_BLOCK, [CHLD],  <unfinished ...>
1846898 set_robust_list(0x7fd679beea20, 24 <unfinished ...>
1846896 <... rt_sigprocmask resumed>[], 8) = 0
1846898 <... set_robust_list resumed>)  = 0
1846896 rt_sigprocmask(SIG_SETMASK, [], NULL, 8) = 0
1846896 rt_sigprocmask(SIG_BLOCK, [CHLD],  <unfinished ...>
1846898 getpid( <unfinished ...>
1846896 <... rt_sigprocmask resumed>[], 8) = 0
1846898 <... getpid resumed>)           = 1846898
1846896 rt_sigaction(SIGINT, {sa_handler=0x558600156580, sa_mask=[], sa_flags=SA_RESTORER, sa_restorer=0x7fd679c0b050}, {sa_handler=SIG_DFL, sa_mask=[], sa_flags=SA_RESTORER, sa_restorer=0x7fd679c0b050}, 8) = 0
1846898 close(255 <unfinished ...>
1846896 wait4(-1,  <unfinished ...>
1846898 <... close resumed>)            = 0
1846898 rt_sigprocmask(SIG_SETMASK, [], NULL, 8) = 0
1846898 rt_sigaction(SIGTSTP, {sa_handler=SIG_DFL, sa_mask=[], sa_flags=SA_RESTORER, sa_restorer=0x7fd679c0b050}, {sa_handler=SIG_DFL, sa_mask=[], sa_flags=SA_RESTORER, sa_restorer=0x7fd679c0b050}, 8) = 0
1846898 rt_sigaction(SIGTTIN, {sa_handler=SIG_DFL, sa_mask=[], sa_flags=SA_RESTORER, sa_restorer=0x7fd679c0b050}, {sa_handler=SIG_DFL, sa_mask=[], sa_flags=SA_RESTORER, sa_restorer=0x7fd679c0b050}, 8) = 0
1846898 rt_sigaction(SIGTTOU, {sa_handler=SIG_DFL, sa_mask=[], sa_flags=SA_RESTORER, sa_restorer=0x7fd679c0b050}, {sa_handler=SIG_DFL, sa_mask=[], sa_flags=SA_RESTORER, sa_restorer=0x7fd679c0b050}, 8) = 0
1846898 rt_sigaction(SIGINT, {sa_handler=SIG_DFL, sa_mask=[], sa_flags=SA_RESTORER, sa_restorer=0x7fd679c0b050}, {sa_handler=SIG_DFL, sa_mask=[], sa_flags=SA_RESTORER, sa_restorer=0x7fd679c0b050}, 8) = 0
1846898 rt_sigaction(SIGQUIT, {sa_handler=SIG_DFL, sa_mask=[], sa_flags=SA_RESTORER, sa_restorer=0x7fd679c0b050}, {sa_handler=SIG_IGN, sa_mask=[], sa_flags=SA_RESTORER, sa_restorer=0x7fd679c0b050}, 8) = 0
1846898 rt_sigaction(SIGCHLD, {sa_handler=SIG_DFL, sa_mask=[], sa_flags=SA_RESTORER|SA_RESTART, sa_restorer=0x7fd679c0b050}, {sa_handler=0x558600153140, sa_mask=[], sa_flags=SA_RESTORER|SA_RESTART, sa_restorer=0x7fd679c0b050}, 8) = 0
1846898 execve("/home/shorty/Android/Sdk/ndk/25.2.9519653/toolchains/llvm/prebuilt/linux-x86_64/bin/clang", ["/home/shorty/Android/Sdk/ndk/25."..., "--target=x86_64-linux-android21", "-fPIC", "-g", "-O2", "-fomit-frame-pointer", "-Wall", "-D_FILE_OFFSET_BITS=64", "-D_LARGEFILE_SOURCE", "-U_FORTIFY_SOURCE", "-E", "lj_arch.h", "-dM"], 0x5586075e56d0 /* 113 vars */) = 0
1846898 brk(NULL)                       = 0x2c720000
1846898 mmap(NULL, 8192, PROT_READ|PROT_WRITE, MAP_PRIVATE|MAP_ANONYMOUS, -1, 0) = 0x7f2e86b59000
1846898 readlinkat(AT_FDCWD, "/proc/self/exe", "/home/shorty/Android/Sdk/ndk/25."..., 4096) = 92
1846898 access("/etc/ld.so.preload", R_OK) = -1 ENOENT (No such file or directory)
1846898 openat(AT_FDCWD, "/home/shorty/Android/Sdk/ndk/25.2.9519653/toolchains/llvm/prebuilt/linux-x86_64/bin/../lib64/glibc-hwcaps/x86-64-v3/libpthread.so.0", O_RDONLY|O_CLOEXEC) = -1 ENOENT (No such file or directory)
1846898 newfstatat(AT_FDCWD, "/home/shorty/Android/Sdk/ndk/25.2.9519653/toolchains/llvm/prebuilt/linux-x86_64/bin/../lib64/glibc-hwcaps/x86-64-v3/", 0x7ffc67d332f0, 0) = -1 ENOENT (No such file or directory)
1846898 openat(AT_FDCWD, "/home/shorty/Android/Sdk/ndk/25.2.9519653/toolchains/llvm/prebuilt/linux-x86_64/bin/../lib64/glibc-hwcaps/x86-64-v2/libpthread.so.0", O_RDONLY|O_CLOEXEC) = -1 ENOENT (No such file or directory)
1846898 newfstatat(AT_FDCWD, "/home/shorty/Android/Sdk/ndk/25.2.9519653/toolchains/llvm/prebuilt/linux-x86_64/bin/../lib64/glibc-hwcaps/x86-64-v2/", 0x7ffc67d332f0, 0) = -1 ENOENT (No such file or directory)
1846898 openat(AT_FDCWD, "/home/shorty/Android/Sdk/ndk/25.2.9519653/toolchains/llvm/prebuilt/linux-x86_64/bin/../lib64/libpthread.so.0", O_RDONLY|O_CLOEXEC) = -1 ENOENT (No such file or directory)
1846898 newfstatat(AT_FDCWD, "/home/shorty/Android/Sdk/ndk/25.2.9519653/toolchains/llvm/prebuilt/linux-x86_64/bin/../lib64/", {st_mode=S_IFDIR|0755, st_size=752, ...}, 0) = 0
1846898 openat(AT_FDCWD, "/etc/ld.so.cache", O_RDONLY|O_CLOEXEC) = 3
1846898 fstat(3, {st_mode=S_IFREG|0644, st_size=171419, ...}) = 0
1846898 mmap(NULL, 171419, PROT_READ, MAP_PRIVATE, 3, 0) = 0x7f2e86b2f000
1846898 close(3)                        = 0
1846898 openat(AT_FDCWD, "/lib64/libpthread.so.0", O_RDONLY|O_CLOEXEC) = 3
1846898 read(3, "\177ELF\2\1\1\0\0\0\0\0\0\0\0\0\3\0>\0\1\0\0\0\0\0\0\0\0\0\0\0"..., 832) = 832
1846898 fstat(3, {st_mode=S_IFREG|0755, st_size=15640, ...}) = 0
1846898 mmap(NULL, 16392, PROT_READ, MAP_PRIVATE|MAP_DENYWRITE, 3, 0) = 0x7f2e86b2a000
1846898 mmap(0x7f2e86b2b000, 4096, PROT_READ|PROT_EXEC, MAP_PRIVATE|MAP_FIXED|MAP_DENYWRITE, 3, 0x1000) = 0x7f2e86b2b000
1846898 mmap(0x7f2e86b2c000, 4096, PROT_READ, MAP_PRIVATE|MAP_FIXED|MAP_DENYWRITE, 3, 0x2000) = 0x7f2e86b2c000
1846898 mmap(0x7f2e86b2d000, 4096, PROT_READ|PROT_WRITE, MAP_PRIVATE|MAP_FIXED|MAP_DENYWRITE, 3, 0x2000) = 0x7f2e86b2d000
1846898 mmap(0x7f2e86b2e000, 8, PROT_READ|PROT_WRITE, MAP_PRIVATE|MAP_FIXED|MAP_ANONYMOUS, -1, 0) = 0x7f2e86b2e000
1846898 close(3)                        = 0
1846898 openat(AT_FDCWD, "/home/shorty/Android/Sdk/ndk/25.2.9519653/toolchains/llvm/prebuilt/linux-x86_64/bin/../lib64/librt.so.1", O_RDONLY|O_CLOEXEC) = -1 ENOENT (No such file or directory)
1846898 openat(AT_FDCWD, "/lib64/librt.so.1", O_RDONLY|O_CLOEXEC) = 3
1846898 read(3, "\177ELF\2\1\1\0\0\0\0\0\0\0\0\0\3\0>\0\1\0\0\0\0\0\0\0\0\0\0\0"..., 832) = 832
1846898 fstat(3, {st_mode=S_IFREG|0755, st_size=15808, ...}) = 0
1846898 mmap(NULL, 16392, PROT_READ, MAP_PRIVATE|MAP_DENYWRITE, 3, 0) = 0x7f2e86b25000
1846898 mmap(0x7f2e86b26000, 4096, PROT_READ|PROT_EXEC, MAP_PRIVATE|MAP_FIXED|MAP_DENYWRITE, 3, 0x1000) = 0x7f2e86b26000
1846898 mmap(0x7f2e86b27000, 4096, PROT_READ, MAP_PRIVATE|MAP_FIXED|MAP_DENYWRITE, 3, 0x2000) = 0x7f2e86b27000
1846898 mmap(0x7f2e86b28000, 4096, PROT_READ|PROT_WRITE, MAP_PRIVATE|MAP_FIXED|MAP_DENYWRITE, 3, 0x2000) = 0x7f2e86b28000
1846898 mmap(0x7f2e86b29000, 8, PROT_READ|PROT_WRITE, MAP_PRIVATE|MAP_FIXED|MAP_ANONYMOUS, -1, 0) = 0x7f2e86b29000
1846898 close(3)                        = 0
1846898 openat(AT_FDCWD, "/home/shorty/Android/Sdk/ndk/25.2.9519653/toolchains/llvm/prebuilt/linux-x86_64/bin/../lib64/libdl.so.2", O_RDONLY|O_CLOEXEC) = -1 ENOENT (No such file or directory)
1846898 openat(AT_FDCWD, "/lib64/libdl.so.2", O_RDONLY|O_CLOEXEC) = 3
1846898 read(3, "\177ELF\2\1\1\0\0\0\0\0\0\0\0\0\3\0>\0\1\0\0\0\0\0\0\0\0\0\0\0"..., 832) = 832
1846898 fstat(3, {st_mode=S_IFREG|0755, st_size=15632, ...}) = 0
1846898 mmap(NULL, 16392, PROT_READ, MAP_PRIVATE|MAP_DENYWRITE, 3, 0) = 0x7f2e86b20000
1846898 mmap(0x7f2e86b21000, 4096, PROT_READ|PROT_EXEC, MAP_PRIVATE|MAP_FIXED|MAP_DENYWRITE, 3, 0x1000) = 0x7f2e86b21000
1846898 mmap(0x7f2e86b22000, 4096, PROT_READ, MAP_PRIVATE|MAP_FIXED|MAP_DENYWRITE, 3, 0x2000) = 0x7f2e86b22000
1846898 mmap(0x7f2e86b23000, 4096, PROT_READ|PROT_WRITE, MAP_PRIVATE|MAP_FIXED|MAP_DENYWRITE, 3, 0x2000) = 0x7f2e86b23000
1846898 mmap(0x7f2e86b24000, 8, PROT_READ|PROT_WRITE, MAP_PRIVATE|MAP_FIXED|MAP_ANONYMOUS, -1, 0) = 0x7f2e86b24000
1846898 close(3)                        = 0
1846898 openat(AT_FDCWD, "/home/shorty/Android/Sdk/ndk/25.2.9519653/toolchains/llvm/prebuilt/linux-x86_64/bin/../lib64/libm.so.6", O_RDONLY|O_CLOEXEC) = -1 ENOENT (No such file or directory)
1846898 openat(AT_FDCWD, "/lib64/libm.so.6", O_RDONLY|O_CLOEXEC) = 3
1846898 read(3, "\177ELF\2\1\1\3\0\0\0\0\0\0\0\0\3\0>\0\1\0\0\0\0\0\0\0\0\0\0\0"..., 832) = 832
1846898 fstat(3, {st_mode=S_IFREG|0755, st_size=956824, ...}) = 0
1846898 mmap(NULL, 938000, PROT_READ, MAP_PRIVATE|MAP_DENYWRITE, 3, 0) = 0x7f2e86a3a000
1846898 mmap(0x7f2e86a3b000, 495616, PROT_READ|PROT_EXEC, MAP_PRIVATE|MAP_FIXED|MAP_DENYWRITE, 3, 0x1000) = 0x7f2e86a3b000
1846898 mmap(0x7f2e86ab4000, 434176, PROT_READ, MAP_PRIVATE|MAP_FIXED|MAP_DENYWRITE, 3, 0x7a000) = 0x7f2e86ab4000
1846898 mmap(0x7f2e86b1e000, 8192, PROT_READ|PROT_WRITE, MAP_PRIVATE|MAP_FIXED|MAP_DENYWRITE, 3, 0xe3000) = 0x7f2e86b1e000
1846898 close(3)                        = 0
1846898 openat(AT_FDCWD, "/home/shorty/Android/Sdk/ndk/25.2.9519653/toolchains/llvm/prebuilt/linux-x86_64/bin/../lib64/libz.so.1", O_RDONLY|O_CLOEXEC) = -1 ENOENT (No such file or directory)
1846898 openat(AT_FDCWD, "/lib64/libz.so.1", O_RDONLY|O_CLOEXEC) = 3
1846898 read(3, "\177ELF\2\1\1\0\0\0\0\0\0\0\0\0\3\0>\0\1\0\0\0\0\0\0\0\0\0\0\0"..., 832) = 832
1846898 fstat(3, {st_mode=S_IFREG|0755, st_size=145224, ...}) = 0
1846898 mmap(NULL, 143488, PROT_READ, MAP_PRIVATE|MAP_DENYWRITE, 3, 0) = 0x7f2e86a16000
1846898 mmap(0x7f2e86a17000, 94208, PROT_READ|PROT_EXEC, MAP_PRIVATE|MAP_FIXED|MAP_DENYWRITE, 3, 0x1000) = 0x7f2e86a17000
1846898 mmap(0x7f2e86a2e000, 40960, PROT_READ, MAP_PRIVATE|MAP_FIXED|MAP_DENYWRITE, 3, 0x18000) = 0x7f2e86a2e000
1846898 mmap(0x7f2e86a38000, 8192, PROT_READ|PROT_WRITE, MAP_PRIVATE|MAP_FIXED|MAP_DENYWRITE, 3, 0x21000) = 0x7f2e86a38000
1846898 close(3)                        = 0
1846898 openat(AT_FDCWD, "/home/shorty/Android/Sdk/ndk/25.2.9519653/toolchains/llvm/prebuilt/linux-x86_64/bin/../lib64/libc++.so.1", O_RDONLY|O_CLOEXEC) = 3
1846898 read(3, "\177ELF\2\1\1\0\0\0\0\0\0\0\0\0\3\0>\0\1\0\0\0\0\0\0\0\0\0\0\0"..., 832) = 832
1846898 fstat(3, {st_mode=S_IFREG|0644, st_size=2015120, ...}) = 0
1846898 mmap(NULL, 8192, PROT_READ|PROT_WRITE, MAP_PRIVATE|MAP_ANONYMOUS, -1, 0) = 0x7f2e86a14000
1846898 mmap(NULL, 1159028, PROT_READ, MAP_PRIVATE|MAP_DENYWRITE, 3, 0) = 0x7f2e868f9000
1846898 mmap(0x7f2e86993000, 458752, PROT_READ|PROT_EXEC, MAP_PRIVATE|MAP_FIXED|MAP_DENYWRITE, 3, 0x99000) = 0x7f2e86993000
1846898 mmap(0x7f2e86a03000, 36864, PROT_READ|PROT_WRITE, MAP_PRIVATE|MAP_FIXED|MAP_DENYWRITE, 3, 0x108000) = 0x7f2e86a03000
1846898 mmap(0x7f2e86a0c000, 4096, PROT_READ|PROT_WRITE, MAP_PRIVATE|MAP_FIXED|MAP_DENYWRITE, 3, 0x111000) = 0x7f2e86a0c000
1846898 mmap(0x7f2e86a0d000, 28532, PROT_READ|PROT_WRITE, MAP_PRIVATE|MAP_FIXED|MAP_ANONYMOUS, -1, 0) = 0x7f2e86a0d000
1846898 close(3)                        = 0
1846898 openat(AT_FDCWD, "/home/shorty/Android/Sdk/ndk/25.2.9519653/toolchains/llvm/prebuilt/linux-x86_64/bin/../lib64/libgcc_s.so.1", O_RDONLY|O_CLOEXEC) = -1 ENOENT (No such file or directory)
1846898 openat(AT_FDCWD, "/lib64/libgcc_s.so.1", O_RDONLY|O_CLOEXEC) = 3
1846898 read(3, "\177ELF\2\1\1\0\0\0\0\0\0\0\0\0\3\0>\0\1\0\0\0\0\0\0\0\0\0\0\0"..., 832) = 832
1846898 fstat(3, {st_mode=S_IFREG|0755, st_size=186800, ...}) = 0
1846898 mmap(NULL, 188872, PROT_READ, MAP_PRIVATE|MAP_DENYWRITE, 3, 0) = 0x7f2e868ca000
1846898 mmap(0x7f2e868cb000, 147456, PROT_READ|PROT_EXEC, MAP_PRIVATE|MAP_FIXED|MAP_DENYWRITE, 3, 0x1000) = 0x7f2e868cb000
1846898 mmap(0x7f2e868ef000, 32768, PROT_READ, MAP_PRIVATE|MAP_FIXED|MAP_DENYWRITE, 3, 0x25000) = 0x7f2e868ef000
1846898 mmap(0x7f2e868f7000, 4096, PROT_READ|PROT_WRITE, MAP_PRIVATE|MAP_FIXED|MAP_DENYWRITE, 3, 0x2c000) = 0x7f2e868f7000
1846898 mmap(0x7f2e868f8000, 456, PROT_READ|PROT_WRITE, MAP_PRIVATE|MAP_FIXED|MAP_ANONYMOUS, -1, 0) = 0x7f2e868f8000
1846898 close(3)                        = 0
1846898 openat(AT_FDCWD, "/home/shorty/Android/Sdk/ndk/25.2.9519653/toolchains/llvm/prebuilt/linux-x86_64/bin/../lib64/libc.so.6", O_RDONLY|O_CLOEXEC) = -1 ENOENT (No such file or directory)
1846898 openat(AT_FDCWD, "/lib64/libc.so.6", O_RDONLY|O_CLOEXEC) = 3
1846898 read(3, "\177ELF\2\1\1\3\0\0\0\0\0\0\0\0\3\0>\0\1\0\0\0 4\0\0\0\0\0\0"..., 832) = 832
1846898 pread64(3, "\6\0\0\0\4\0\0\0@\0\0\0\0\0\0\0@\0\0\0\0\0\0\0@\0\0\0\0\0\0\0"..., 784, 64) = 784
1846898 fstat(3, {st_mode=S_IFREG|0755, st_size=2454144, ...}) = 0
1846898 pread64(3, "\6\0\0\0\4\0\0\0@\0\0\0\0\0\0\0@\0\0\0\0\0\0\0@\0\0\0\0\0\0\0"..., 784, 64) = 784
1846898 mmap(NULL, 2042904, PROT_READ, MAP_PRIVATE|MAP_DENYWRITE, 3, 0) = 0x7f2e866d7000
1846898 mmap(0x7f2e866d8000, 1503232, PROT_READ|PROT_EXEC, MAP_PRIVATE|MAP_FIXED|MAP_DENYWRITE, 3, 0x1000) = 0x7f2e866d8000
1846898 mmap(0x7f2e86847000, 479232, PROT_READ, MAP_PRIVATE|MAP_FIXED|MAP_DENYWRITE, 3, 0x170000) = 0x7f2e86847000
1846898 mmap(0x7f2e868bc000, 24576, PROT_READ|PROT_WRITE, MAP_PRIVATE|MAP_FIXED|MAP_DENYWRITE, 3, 0x1e5000) = 0x7f2e868bc000
1846898 mmap(0x7f2e868c2000, 31768, PROT_READ|PROT_WRITE, MAP_PRIVATE|MAP_FIXED|MAP_ANONYMOUS, -1, 0) = 0x7f2e868c2000
1846898 close(3)                        = 0
1846898 mmap(NULL, 8192, PROT_READ|PROT_WRITE, MAP_PRIVATE|MAP_ANONYMOUS, -1, 0) = 0x7f2e866d5000
1846898 arch_prctl(ARCH_SET_FS, 0x7f2e866d60c0) = 0
1846898 set_tid_address(0x7f2e866d6390) = 1846898
1846898 set_robust_list(0x7f2e866d63a0, 24) = 0
1846898 rseq(0x7f2e866d69e0, 0x20, 0, 0x53053053) = 0
1846898 mprotect(0x7f2e868bc000, 16384, PROT_READ) = 0
1846898 mprotect(0x7f2e868f7000, 4096, PROT_READ) = 0
1846898 mprotect(0x7f2e86b2d000, 4096, PROT_READ) = 0
1846898 mprotect(0x7f2e86b1e000, 4096, PROT_READ) = 0
1846898 mprotect(0x7f2e86b28000, 4096, PROT_READ) = 0
1846898 mprotect(0x7f2e86a03000, 36864, PROT_READ) = 0
1846898 mprotect(0x7f2e86a38000, 4096, PROT_READ) = 0
1846898 mprotect(0x7f2e86b23000, 4096, PROT_READ) = 0
1846898 mprotect(0x5b26000, 8192, PROT_READ) = 0
1846898 mprotect(0x7f2e86b96000, 8192, PROT_READ) = 0
1846898 prlimit64(0, RLIMIT_STACK, NULL, {rlim_cur=8192*1024, rlim_max=RLIM64_INFINITY}) = 0
1846898 munmap(0x7f2e86b2f000, 171419)  = 0
1846898 gettid()                        = 1846898
1846898 gettid()                        = 1846898
1846898 gettid()                        = 1846898
1846898 gettid()                        = 1846898
1846898 gettid()                        = 1846898
1846898 gettid()                        = 1846898
1846898 getrandom("\x16\xe5\x18\xd7\xdd\x13\x3a\x8b", 8, GRND_NONBLOCK) = 8
1846898 brk(NULL)                       = 0x2c720000
1846898 brk(0x2c741000)                 = 0x2c741000
1846898 brk(0x2c762000)                 = 0x2c762000
1846898 sigaltstack(NULL, {ss_sp=NULL, ss_flags=SS_DISABLE, ss_size=0}) = 0
1846898 brk(0x2c78c000)                 = 0x2c78c000
1846898 sigaltstack({ss_sp=0x2c75b310, ss_flags=0, ss_size=67584}, {ss_sp=NULL, ss_flags=SS_DISABLE, ss_size=0}) = 0
1846898 rt_sigaction(SIGHUP, {sa_handler=0x47d9450, sa_mask=[], sa_flags=SA_RESTORER|SA_ONSTACK|SA_NODEFER|SA_RESETHAND|0xffffffff00000000, sa_restorer=0x7f2e866f1050}, {sa_handler=SIG_DFL, sa_mask=[], sa_flags=0}, 8) = 0
1846898 rt_sigaction(SIGINT, {sa_handler=0x47d9450, sa_mask=[], sa_flags=SA_RESTORER|SA_ONSTACK|SA_NODEFER|SA_RESETHAND|0xffffffff00000000, sa_restorer=0x7f2e866f1050}, {sa_handler=SIG_DFL, sa_mask=[], sa_flags=0}, 8) = 0
1846898 rt_sigaction(SIGTERM, {sa_handler=0x47d9450, sa_mask=[], sa_flags=SA_RESTORER|SA_ONSTACK|SA_NODEFER|SA_RESETHAND|0xffffffff00000000, sa_restorer=0x7f2e866f1050}, {sa_handler=SIG_DFL, sa_mask=[], sa_flags=0}, 8) = 0
1846898 rt_sigaction(SIGUSR2, {sa_handler=0x47d9450, sa_mask=[], sa_flags=SA_RESTORER|SA_ONSTACK|SA_NODEFER|SA_RESETHAND|0xffffffff00000000, sa_restorer=0x7f2e866f1050}, {sa_handler=SIG_DFL, sa_mask=[], sa_flags=0}, 8) = 0
1846898 rt_sigaction(SIGILL, {sa_handler=0x47d9450, sa_mask=[], sa_flags=SA_RESTORER|SA_ONSTACK|SA_NODEFER|SA_RESETHAND|0xffffffff00000000, sa_restorer=0x7f2e866f1050}, {sa_handler=SIG_DFL, sa_mask=[], sa_flags=0}, 8) = 0
1846898 rt_sigaction(SIGTRAP, {sa_handler=0x47d9450, sa_mask=[], sa_flags=SA_RESTORER|SA_ONSTACK|SA_NODEFER|SA_RESETHAND|0xffffffff00000000, sa_restorer=0x7f2e866f1050}, {sa_handler=SIG_DFL, sa_mask=[], sa_flags=0}, 8) = 0
1846898 rt_sigaction(SIGABRT, {sa_handler=0x47d9450, sa_mask=[], sa_flags=SA_RESTORER|SA_ONSTACK|SA_NODEFER|SA_RESETHAND|0xffffffff00000000, sa_restorer=0x7f2e866f1050}, {sa_handler=SIG_DFL, sa_mask=[], sa_flags=0}, 8) = 0
1846898 rt_sigaction(SIGFPE, {sa_handler=0x47d9450, sa_mask=[], sa_flags=SA_RESTORER|SA_ONSTACK|SA_NODEFER|SA_RESETHAND|0xffffffff00000000, sa_restorer=0x7f2e866f1050}, {sa_handler=SIG_DFL, sa_mask=[], sa_flags=0}, 8) = 0
1846898 rt_sigaction(SIGBUS, {sa_handler=0x47d9450, sa_mask=[], sa_flags=SA_RESTORER|SA_ONSTACK|SA_NODEFER|SA_RESETHAND|0xffffffff00000000, sa_restorer=0x7f2e866f1050}, {sa_handler=SIG_DFL, sa_mask=[], sa_flags=0}, 8) = 0
1846898 rt_sigaction(SIGSEGV, {sa_handler=0x47d9450, sa_mask=[], sa_flags=SA_RESTORER|SA_ONSTACK|SA_NODEFER|SA_RESETHAND|0xffffffff00000000, sa_restorer=0x7f2e866f1050}, {sa_handler=SIG_DFL, sa_mask=[], sa_flags=0}, 8) = 0
1846898 rt_sigaction(SIGQUIT, {sa_handler=0x47d9450, sa_mask=[], sa_flags=SA_RESTORER|SA_ONSTACK|SA_NODEFER|SA_RESETHAND|0xffffffff00000000, sa_restorer=0x7f2e866f1050}, {sa_handler=SIG_DFL, sa_mask=[], sa_flags=0}, 8) = 0
1846898 rt_sigaction(SIGSYS, {sa_handler=0x47d9450, sa_mask=[], sa_flags=SA_RESTORER|SA_ONSTACK|SA_NODEFER|SA_RESETHAND|0xffffffff00000000, sa_restorer=0x7f2e866f1050}, {sa_handler=SIG_DFL, sa_mask=[], sa_flags=0}, 8) = 0
1846898 rt_sigaction(SIGXCPU, {sa_handler=0x47d9450, sa_mask=[], sa_flags=SA_RESTORER|SA_ONSTACK|SA_NODEFER|SA_RESETHAND|0xffffffff00000000, sa_restorer=0x7f2e866f1050}, {sa_handler=SIG_DFL, sa_mask=[], sa_flags=0}, 8) = 0
1846898 rt_sigaction(SIGXFSZ, {sa_handler=0x47d9450, sa_mask=[], sa_flags=SA_RESTORER|SA_ONSTACK|SA_NODEFER|SA_RESETHAND|0xffffffff00000000, sa_restorer=0x7f2e866f1050}, {sa_handler=SIG_DFL, sa_mask=[], sa_flags=0}, 8) = 0
1846898 rt_sigaction(SIGPIPE, {sa_handler=0x47d9450, sa_mask=[], sa_flags=SA_RESTORER|SA_ONSTACK|SA_NODEFER|SA_RESETHAND|0xffffffff00000000, sa_restorer=0x7f2e866f1050}, {sa_handler=SIG_DFL, sa_mask=[], sa_flags=0}, 8) = 0
1846898 rt_sigaction(SIGUSR1, {sa_handler=0x47d9160, sa_mask=[], sa_flags=SA_RESTORER|SA_ONSTACK, sa_restorer=0x7f2e866f1050}, {sa_handler=SIG_DFL, sa_mask=[], sa_flags=0}, 8) = 0
1846898 gettid()                        = 1846898
1846898 fstat(0, {st_mode=S_IFCHR|0600, st_rdev=makedev(0x88, 0x4), ...}) = 0
1846898 fstat(1, {st_mode=S_IFIFO|0600, st_size=0, ...}) = 0
1846898 fstat(2, {st_mode=S_IFCHR|0600, st_rdev=makedev(0x88, 0x4), ...}) = 0
1846898 gettid()                        = 1846898
1846898 gettid()                        = 1846898
1846898 gettid()                        = 1846898
1846898 gettid()                        = 1846898
1846898 gettid()                        = 1846898
1846898 gettid()                        = 1846898
1846898 gettid()                        = 1846898
1846898 gettid()                        = 1846898
1846898 gettid()                        = 1846898
1846898 gettid()                        = 1846898
1846898 gettid()                        = 1846898
1846898 gettid()                        = 1846898
1846898 gettid()                        = 1846898
1846898 gettid()                        = 1846898
1846898 gettid()                        = 1846898
1846898 gettid()                        = 1846898
1846898 gettid()                        = 1846898
1846898 mmap(NULL, 192512, PROT_READ|PROT_WRITE, MAP_PRIVATE|MAP_ANONYMOUS, -1, 0) = 0x7f2e866a6000
1846898 gettid()                        = 1846898
1846898 access("/proc/self/exe", F_OK)  = 0
1846898 readlink("/proc/self/exe", "/home/shorty/Android/Sdk/ndk/25."..., 4096) = 92
1846898 readlink("/home", 0x7ffc67d317d0, 1023) = -1 EINVAL (Invalid argument)
1846898 readlink("/home/shorty", 0x7ffc67d317d0, 1023) = -1 EINVAL (Invalid argument)
1846898 readlink("/home/shorty/Android", 0x7ffc67d317d0, 1023) = -1 EINVAL (Invalid argument)
1846898 readlink("/home/shorty/Android/Sdk", 0x7ffc67d317d0, 1023) = -1 EINVAL (Invalid argument)
1846898 readlink("/home/shorty/Android/Sdk/ndk", 0x7ffc67d317d0, 1023) = -1 EINVAL (Invalid argument)
1846898 readlink("/home/shorty/Android/Sdk/ndk/25.2.9519653", 0x7ffc67d317d0, 1023) = -1 EINVAL (Invalid argument)
1846898 readlink("/home/shorty/Android/Sdk/ndk/25.2.9519653/toolchains", 0x7ffc67d317d0, 1023) = -1 EINVAL (Invalid argument)
1846898 readlink("/home/shorty/Android/Sdk/ndk/25.2.9519653/toolchains/llvm", 0x7ffc67d317d0, 1023) = -1 EINVAL (Invalid argument)
1846898 readlink("/home/shorty/Android/Sdk/ndk/25.2.9519653/toolchains/llvm/prebuilt", 0x7ffc67d317d0, 1023) = -1 EINVAL (Invalid argument)
1846898 readlink("/home/shorty/Android/Sdk/ndk/25.2.9519653/toolchains/llvm/prebuilt/linux-x86_64", 0x7ffc67d317d0, 1023) = -1 EINVAL (Invalid argument)
1846898 readlink("/home/shorty/Android/Sdk/ndk/25.2.9519653/toolchains/llvm/prebuilt/linux-x86_64/bin", 0x7ffc67d317d0, 1023) = -1 EINVAL (Invalid argument)
1846898 readlink("/home/shorty/Android/Sdk/ndk/25.2.9519653/toolchains/llvm/prebuilt/linux-x86_64/bin/clang-14", 0x7ffc67d317d0, 1023) = -1 EINVAL (Invalid argument)
1846898 ioctl(2, TCGETS, {c_iflag=ICRNL|IUTF8, c_oflag=NL0|CR0|TAB0|BS0|VT0|FF0|OPOST|ONLCR, c_cflag=B38400|CS8|CREAD, c_lflag=ISIG|ICANON|ECHO|ECHOE|ECHOK|IEXTEN|ECHOCTL|ECHOKE, ...}) = 0
1846898 gettid()                        = 1846898
1846898 lseek(2, 0, SEEK_CUR)           = -1 ESPIPE (Illegal seek)
1846898 fstat(2, {st_mode=S_IFCHR|0600, st_rdev=makedev(0x88, 0x4), ...}) = 0
1846898 access("/home/shorty/Android/Sdk/ndk/25.2.9519653/toolchains/llvm/prebuilt/linux-x86_64/bin", F_OK) = 0
1846898 rt_sigaction(SIGABRT, {sa_handler=0x47a3f30, sa_mask=[], sa_flags=SA_RESTORER, sa_restorer=0x7f2e866f1050}, {sa_handler=0x47d9450, sa_mask=[], sa_flags=SA_RESTORER|SA_ONSTACK|SA_NODEFER|SA_RESETHAND, sa_restorer=0x7f2e866f1050}, 8) = 0
1846898 rt_sigaction(SIGBUS, {sa_handler=0x47a3f30, sa_mask=[], sa_flags=SA_RESTORER, sa_restorer=0x7f2e866f1050}, {sa_handler=0x47d9450, sa_mask=[], sa_flags=SA_RESTORER|SA_ONSTACK|SA_NODEFER|SA_RESETHAND, sa_restorer=0x7f2e866f1050}, 8) = 0
1846898 rt_sigaction(SIGFPE, {sa_handler=0x47a3f30, sa_mask=[], sa_flags=SA_RESTORER, sa_restorer=0x7f2e866f1050}, {sa_handler=0x47d9450, sa_mask=[], sa_flags=SA_RESTORER|SA_ONSTACK|SA_NODEFER|SA_RESETHAND, sa_restorer=0x7f2e866f1050}, 8) = 0
1846898 rt_sigaction(SIGILL, {sa_handler=0x47a3f30, sa_mask=[], sa_flags=SA_RESTORER, sa_restorer=0x7f2e866f1050}, {sa_handler=0x47d9450, sa_mask=[], sa_flags=SA_RESTORER|SA_ONSTACK|SA_NODEFER|SA_RESETHAND, sa_restorer=0x7f2e866f1050}, 8) = 0
1846898 rt_sigaction(SIGSEGV, {sa_handler=0x47a3f30, sa_mask=[], sa_flags=SA_RESTORER, sa_restorer=0x7f2e866f1050}, {sa_handler=0x47d9450, sa_mask=[], sa_flags=SA_RESTORER|SA_ONSTACK|SA_NODEFER|SA_RESETHAND, sa_restorer=0x7f2e866f1050}, 8) = 0
1846898 rt_sigaction(SIGTRAP, {sa_handler=0x47a3f30, sa_mask=[], sa_flags=SA_RESTORER, sa_restorer=0x7f2e866f1050}, {sa_handler=0x47d9450, sa_mask=[], sa_flags=SA_RESTORER|SA_ONSTACK|SA_NODEFER|SA_RESETHAND, sa_restorer=0x7f2e866f1050}, 8) = 0
1846898 stat("/home/shorty/Android/Sdk/ndk/25.2.9519653/toolchains/llvm/prebuilt/linux-x86_64/lib64/clang/14.0.7/lib/x86_64-unknown-linux-android21", 0x7ffc67d32418) = -1 ENOENT (No such file or directory)
1846898 gettid()                        = 1846898
1846898 stat("/home/shorty/Android/Sdk/ndk/25.2.9519653/toolchains/llvm/prebuilt/linux-x86_64/lib64/clang/14.0.7/lib/x86_64-unknown-linux-android", 0x7ffc67d32418) = -1 ENOENT (No such file or directory)
1846898 stat("/home/shorty/Android/Sdk/ndk/25.2.9519653/toolchains/llvm/prebuilt/linux-x86_64/bin/../lib/x86_64-unknown-linux-android21", 0x7ffc67d32418) = -1 ENOENT (No such file or directory)
1846898 stat("/home/shorty/Android/Sdk/ndk/25.2.9519653/toolchains/llvm/prebuilt/linux-x86_64/lib64/clang/14.0.7/lib/linux/x86_64", {st_mode=S_IFDIR|0755, st_size=122, ...}) = 0
1846898 access("/home/shorty/Android/Sdk/ndk/25.2.9519653/toolchains/llvm/prebuilt/linux-x86_64/bin/ptxas", R_OK|X_OK) = -1 ENOENT (No such file or directory)
1846898 access("/home/shorty/.yarn/bin/ptxas", R_OK|X_OK) = -1 ENOENT (No such file or directory)
1846898 access("/home/shorty/.nvm/versions/node/v22.14.0/bin/ptxas", R_OK|X_OK) = -1 ENOENT (No such file or directory)
1846898 access("/home/shorty/.cargo/bin/ptxas", R_OK|X_OK) = -1 ENOENT (No such file or directory)
1846898 access("/home/shorty/bin/ptxas", R_OK|X_OK) = -1 ENOENT (No such file or directory)
1846898 access("/home/shorty/.local/bin/ptxas", R_OK|X_OK) = -1 ENOENT (No such file or directory)
1846898 access("/usr/games/ptxas", R_OK|X_OK) = -1 ENOENT (No such file or directory)
1846898 access("/usr/lib64/qt-3.3/bin/ptxas", R_OK|X_OK) = -1 ENOENT (No such file or directory)
1846898 access("/usr/lib64/ccache/ptxas", R_OK|X_OK) = -1 ENOENT (No such file or directory)
1846898 access("/usr/local/bin/ptxas", R_OK|X_OK) = -1 ENOENT (No such file or directory)
1846898 access("/usr/bin/ptxas", R_OK|X_OK) = -1 ENOENT (No such file or directory)
1846898 access("/bin/ptxas", R_OK|X_OK) = -1 ENOENT (No such file or directory)
1846898 access("/usr/local/sbin/ptxas", R_OK|X_OK) = -1 ENOENT (No such file or directory)
1846898 access("/usr/sbin/ptxas", R_OK|X_OK) = -1 ENOENT (No such file or directory)
1846898 access("/sbin/ptxas", R_OK|X_OK) = -1 ENOENT (No such file or directory)
1846898 access("/home/shorty/.dotnet/tools/ptxas", R_OK|X_OK) = -1 ENOENT (No such file or directory)
1846898 gettid()                        = 1846898
1846898 openat(AT_FDCWD, "/etc/os-release", O_RDONLY|O_CLOEXEC) = 3
1846898 gettid()                        = 1846898
1846898 access("/proc/self/fd", R_OK)   = 0
1846898 readlink("/proc/self/fd/3", "/usr/lib/os-release", 4096) = 19
1846898 gettid()                        = 1846898
1846898 gettid()                        = 1846898
1846898 fstat(3, {st_mode=S_IFREG|0644, st_size=682, ...}) = 0
1846898 pread64(3, "NAME=\"Fedora Linux\"\nVERSION=\"41 "..., 682, 0) = 682
1846898 rt_sigprocmask(SIG_SETMASK, ~[RTMIN RT_1], [], 8) = 0
1846898 close(3)                        = 0
1846898 rt_sigprocmask(SIG_SETMASK, [], NULL, 8) = 0
1846898 stat("/usr/local/cuda", 0x7ffc67d323c8) = -1 ENOENT (No such file or directory)
1846898 stat("/usr/local/cuda-8.0", 0x7ffc67d323c8) = -1 ENOENT (No such file or directory)
1846898 stat("/usr/local/cuda-7.5", 0x7ffc67d323c8) = -1 ENOENT (No such file or directory)
1846898 stat("/usr/local/cuda-7.0", 0x7ffc67d323c8) = -1 ENOENT (No such file or directory)
1846898 readlink("/home", 0x7ffc67d30b20, 1023) = -1 EINVAL (Invalid argument)
1846898 readlink("/home/shorty", 0x7ffc67d30b20, 1023) = -1 EINVAL (Invalid argument)
1846898 readlink("/home/shorty/Android", 0x7ffc67d30b20, 1023) = -1 EINVAL (Invalid argument)
1846898 readlink("/home/shorty/Android/Sdk", 0x7ffc67d30b20, 1023) = -1 EINVAL (Invalid argument)
1846898 readlink("/home/shorty/Android/Sdk/ndk", 0x7ffc67d30b20, 1023) = -1 EINVAL (Invalid argument)
1846898 readlink("/home/shorty/Android/Sdk/ndk/25.2.9519653", 0x7ffc67d30b20, 1023) = -1 EINVAL (Invalid argument)
1846898 readlink("/home/shorty/Android/Sdk/ndk/25.2.9519653/toolchains", 0x7ffc67d30b20, 1023) = -1 EINVAL (Invalid argument)
1846898 readlink("/home/shorty/Android/Sdk/ndk/25.2.9519653/toolchains/llvm", 0x7ffc67d30b20, 1023) = -1 EINVAL (Invalid argument)
1846898 readlink("/home/shorty/Android/Sdk/ndk/25.2.9519653/toolchains/llvm/prebuilt", 0x7ffc67d30b20, 1023) = -1 EINVAL (Invalid argument)
1846898 readlink("/home/shorty/Android/Sdk/ndk/25.2.9519653/toolchains/llvm/prebuilt/linux-x86_64", 0x7ffc67d30b20, 1023) = -1 EINVAL (Invalid argument)
1846898 readlink("/home/shorty/Android/Sdk/ndk/25.2.9519653/toolchains/llvm/prebuilt/linux-x86_64/bin", 0x7ffc67d30b20, 1023) = -1 EINVAL (Invalid argument)
1846898 readlink("/home/shorty/Android/Sdk/ndk/25.2.9519653/toolchains/llvm/prebuilt/linux-x86_64/bin/clang-14", 0x7ffc67d30b20, 1023) = -1 EINVAL (Invalid argument)
1846898 openat(AT_FDCWD, "/opt", O_RDONLY|O_NONBLOCK|O_CLOEXEC|O_DIRECTORY) = 3
1846898 fstat(3, {st_mode=S_IFDIR|0755, st_size=68, ...}) = 0
1846898 getdents64(3, 0x2c76f280 /* 7 entries */, 32768) = 208
1846898 getdents64(3, 0x2c76f280 /* 0 entries */, 32768) = 0
1846898 close(3)                        = 0
1846898 stat("/home/shorty/Android/Sdk/ndk/25.2.9519653/toolchains/llvm/prebuilt/linux-x86_64", {st_mode=S_IFDIR|0755, st_size=374, ...}) = 0
1846898 openat(AT_FDCWD, "/home/shorty/Android/Sdk/ndk/25.2.9519653/toolchains/llvm/prebuilt/linux-x86_64/bin/.hipVersion", O_RDONLY|O_CLOEXEC) = -1 ENOENT (No such file or directory)
1846898 stat("/home/shorty/Android/Sdk/ndk/25.2.9519653/toolchains/llvm/prebuilt/linux-x86_64", {st_mode=S_IFDIR|0755, st_size=374, ...}) = 0
1846898 openat(AT_FDCWD, "/home/shorty/Android/Sdk/ndk/25.2.9519653/toolchains/llvm/prebuilt/linux-x86_64/bin/.hipVersion", O_RDONLY|O_CLOEXEC) = -1 ENOENT (No such file or directory)
1846898 stat("/home/shorty/Android/Sdk/ndk/25.2.9519653/toolchains/llvm/prebuilt/linux-x86_64/lib64/clang/14.0.7", {st_mode=S_IFDIR|0755, st_size=36, ...}) = 0
1846898 openat(AT_FDCWD, "/home/shorty/Android/Sdk/ndk/25.2.9519653/toolchains/llvm/prebuilt/linux-x86_64/lib64/clang/14.0.7/bin/.hipVersion", O_RDONLY|O_CLOEXEC) = -1 ENOENT (No such file or directory)
1846898 stat("/opt/rocm", 0x7ffc67d321b8) = -1 ENOENT (No such file or directory)
1846898 stat("/etc/env.d/gcc", 0x7ffc67d320a8) = -1 ENOENT (No such file or directory)
1846898 stat("/home/shorty/Android/Sdk/ndk/25.2.9519653/toolchains/llvm/prebuilt/linux-x86_64/bin/..", {st_mode=S_IFDIR|0755, st_size=374, ...}) = 0
1846898 stat("/home/shorty/Android/Sdk/ndk/25.2.9519653/toolchains/llvm/prebuilt/linux-x86_64/bin/../lib64", {st_mode=S_IFDIR|0755, st_size=752, ...}) = 0
1846898 stat("/home/shorty/Android/Sdk/ndk/25.2.9519653/toolchains/llvm/prebuilt/linux-x86_64/bin/../lib64/gcc", 0x7ffc67d320a8) = -1 ENOENT (No such file or directory)
1846898 stat("/home/shorty/Android/Sdk/ndk/25.2.9519653/toolchains/llvm/prebuilt/linux-x86_64/bin/../lib64/gcc-cross", 0x7ffc67d320a8) = -1 ENOENT (No such file or directory)
1846898 stat("/home/shorty/Android/Sdk/ndk/25.2.9519653/toolchains/llvm/prebuilt/linux-x86_64/bin/../lib", {st_mode=S_IFDIR|0755, st_size=172, ...}) = 0
1846898 stat("/home/shorty/Android/Sdk/ndk/25.2.9519653/toolchains/llvm/prebuilt/linux-x86_64/bin/../lib/gcc", 0x7ffc67d320a8) = -1 ENOENT (No such file or directory)
1846898 stat("/home/shorty/Android/Sdk/ndk/25.2.9519653/toolchains/llvm/prebuilt/linux-x86_64/bin/../lib/gcc-cross", 0x7ffc67d320a8) = -1 ENOENT (No such file or directory)
1846898 stat("/home/shorty/Android/Sdk/ndk/25.2.9519653/toolchains/llvm/prebuilt/linux-x86_64/bin/../lib32", 0x7ffc67d320a8) = -1 ENOENT (No such file or directory)
1846898 stat("/home/shorty/Android/Sdk/ndk/25.2.9519653/toolchains/llvm/prebuilt/linux-x86_64/bin/../lib", {st_mode=S_IFDIR|0755, st_size=172, ...}) = 0
1846898 stat("/home/shorty/Android/Sdk/ndk/25.2.9519653/toolchains/llvm/prebuilt/linux-x86_64/bin/../lib/gcc", 0x7ffc67d320a8) = -1 ENOENT (No such file or directory)
1846898 stat("/home/shorty/Android/Sdk/ndk/25.2.9519653/toolchains/llvm/prebuilt/linux-x86_64/bin/../lib/gcc-cross", 0x7ffc67d320a8) = -1 ENOENT (No such file or directory)
1846898 stat("/opt/rh/gcc-toolset-10/root/usr", 0x7ffc67d320a8) = -1 ENOENT (No such file or directory)
1846898 stat("/opt/rh/devtoolset-10/root/usr", 0x7ffc67d320a8) = -1 ENOENT (No such file or directory)
1846898 stat("/opt/rh/devtoolset-9/root/usr", 0x7ffc67d320a8) = -1 ENOENT (No such file or directory)
1846898 stat("/opt/rh/devtoolset-8/root/usr", 0x7ffc67d320a8) = -1 ENOENT (No such file or directory)
1846898 stat("/opt/rh/devtoolset-7/root/usr", 0x7ffc67d320a8) = -1 ENOENT (No such file or directory)
1846898 stat("/opt/rh/devtoolset-6/root/usr", 0x7ffc67d320a8) = -1 ENOENT (No such file or directory)
1846898 stat("/opt/rh/devtoolset-4/root/usr", 0x7ffc67d320a8) = -1 ENOENT (No such file or directory)
1846898 stat("/opt/rh/devtoolset-3/root/usr", 0x7ffc67d320a8) = -1 ENOENT (No such file or directory)
1846898 stat("/opt/rh/devtoolset-2/root/usr", 0x7ffc67d320a8) = -1 ENOENT (No such file or directory)
1846898 stat("/usr", {st_mode=S_IFDIR|0755, st_size=228, ...}) = 0
1846898 stat("/usr/lib64", {st_mode=S_IFDIR|0555, st_size=227572, ...}) = 0
1846898 stat("/usr/lib64/gcc", 0x7ffc67d320a8) = -1 ENOENT (No such file or directory)
1846898 stat("/usr/lib64/gcc-cross", 0x7ffc67d320a8) = -1 ENOENT (No such file or directory)
1846898 stat("/usr/lib", {st_mode=S_IFDIR|0555, st_size=34628, ...}) = 0
1846898 stat("/usr/lib/gcc", {st_mode=S_IFDIR|0755, st_size=140, ...}) = 0
1846898 stat("/usr/lib/gcc-cross", 0x7ffc67d320a8) = -1 ENOENT (No such file or directory)
1846898 openat(AT_FDCWD, "/usr/lib/gcc/x86_64-unknown-linux-android21", O_RDONLY|O_NONBLOCK|O_CLOEXEC|O_DIRECTORY) = -1 ENOENT (No such file or directory)
1846898 openat(AT_FDCWD, "/usr/lib/gcc/x86_64-linux-android", O_RDONLY|O_NONBLOCK|O_CLOEXEC|O_DIRECTORY) = -1 ENOENT (No such file or directory)
1846898 stat("/usr/lib32", 0x7ffc67d320a8) = -1 ENOENT (No such file or directory)
1846898 stat("/usr/lib", {st_mode=S_IFDIR|0555, st_size=34628, ...}) = 0
1846898 stat("/usr/lib/gcc", {st_mode=S_IFDIR|0755, st_size=140, ...}) = 0
1846898 stat("/usr/lib/gcc-cross", 0x7ffc67d320a8) = -1 ENOENT (No such file or directory)
1846898 openat(AT_FDCWD, "/usr/lib/gcc/i686-linux-android", O_RDONLY|O_NONBLOCK|O_CLOEXEC|O_DIRECTORY) = -1 ENOENT (No such file or directory)
1846898 stat("/home/shorty/Android/Sdk/ndk/25.2.9519653/toolchains/llvm/prebuilt/linux-x86_64/bin/../sysroot", {st_mode=S_IFDIR|0755, st_size=18, ...}) = 0
1846898 stat("/home/shorty/Android/Sdk/ndk/25.2.9519653/toolchains/llvm/prebuilt/linux-x86_64/bin/../sysroot/lib/x86_64-linux-android", 0x7ffc67d32668) = -1 ENOENT (No such file or directory)
1846898 stat("/home/shorty/Android/Sdk/ndk/25.2.9519653/toolchains/llvm/prebuilt/linux-x86_64/bin/../sysroot/lib/../lib64", 0x7ffc67d32668) = -1 ENOENT (No such file or directory)
1846898 stat("/home/shorty/Android/Sdk/ndk/25.2.9519653/toolchains/llvm/prebuilt/linux-x86_64/bin/../sysroot/usr/lib/x86_64-linux-android/21", {st_mode=S_IFDIR|0755, st_size=526, ...}) = 0
1846898 stat("/home/shorty/Android/Sdk/ndk/25.2.9519653/toolchains/llvm/prebuilt/linux-x86_64/bin/../sysroot/usr/lib/x86_64-linux-android", {st_mode=S_IFDIR|0755, st_size=250, ...}) = 0
1846898 stat("/home/shorty/Android/Sdk/ndk/25.2.9519653/toolchains/llvm/prebuilt/linux-x86_64/bin/../sysroot/usr/lib/../lib64", 0x7ffc67d32668) = -1 ENOENT (No such file or directory)
1846898 stat("/home/shorty/Android/Sdk/ndk/25.2.9519653/toolchains/llvm/prebuilt/linux-x86_64/bin/../sysroot/lib", 0x7ffc67d32668) = -1 ENOENT (No such file or directory)
1846898 stat("/home/shorty/Android/Sdk/ndk/25.2.9519653/toolchains/llvm/prebuilt/linux-x86_64/bin/../sysroot/usr/lib", {st_mode=S_IFDIR|0755, st_size=160, ...}) = 0
1846898 stat("lj_arch.h", {st_mode=S_IFREG|0644, st_size=19259, ...}) = 0
1846898 stat("/home/shorty/projects/external/love-android/love/src/jni/LuaJIT-2.1/src", {st_mode=S_IFDIR|0755, st_size=3556, ...}) = 0
1846898 stat(".", {st_mode=S_IFDIR|0755, st_size=3556, ...}) = 0
1846898 stat("/home/shorty/Android/Sdk/ndk/25.2.9519653/toolchains/llvm/prebuilt/linux-x86_64/bin/../sysroot", {st_mode=S_IFDIR|0755, st_size=18, ...}) = 0
1846898 stat("/home/shorty/Android/Sdk/ndk/25.2.9519653/toolchains/llvm/prebuilt/linux-x86_64/bin/../sysroot/usr/include/x86_64-linux-android", {st_mode=S_IFDIR|0755, st_size=6, ...}) = 0
1846898 stat("/home/shorty/projects/external/love-android/love/src/jni/LuaJIT-2.1/src", {st_mode=S_IFDIR|0755, st_size=3556, ...}) = 0
1846898 stat(".", {st_mode=S_IFDIR|0755, st_size=3556, ...}) = 0
1846898 ioctl(2, TCGETS, {c_iflag=ICRNL|IUTF8, c_oflag=NL0|CR0|TAB0|BS0|VT0|FF0|OPOST|ONLCR, c_cflag=B38400|CS8|CREAD, c_lflag=ISIG|ICANON|ECHO|ECHOE|ECHOK|IEXTEN|ECHOCTL|ECHOKE, ...}) = 0
1846898 gettid()                        = 1846898
1846898 prlimit64(0, RLIMIT_STACK, NULL, {rlim_cur=8192*1024, rlim_max=RLIM64_INFINITY}) = 0
1846898 prlimit64(0, RLIMIT_STACK, NULL, {rlim_cur=8192*1024, rlim_max=RLIM64_INFINITY}) = 0
1846898 openat(AT_FDCWD, "/proc/self/stat", O_RDONLY) = 3
1846898 fstat(3, {st_mode=S_IFREG|0444, st_size=0, ...}) = 0
1846898 read(3, "1846898 (clang) R 1846896 184686"..., 1024) = 309
1846898 close(3)                        = 0
1846898 mmap(NULL, 200704, PROT_READ|PROT_WRITE, MAP_PRIVATE|MAP_ANONYMOUS, -1, 0) = 0x7f2e86675000
1846898 brk(0x2c7ae000)                 = 0x2c7ae000
1846898 stat("/home/shorty/Android/Sdk/ndk/25.2.9519653/toolchains/llvm/prebuilt/linux-x86_64/lib64/clang/14.0.7/include", {st_mode=S_IFDIR|0755, st_size=4678, ...}) = 0
1846898 stat("/home/shorty/Android/Sdk/ndk/25.2.9519653/toolchains/llvm/prebuilt/linux-x86_64/bin/../sysroot/usr/local/include", {st_mode=S_IFDIR|0755, st_size=96, ...}) = 0
1846898 stat("/home/shorty/Android/Sdk/ndk/25.2.9519653/toolchains/llvm/prebuilt/linux-x86_64/bin/../sysroot/usr/include/x86_64-linux-android", {st_mode=S_IFDIR|0755, st_size=6, ...}) = 0
1846898 stat("/home/shorty/Android/Sdk/ndk/25.2.9519653/toolchains/llvm/prebuilt/linux-x86_64/bin/../sysroot/include", 0x7ffc67d31588) = -1 ENOENT (No such file or directory)
1846898 stat("/home/shorty/Android/Sdk/ndk/25.2.9519653/toolchains/llvm/prebuilt/linux-x86_64/bin/../sysroot", {st_mode=S_IFDIR|0755, st_size=18, ...}) = 0
1846898 stat("/home/shorty/Android/Sdk/ndk/25.2.9519653/toolchains/llvm/prebuilt/linux-x86_64/bin/../sysroot/include", 0x7ffc67d31518) = -1 ENOENT (No such file or directory)
1846898 stat("/home/shorty/Android/Sdk/ndk/25.2.9519653/toolchains/llvm/prebuilt/linux-x86_64/bin/../sysroot/usr/include", {st_mode=S_IFDIR|0755, st_size=1734, ...}) = 0
1846898 stat(".", {st_mode=S_IFDIR|0755, st_size=3556, ...}) = 0
1846898 openat(AT_FDCWD, "lj_arch.h", O_RDONLY|O_CLOEXEC) = 3
1846898 readlink("/proc/self/fd/3", "/home/shorty/projects/external/l"..., 4096) = 81
1846898 fstat(3, {st_mode=S_IFREG|0644, st_size=19259, ...}) = 0
1846898 brk(0x2c7cf000)                 = 0x2c7cf000
1846898 lseek(1, 0, SEEK_CUR)           = -1 ESPIPE (Illegal seek)
1846898 fstat(1, {st_mode=S_IFIFO|0600, st_size=0, ...}) = 0
1846898 mmap(NULL, 19259, PROT_READ, MAP_PRIVATE|MAP_NORESERVE, 3, 0) = 0x7f2e86b54000
1846898 rt_sigprocmask(SIG_SETMASK, ~[RTMIN RT_1], [], 8) = 0
1846898 close(3)                        = 0
1846898 rt_sigprocmask(SIG_SETMASK, [], NULL, 8) = 0
1846898 brk(0x2c7f0000)                 = 0x2c7f0000
1846898 openat(AT_FDCWD, "./lua.h", O_RDONLY|O_CLOEXEC) = 3
1846898 readlink("/proc/self/fd/3", "/home/shorty/projects/external/l"..., 4096) = 77
1846898 fstat(3, {st_mode=S_IFREG|0644, st_size=12324, ...}) = 0
1846898 pread64(3, "/*\n** $Id: lua.h,v 1.218.1.5 200"..., 12324, 0) = 12324
1846898 rt_sigprocmask(SIG_SETMASK, ~[RTMIN RT_1], [], 8) = 0
1846898 close(3)                        = 0
1846898 rt_sigprocmask(SIG_SETMASK, [], NULL, 8) = 0
1846898 openat(AT_FDCWD, "/home/shorty/Android/Sdk/ndk/25.2.9519653/toolchains/llvm/prebuilt/linux-x86_64/lib64/clang/14.0.7/include/stdarg.h", O_RDONLY|O_CLOEXEC) = 3
1846898 readlink("/proc/self/fd/3", "/home/shorty/Android/Sdk/ndk/25."..., 4096) = 115
1846898 fstat(3, {st_mode=S_IFREG|0644, st_size=1115, ...}) = 0
1846898 pread64(3, "/*===---- stdarg.h - Variable ar"..., 1115, 0) = 1115
1846898 rt_sigprocmask(SIG_SETMASK, ~[RTMIN RT_1], [], 8) = 0
1846898 close(3)                        = 0
1846898 rt_sigprocmask(SIG_SETMASK, [], NULL, 8) = 0
1846898 openat(AT_FDCWD, "/home/shorty/Android/Sdk/ndk/25.2.9519653/toolchains/llvm/prebuilt/linux-x86_64/lib64/clang/14.0.7/include/stddef.h", O_RDONLY|O_CLOEXEC) = 3
1846898 readlink("/proc/self/fd/3", "/home/shorty/Android/Sdk/ndk/25."..., 4096) = 115
1846898 fstat(3, {st_mode=S_IFREG|0644, st_size=3589, ...}) = 0
1846898 pread64(3, "/*===---- stddef.h - Basic type "..., 3589, 0) = 3589
1846898 rt_sigprocmask(SIG_SETMASK, ~[RTMIN RT_1], [], 8) = 0
1846898 close(3)                        = 0
1846898 rt_sigprocmask(SIG_SETMASK, [], NULL, 8) = 0
1846898 brk(0x2c811000)                 = 0x2c811000
1846898 openat(AT_FDCWD, "/home/shorty/Android/Sdk/ndk/25.2.9519653/toolchains/llvm/prebuilt/linux-x86_64/lib64/clang/14.0.7/include/__stddef_max_align_t.h", O_RDONLY|O_CLOEXEC) = 3
1846898 readlink("/proc/self/fd/3", "/home/shorty/Android/Sdk/ndk/25."..., 4096) = 129
1846898 fstat(3, {st_mode=S_IFREG|0644, st_size=857, ...}) = 0
1846898 pread64(3, "/*===---- __stddef_max_align_t.h"..., 857, 0) = 857
1846898 rt_sigprocmask(SIG_SETMASK, ~[RTMIN RT_1], [], 8) = 0
1846898 close(3)                        = 0
1846898 rt_sigprocmask(SIG_SETMASK, [], NULL, 8) = 0
1846898 openat(AT_FDCWD, "./luaconf.h", O_RDONLY|O_CLOEXEC) = 3
1846898 readlink("/proc/self/fd/3", "/home/shorty/projects/external/l"..., 4096) = 81
1846898 fstat(3, {st_mode=S_IFREG|0644, st_size=4585, ...}) = 0
1846898 pread64(3, "/*\n** Configuration header.\n** C"..., 4585, 0) = 4585
1846898 rt_sigprocmask(SIG_SETMASK, ~[RTMIN RT_1], [], 8) = 0
1846898 close(3)                        = 0
1846898 rt_sigprocmask(SIG_SETMASK, [], NULL, 8) = 0
1846898 openat(AT_FDCWD, "/home/shorty/Android/Sdk/ndk/25.2.9519653/toolchains/llvm/prebuilt/linux-x86_64/lib64/clang/14.0.7/include/limits.h", O_RDONLY|O_CLOEXEC) = 3
1846898 readlink("/proc/self/fd/3", "/home/shorty/Android/Sdk/ndk/25."..., 4096) = 115
1846898 fstat(3, {st_mode=S_IFREG|0644, st_size=3453, ...}) = 0
1846898 pread64(3, "/*===---- limits.h - Standard he"..., 3453, 0) = 3453
1846898 rt_sigprocmask(SIG_SETMASK, ~[RTMIN RT_1], [], 8) = 0
1846898 close(3)                        = 0
1846898 rt_sigprocmask(SIG_SETMASK, [], NULL, 8) = 0
1846898 openat(AT_FDCWD, "/home/shorty/Android/Sdk/ndk/25.2.9519653/toolchains/llvm/prebuilt/linux-x86_64/bin/../sysroot/usr/local/include/limits.h", O_RDONLY|O_CLOEXEC) = -1 ENOENT (No such file or directory)
1846898 openat(AT_FDCWD, "/home/shorty/Android/Sdk/ndk/25.2.9519653/toolchains/llvm/prebuilt/linux-x86_64/bin/../sysroot/usr/include/x86_64-linux-android/limits.h", O_RDONLY|O_CLOEXEC) = -1 ENOENT (No such file or directory)
1846898 openat(AT_FDCWD, "/home/shorty/Android/Sdk/ndk/25.2.9519653/toolchains/llvm/prebuilt/linux-x86_64/bin/../sysroot/usr/include/limits.h", O_RDONLY|O_CLOEXEC) = 3
1846898 readlink("/proc/self/fd/3", "/home/shorty/Android/Sdk/ndk/25."..., 4096) = 108
1846898 fstat(3, {st_mode=S_IFREG|0644, st_size=5084, ...}) = 0
1846898 pread64(3, "/*\t$OpenBSD: limits.h,v 1.13 200"..., 5084, 0) = 5084
1846898 rt_sigprocmask(SIG_SETMASK, ~[RTMIN RT_1], [], 8) = 0
1846898 close(3)                        = 0
1846898 rt_sigprocmask(SIG_SETMASK, [], NULL, 8) = 0
1846898 stat("/home/shorty/Android/Sdk/ndk/25.2.9519653/toolchains/llvm/prebuilt/linux-x86_64/lib64/clang/14.0.7/include/sys", 0x7ffc67d2eb78) = -1 ENOENT (No such file or directory)
1846898 stat("/home/shorty/Android/Sdk/ndk/25.2.9519653/toolchains/llvm/prebuilt/linux-x86_64/bin/../sysroot/usr/local/include/sys", 0x7ffc67d2eb78) = -1 ENOENT (No such file or directory)
1846898 stat("/home/shorty/Android/Sdk/ndk/25.2.9519653/toolchains/llvm/prebuilt/linux-x86_64/bin/../sysroot/usr/include/x86_64-linux-android/sys", 0x7ffc67d2eb78) = -1 ENOENT (No such file or directory)
1846898 stat("/home/shorty/Android/Sdk/ndk/25.2.9519653/toolchains/llvm/prebuilt/linux-x86_64/bin/../sysroot/usr/include/sys", {st_mode=S_IFDIR|0755, st_size=1106, ...}) = 0
1846898 openat(AT_FDCWD, "/home/shorty/Android/Sdk/ndk/25.2.9519653/toolchains/llvm/prebuilt/linux-x86_64/bin/../sysroot/usr/include/sys/cdefs.h", O_RDONLY|O_CLOEXEC) = 3
1846898 readlink("/proc/self/fd/3", "/home/shorty/Android/Sdk/ndk/25."..., 4096) = 111
1846898 fstat(3, {st_mode=S_IFREG|0644, st_size=14893, ...}) = 0
1846898 pread64(3, "/*\t$NetBSD: cdefs.h,v 1.58 2004/"..., 14893, 0) = 14893
1846898 rt_sigprocmask(SIG_SETMASK, ~[RTMIN RT_1], [], 8) = 0
1846898 close(3)                        = 0
1846898 rt_sigprocmask(SIG_SETMASK, [], NULL, 8) = 0
1846898 stat("/home/shorty/Android/Sdk/ndk/25.2.9519653/toolchains/llvm/prebuilt/linux-x86_64/lib64/clang/14.0.7/include/android", 0x7ffc67d2eb78) = -1 ENOENT (No such file or directory)
1846898 stat("/home/shorty/Android/Sdk/ndk/25.2.9519653/toolchains/llvm/prebuilt/linux-x86_64/bin/../sysroot/usr/local/include/android", 0x7ffc67d2eb78) = -1 ENOENT (No such file or directory)
1846898 stat("/home/shorty/Android/Sdk/ndk/25.2.9519653/toolchains/llvm/prebuilt/linux-x86_64/bin/../sysroot/usr/include/x86_64-linux-android/android", 0x7ffc67d2eb78) = -1 ENOENT (No such file or directory)
1846898 stat("/home/shorty/Android/Sdk/ndk/25.2.9519653/toolchains/llvm/prebuilt/linux-x86_64/bin/../sysroot/usr/include/android", {st_mode=S_IFDIR|0755, st_size=2178, ...}) = 0
1846898 openat(AT_FDCWD, "/home/shorty/Android/Sdk/ndk/25.2.9519653/toolchains/llvm/prebuilt/linux-x86_64/bin/../sysroot/usr/include/android/versioning.h", O_RDONLY|O_CLOEXEC) = 3
1846898 readlink("/proc/self/fd/3", "/home/shorty/Android/Sdk/ndk/25."..., 4096) = 120
1846898 fstat(3, {st_mode=S_IFREG|0644, st_size=5109, ...}) = 0
1846898 pread64(3, "/*\n * Copyright (C) 2016 The And"..., 5109, 0) = 5109
1846898 rt_sigprocmask(SIG_SETMASK, ~[RTMIN RT_1], [], 8) = 0
1846898 close(3)                        = 0
1846898 rt_sigprocmask(SIG_SETMASK, [], NULL, 8) = 0
1846898 openat(AT_FDCWD, "/home/shorty/Android/Sdk/ndk/25.2.9519653/toolchains/llvm/prebuilt/linux-x86_64/bin/../sysroot/usr/include/android/api-level.h", O_RDONLY|O_CLOEXEC) = 3
1846898 readlink("/proc/self/fd/3", "/home/shorty/Android/Sdk/ndk/25."..., 4096) = 119
1846898 fstat(3, {st_mode=S_IFREG|0644, st_size=7858, ...}) = 0
1846898 pread64(3, "/*\n * Copyright (C) 2008 The And"..., 7858, 0) = 7858
1846898 rt_sigprocmask(SIG_SETMASK, ~[RTMIN RT_1], [], 8) = 0
1846898 close(3)                        = 0
1846898 rt_sigprocmask(SIG_SETMASK, [], NULL, 8) = 0
1846898 stat("/home/shorty/Android/Sdk/ndk/25.2.9519653/toolchains/llvm/prebuilt/linux-x86_64/lib64/clang/14.0.7/include/bits", {st_mode=S_IFDIR|0755, st_size=22, ...}) = 0
1846898 openat(AT_FDCWD, "/home/shorty/Android/Sdk/ndk/25.2.9519653/toolchains/llvm/prebuilt/linux-x86_64/lib64/clang/14.0.7/include/bits/get_device_api_level_inlines.h", O_RDONLY|O_CLOEXEC) = -1 ENOENT (No such file or directory)
1846898 stat("/home/shorty/Android/Sdk/ndk/25.2.9519653/toolchains/llvm/prebuilt/linux-x86_64/bin/../sysroot/usr/local/include/bits", 0x7ffc67d2eb78) = -1 ENOENT (No such file or directory)
1846898 stat("/home/shorty/Android/Sdk/ndk/25.2.9519653/toolchains/llvm/prebuilt/linux-x86_64/bin/../sysroot/usr/include/x86_64-linux-android/bits", 0x7ffc67d2eb78) = -1 ENOENT (No such file or directory)
1846898 stat("/home/shorty/Android/Sdk/ndk/25.2.9519653/toolchains/llvm/prebuilt/linux-x86_64/bin/../sysroot/usr/include/bits", {st_mode=S_IFDIR|0755, st_size=982, ...}) = 0
1846898 openat(AT_FDCWD, "/home/shorty/Android/Sdk/ndk/25.2.9519653/toolchains/llvm/prebuilt/linux-x86_64/bin/../sysroot/usr/include/bits/get_device_api_level_inlines.h", O_RDONLY|O_CLOEXEC) = 3
1846898 readlink("/proc/self/fd/3", "/home/shorty/Android/Sdk/ndk/25."..., 4096) = 135
1846898 fstat(3, {st_mode=S_IFREG|0644, st_size=1998, ...}) = 0
1846898 pread64(3, "/*\n * Copyright (C) 2018 The And"..., 1998, 0) = 1998
1846898 rt_sigprocmask(SIG_SETMASK, ~[RTMIN RT_1], [], 8) = 0
1846898 close(3)                        = 0
1846898 rt_sigprocmask(SIG_SETMASK, [], NULL, 8) = 0
1846898 openat(AT_FDCWD, "/home/shorty/Android/Sdk/ndk/25.2.9519653/toolchains/llvm/prebuilt/linux-x86_64/bin/../sysroot/usr/include/android/ndk-version.h", O_RDONLY|O_CLOEXEC) = 3
1846898 readlink("/proc/self/fd/3", "/home/shorty/Android/Sdk/ndk/25."..., 4096) = 121
1846898 fstat(3, {st_mode=S_IFREG|0644, st_size=710, ...}) = 0
1846898 pread64(3, "#pragma once\n\n/**\n * Set to 1 if"..., 710, 0) = 710
1846898 rt_sigprocmask(SIG_SETMASK, ~[RTMIN RT_1], [], 8) = 0
1846898 close(3)                        = 0
1846898 rt_sigprocmask(SIG_SETMASK, [], NULL, 8) = 0
1846898 openat(AT_FDCWD, "/home/shorty/Android/Sdk/ndk/25.2.9519653/toolchains/llvm/prebuilt/linux-x86_64/lib64/clang/14.0.7/include/float.h", O_RDONLY|O_CLOEXEC) = 3
1846898 readlink("/proc/self/fd/3", "/home/shorty/Android/Sdk/ndk/25."..., 4096) = 114
1846898 fstat(3, {st_mode=S_IFREG|0644, st_size=5306, ...}) = 0
1846898 pread64(3, "/*===---- float.h - Characterist"..., 5306, 0) = 5306
1846898 rt_sigprocmask(SIG_SETMASK, ~[RTMIN RT_1], [], 8) = 0
1846898 close(3)                        = 0
1846898 rt_sigprocmask(SIG_SETMASK, [], NULL, 8) = 0
1846898 openat(AT_FDCWD, "/home/shorty/Android/Sdk/ndk/25.2.9519653/toolchains/llvm/prebuilt/linux-x86_64/bin/../sysroot/usr/local/include/float.h", O_RDONLY|O_CLOEXEC) = -1 ENOENT (No such file or directory)
1846898 openat(AT_FDCWD, "/home/shorty/Android/Sdk/ndk/25.2.9519653/toolchains/llvm/prebuilt/linux-x86_64/bin/../sysroot/usr/include/x86_64-linux-android/float.h", O_RDONLY|O_CLOEXEC) = -1 ENOENT (No such file or directory)
1846898 openat(AT_FDCWD, "/home/shorty/Android/Sdk/ndk/25.2.9519653/toolchains/llvm/prebuilt/linux-x86_64/bin/../sysroot/usr/include/float.h", O_RDONLY|O_CLOEXEC) = -1 ENOENT (No such file or directory)
1846898 brk(0x2c832000)                 = 0x2c832000
1846898 stat("/home/shorty/Android/Sdk/ndk/25.2.9519653/toolchains/llvm/prebuilt/linux-x86_64/lib64/clang/14.0.7/include/linux", 0x7ffc67d2eb78) = -1 ENOENT (No such file or directory)
1846898 stat("/home/shorty/Android/Sdk/ndk/25.2.9519653/toolchains/llvm/prebuilt/linux-x86_64/bin/../sysroot/usr/local/include/linux", 0x7ffc67d2eb78) = -1 ENOENT (No such file or directory)
1846898 stat("/home/shorty/Android/Sdk/ndk/25.2.9519653/toolchains/llvm/prebuilt/linux-x86_64/bin/../sysroot/usr/include/x86_64-linux-android/linux", 0x7ffc67d2eb78) = -1 ENOENT (No such file or directory)
1846898 stat("/home/shorty/Android/Sdk/ndk/25.2.9519653/toolchains/llvm/prebuilt/linux-x86_64/bin/../sysroot/usr/include/linux", {st_mode=S_IFDIR|0755, st_size=10746, ...}) = 0
1846898 openat(AT_FDCWD, "/home/shorty/Android/Sdk/ndk/25.2.9519653/toolchains/llvm/prebuilt/linux-x86_64/bin/../sysroot/usr/include/linux/limits.h", O_RDONLY|O_CLOEXEC) = 3
1846898 readlink("/proc/self/fd/3", "/home/shorty/Android/Sdk/ndk/25."..., 4096) = 114
1846898 fstat(3, {st_mode=S_IFREG|0644, st_size=1346, ...}) = 0
1846898 pread64(3, "/*******************************"..., 1346, 0) = 1346
1846898 rt_sigprocmask(SIG_SETMASK, ~[RTMIN RT_1], [], 8) = 0
1846898 close(3)                        = 0
1846898 rt_sigprocmask(SIG_SETMASK, [], NULL, 8) = 0
1846898 openat(AT_FDCWD, "/home/shorty/Android/Sdk/ndk/25.2.9519653/toolchains/llvm/prebuilt/linux-x86_64/lib64/clang/14.0.7/include/bits/posix_limits.h", O_RDONLY|O_CLOEXEC) = -1 ENOENT (No such file or directory)
1846898 openat(AT_FDCWD, "/home/shorty/Android/Sdk/ndk/25.2.9519653/toolchains/llvm/prebuilt/linux-x86_64/bin/../sysroot/usr/include/bits/posix_limits.h", O_RDONLY|O_CLOEXEC) = 3
1846898 readlink("/proc/self/fd/3", "/home/shorty/Android/Sdk/ndk/25."..., 4096) = 119
1846898 fstat(3, {st_mode=S_IFREG|0644, st_size=9224, ...}) = 0
1846898 pread64(3, "/*\n * Copyright (C) 2014 The And"..., 9224, 0) = 9224
1846898 rt_sigprocmask(SIG_SETMASK, ~[RTMIN RT_1], [], 8) = 0
1846898 close(3)                        = 0
1846898 rt_sigprocmask(SIG_SETMASK, [], NULL, 8) = 0
1846898 brk(0x2c853000)                 = 0x2c853000
1846898 fstat(1, {st_mode=S_IFIFO|0600, st_size=0, ...}) = 0
1846898 write(1, "#define ARG_MAX 131072\n#define C"..., 4096) = 4096
1846894 <... read resumed>"#define ARG_MAX 131072\n#define C"..., 200) = 200
1846898 write(1, "T_ARCH_X64 2\n#define LUAJIT_ARCH"..., 4096 <unfinished ...>
1846894 read(6,  <unfinished ...>
1846898 <... write resumed>)            = 4096
1846894 <... read resumed>"ON __DBL_EPSILON__\n#define DBL_H"..., 512) = 512
1846898 write(1, "1)\n#define UID_MAX UINT_MAX\n#def"..., 4096 <unfinished ...>
1846894 read(6,  <unfinished ...>
1846898 <... write resumed>)            = 4096
1846894 <... read resumed>"_METHOD __FLT_EVAL_METHOD__\n#def"..., 512) = 512
1846898 write(1, "_ROBUST_PRIO_INHERIT __BIONIC_PO"..., 4096 <unfinished ...>
1846894 read(6,  <unfinished ...>
1846898 <... write resumed>)            = 4096
1846894 <... read resumed>" INT_MAX __INT_MAX__\n#define INT"..., 512) = 512
1846894 read(6,  <unfinished ...>
1846898 write(1, "ET_NAN__ 1\n#define __DBL_MANT_DI"..., 4096 <unfinished ...>
1846894 <... read resumed>"TRUE_MIN __LDBL_DENORM_MIN__\n#de"..., 512) = 512
1846898 <... write resumed>)            = 4096
1846894 read(6,  <unfinished ...>
1846898 write(1, "\n#define __INT_LEAST16_TYPE__ sh"..., 4096 <unfinished ...>
1846894 <... read resumed>"ine LJ_HASJIT 1\n#define LJ_HASPR"..., 512) = 512
1846898 <... write resumed>)            = 4096
1846894 read(6,  <unfinished ...>
1846898 write(1, "01710L\n#define __STDC__ 1\n#defin"..., 4096 <unfinished ...>
1846894 <... read resumed>"fine LJ_SOFTFP (!LJ_ARCH_HASFPU)"..., 512) = 512
1846898 <... write resumed>)            = 4096
1846894 read(6, "OS_WINDOWS)\n#define LJ_TARGET_UN"..., 512) = 512
1846898 write(1, "check_impl_and(bos_val, op, inde"..., 4096 <unfinished ...>
1846894 read(6,  <unfinished ...>
1846898 <... write resumed>)            = 4096
1846894 <... read resumed>" LUAI_GCPAUSE 200\n#define LUAI_M"..., 512) = 512
1846898 write(1, "e lua_pushliteral(L,s) lua_pushl"..., 693 <unfinished ...>
1846894 read(6,  <unfinished ...>
1846898 <... write resumed>)            = 693
1846894 <... read resumed>"c 5\n#define LUAJIT_ARCH_x64 2\n#d"..., 512) = 512
1846894 read(6, "AL_BUFFERSIZE (BUFSIZ > 16384 ? "..., 512) = 512
1846894 read(6, "COUNT 3\n#define LUA_GCCOUNTB 4\n#"..., 512) = 512
1846894 read(6, "T \"/share\" LUA_LJDIR \"?.lua\"\n#de"..., 512) = 512
1846894 read(6, "OOKCOUNT)\n#define LUA_MASKLINE ("..., 512) = 512
1846894 read(6, "/?.lua\" LUA_JPATH LUA_LLPATH LUA"..., 512) = 512
1846894 read(6, "ua 5.1\"\n#define LUA_VERSION_NUM "..., 512) = 512
1846894 read(6, "2\n#define SCHAR_MAX __SCHAR_MAX_"..., 512) = 512
1846894 read(6, " *2UL+1UL)\n#define USHRT_MAX (__"..., 512) = 512
1846894 read(6, "\n#define _POSIX2_CHAR_TERM _POSI"..., 512) = 512
1846894 read(6, "C_POSIX_FEATURE_MISSING\n#define "..., 512) = 512
1846894 read(6,  <unfinished ...>
1846898 exit_group(0 <unfinished ...>
1846894 <... read resumed>"ME _POSIX_VERSION\n#define _POSIX"..., 512) = 512
1846898 <... exit_group resumed>)       = ?
1846894 read(6, "X_VERSION\n#define _POSIX_MESSAGE"..., 512) = 512
1846894 read(6, "ADER_WRITER_LOCKS _POSIX_VERSION"..., 512) = 512
1846894 read(6, "OCKS __BIONIC_POSIX_FEATURE_SINC"..., 512) = 512
1846894 read(6, "R_ITERATIONS 4\n#define _POSIX_TH"..., 512) = 512
1846894 read(6, "PORADIC_SERVER __BIONIC_POSIX_FE"..., 512) = 512
1846894 read(6, "fine _POSIX_TRACE_SYS_MAX 8\n#def"..., 512) = 512
1846894 read(6, "_BIONIC_POSIX_FEATURE_MISSING\n#d"..., 512) = 512
1846894 read(6, "_ANDROID_API_J_MR2__ 18\n#define "..., 512) = 512
1846894 read(6, "_VERSION__\n#define __ANDROID_MIN"..., 512) = 512
1846894 read(6, "ine __BIONIC_CAST(_k,_t,_v) ((_t"..., 512) = 512
1846894 read(6, "TOMIC_CHAR16_T_LOCK_FREE 2\n#defi"..., 512) = 512
1846894 read(6, "\n#define __CONSTANT_CFSTRINGS__ "..., 512) = 512
1846894 read(6, " (-1021)\n#define __DBL_MIN__ 2.2"..., 512) = 512
1846894 read(6, "_ 1\n#define __FLT_HAS_QUIET_NAN_"..., 512) = 512
1846894 read(6, "OMIC_INT_LOCK_FREE 2\n#define __G"..., 512) = 512
1846894 read(6, "AND_SWAP_8 1\n#define __GNUC_MINO"..., 512) = 512
1846894 read(6, "X__ L\n#define __INT64_FMTd__ \"ld"..., 512) = 512
1846894 read(6, "NTPTR_FMTi__ \"li\"\n#define __INTP"..., 512) = 512
1846894 read(6, "RODUCED_IN_X86_NO_GUARD_FOR_NDK("..., 512) = 512
1846894 read(6, "PE__ long int\n#define __INT_FAST"..., 512) = 512
1846894 read(6, "__ int\n#define __INT_LEAST32_WID"..., 512) = 512
1846894 read(6, "_ 6.4751751194380251109244389582"..., 512) = 512
1846894 read(6, "1732175260e-4932L\n#define __LIBC"..., 512) = 512
1846894 read(6, "1\n#define __NO_MATH_INLINES 1\n#d"..., 512) = 512
1846894 read(6, "A_REDEFINE_EXTNAME 1\n#define __P"..., 512) = 512
1846894 read(6, "O_GUARD_FOR_NDK(rewrite,rewrite_"..., 512) = 512
1846894 read(6, "#define __SIZEOF_INT128__ 16\n#de"..., 512) = 512
1846894 read(6, "fine __SIZE_WIDTH__ 64\n#define _"..., 512) = 512
1846894 read(6,  <unfinished ...>
1846898 +++ exited with 0 +++
1846896 <... wait4 resumed>[{WIFEXITED(s) && WEXITSTATUS(s) == 0}], 0, NULL) = 1846898
1846894 <... read resumed>"6_FMTx__ \"hx\"\n#define __UINT16_M"..., 512) = 512
1846894 read(6,  <unfinished ...>
1846896 rt_sigaction(SIGINT, {sa_handler=SIG_DFL, sa_mask=[], sa_flags=SA_RESTORER, sa_restorer=0x7fd679c0b050},  <unfinished ...>
1846894 <... read resumed>" long unsigned int\n#define __UIN"..., 512) = 512
1846896 <... rt_sigaction resumed>{sa_handler=0x558600156580, sa_mask=[], sa_flags=SA_RESTORER, sa_restorer=0x7fd679c0b050}, 8) = 0
1846894 read(6,  <unfinished ...>
1846896 ioctl(2, TIOCGWINSZ, {ws_row=24, ws_col=222, ws_xpixel=1776, ws_ypixel=449}) = 0
1846894 <... read resumed>"TR_FMTX__ \"lX\"\n#define __UINTPTR"..., 512) = 512
1846896 rt_sigprocmask(SIG_SETMASK, [],  <unfinished ...>
1846894 read(6,  <unfinished ...>
1846896 <... rt_sigprocmask resumed>NULL, 8) = 0
1846894 <... read resumed>"__UINT_FAST32_FMTu__ \"u\"\n#define"..., 512) = 512
1846896 --- SIGCHLD {si_signo=SIGCHLD, si_code=CLD_EXITED, si_pid=1846898, si_uid=1000, si_status=0, si_utime=0, si_stime=1 /* 0.01 s */} ---
1846894 read(6,  <unfinished ...>
1846896 wait4(-1,  <unfinished ...>
1846894 <... read resumed>"efine __UINT_FAST8_MAX__ 255\n#de"..., 512) = 512
1846896 <... wait4 resumed>0x7ffd210b7250, WNOHANG, NULL) = -1 ECHILD (No child processes)
1846894 read(6,  <unfinished ...>
1846896 rt_sigreturn({mask=[]} <unfinished ...>
1846894 <... read resumed>"define __UINT_LEAST64_FMTX__ \"lX"..., 512) = 512
1846896 <... rt_sigreturn resumed>)     = 0
1846894 read(6,  <unfinished ...>
1846896 read(255,  <unfinished ...>
1846894 <... read resumed>"_INLINE \n#define __VERSIONER_NO_"..., 512) = 512
1846896 <... read resumed>"", 192)      = 0
1846894 read(6,  <unfinished ...>
1846896 rt_sigprocmask(SIG_BLOCK, [CHLD],  <unfinished ...>
1846894 <... read resumed>"#define __always_inline __attrib"..., 512) = 512
1846896 <... rt_sigprocmask resumed>[], 8) = 0
1846896 rt_sigprocmask(SIG_SETMASK, [],  <unfinished ...>
1846894 read(6,  <unfinished ...>
1846896 <... rt_sigprocmask resumed>NULL, 8) = 0
1846894 <... read resumed>"nd)))\n#define __bos_level 0\n#def"..., 512) = 512
1846896 exit_group(0 <unfinished ...>
1846894 read(6,  <unfinished ...>
1846896 <... exit_group resumed>)       = ?
1846894 <... read resumed>"g_error_if(cond,msg) __attribute"..., 512) = 512
1846894 read(6, "d __attribute__((__noreturn__))\n"..., 512) = 512
1846894 read(6, "__((__packed__))\n#define __pass_"..., 512) = 512
1846894 read(6, "__attribute__((address_space(257"..., 512) = 512
1846896 +++ exited with 0 +++
1846894 read(6, "d __attribute__((__used__))\n#def"..., 512) = 512
1846894 read(6, "NDEX, (s))\n#define lua_getregist"..., 512) = 512
1846894 read(6, "efine lua_isthread(L,n) (lua_typ"..., 512) = 512
1846894 read(6, "A_GLOBALSINDEX, (s))\n#define lua"..., 512) = 493
1846894 read(6, "", 19)                 = 0
1846894 close(6)                        = 0
1846894 wait4(-1, [{WIFEXITED(s) && WEXITSTATUS(s) == 0}], 0, NULL) = 1846896
1846894 pipe2([6, 7], 0)                = 0
1846894 fcntl(7, F_GETFD)               = 0
1846894 fcntl(7, F_SETFD, FD_CLOEXEC)   = 0
1846894 fcntl(6, F_GETFD)               = 0
1846894 fcntl(6, F_SETFD, FD_CLOEXEC)   = 0
1846894 prlimit64(0, RLIMIT_NOFILE, NULL, {rlim_cur=1024, rlim_max=1024*1024}) = 0
1846894 prlimit64(0, RLIMIT_NOFILE, NULL, {rlim_cur=1024, rlim_max=1024*1024}) = 0
1846894 newfstatat(AT_FDCWD, "/bin/sh", {st_mode=S_IFREG|0755, st_size=1414688, ...}, 0) = 0
1846894 geteuid()                       = 1000
1846894 getegid()                       = 1000
1846894 getuid()                        = 1000
1846894 getgid()                        = 1000
1846894 access("/bin/sh", X_OK)         = 0
1846894 newfstatat(AT_FDCWD, "/bin/sh", {st_mode=S_IFREG|0755, st_size=1414688, ...}, 0) = 0
1846894 mmap(NULL, 36864, PROT_READ|PROT_WRITE, MAP_PRIVATE|MAP_ANONYMOUS|MAP_STACK, -1, 0) = 0x7f23e5a02000
1846894 rt_sigprocmask(SIG_BLOCK, ~[], [CHLD], 8) = 0
1846894 clone3({flags=CLONE_VM|CLONE_VFORK|CLONE_CLEAR_SIGHAND, exit_signal=SIGCHLD, stack=0x7f23e5a02000, stack_size=0x9000}, 88 <unfinished ...>
1846899 rt_sigprocmask(SIG_BLOCK, NULL, ~[KILL STOP], 8) = 0
1846899 dup2(7, 1)                      = 1
1846899 rt_sigprocmask(SIG_SETMASK, [], NULL, 8) = 0
1846899 execve("/bin/sh", ["/bin/sh", "-c", "x86_64-linux-android21-clang -fP"...], 0x5567e6ff8430 /* 113 vars */ <unfinished ...>
1846894 <... clone3 resumed>)           = 1846899
1846894 munmap(0x7f23e5a02000, 36864)   = 0
1846894 rt_sigprocmask(SIG_SETMASK, [CHLD], NULL, 8) = 0
1846899 <... execve resumed>)           = 0
1846894 close(7)                        = 0
1846894 read(6,  <unfinished ...>
1846899 brk(NULL)                       = 0x5623e9196000
1846899 access("/etc/ld.so.preload", R_OK) = -1 ENOENT (No such file or directory)
1846899 openat(AT_FDCWD, "/etc/ld.so.cache", O_RDONLY|O_CLOEXEC) = 3
1846899 fstat(3, {st_mode=S_IFREG|0644, st_size=171419, ...}) = 0
1846899 mmap(NULL, 171419, PROT_READ, MAP_PRIVATE, 3, 0) = 0x7fb657f05000
1846899 close(3)                        = 0
1846899 mmap(NULL, 8192, PROT_READ|PROT_WRITE, MAP_PRIVATE|MAP_ANONYMOUS, -1, 0) = 0x7fb657f03000
1846899 openat(AT_FDCWD, "/lib64/libtinfo.so.6", O_RDONLY|O_CLOEXEC) = 3
1846899 read(3, "\177ELF\2\1\1\0\0\0\0\0\0\0\0\0\3\0>\0\1\0\0\0\0\0\0\0\0\0\0\0"..., 832) = 832
1846899 fstat(3, {st_mode=S_IFREG|0755, st_size=187416, ...}) = 0
1846899 mmap(NULL, 186656, PROT_READ, MAP_PRIVATE|MAP_DENYWRITE, 3, 0) = 0x7fb657ed5000
1846899 mmap(0x7fb657edb000, 86016, PROT_READ|PROT_EXEC, MAP_PRIVATE|MAP_FIXED|MAP_DENYWRITE, 3, 0x6000) = 0x7fb657edb000
1846899 mmap(0x7fb657ef0000, 57344, PROT_READ, MAP_PRIVATE|MAP_FIXED|MAP_DENYWRITE, 3, 0x1b000) = 0x7fb657ef0000
1846899 mmap(0x7fb657efe000, 20480, PROT_READ|PROT_WRITE, MAP_PRIVATE|MAP_FIXED|MAP_DENYWRITE, 3, 0x28000) = 0x7fb657efe000
1846899 close(3)                        = 0
1846899 openat(AT_FDCWD, "/lib64/libc.so.6", O_RDONLY|O_CLOEXEC) = 3
1846899 read(3, "\177ELF\2\1\1\3\0\0\0\0\0\0\0\0\3\0>\0\1\0\0\0 4\0\0\0\0\0\0"..., 832) = 832
1846899 pread64(3, "\6\0\0\0\4\0\0\0@\0\0\0\0\0\0\0@\0\0\0\0\0\0\0@\0\0\0\0\0\0\0"..., 784, 64) = 784
1846899 fstat(3, {st_mode=S_IFREG|0755, st_size=2454144, ...}) = 0
1846899 pread64(3, "\6\0\0\0\4\0\0\0@\0\0\0\0\0\0\0@\0\0\0\0\0\0\0@\0\0\0\0\0\0\0"..., 784, 64) = 784
1846899 mmap(NULL, 2042904, PROT_READ, MAP_PRIVATE|MAP_DENYWRITE, 3, 0) = 0x7fb657ce2000
1846899 mmap(0x7fb657ce3000, 1503232, PROT_READ|PROT_EXEC, MAP_PRIVATE|MAP_FIXED|MAP_DENYWRITE, 3, 0x1000) = 0x7fb657ce3000
1846899 mmap(0x7fb657e52000, 479232, PROT_READ, MAP_PRIVATE|MAP_FIXED|MAP_DENYWRITE, 3, 0x170000) = 0x7fb657e52000
1846899 mmap(0x7fb657ec7000, 24576, PROT_READ|PROT_WRITE, MAP_PRIVATE|MAP_FIXED|MAP_DENYWRITE, 3, 0x1e5000) = 0x7fb657ec7000
1846899 mmap(0x7fb657ecd000, 31768, PROT_READ|PROT_WRITE, MAP_PRIVATE|MAP_FIXED|MAP_ANONYMOUS, -1, 0) = 0x7fb657ecd000
1846899 close(3)                        = 0
1846899 mmap(NULL, 12288, PROT_READ|PROT_WRITE, MAP_PRIVATE|MAP_ANONYMOUS, -1, 0) = 0x7fb657cdf000
1846899 arch_prctl(ARCH_SET_FS, 0x7fb657cdf740) = 0
1846899 set_tid_address(0x7fb657cdfa10) = 1846899
1846899 set_robust_list(0x7fb657cdfa20, 24) = 0
1846899 rseq(0x7fb657ce0060, 0x20, 0, 0x53053053) = 0
1846899 mprotect(0x7fb657ec7000, 16384, PROT_READ) = 0
1846899 mprotect(0x7fb657efe000, 16384, PROT_READ) = 0
1846899 mprotect(0x5623ab478000, 16384, PROT_READ) = 0
1846899 mprotect(0x7fb657f6a000, 8192, PROT_READ) = 0
1846899 prlimit64(0, RLIMIT_STACK, NULL, {rlim_cur=8192*1024, rlim_max=RLIM64_INFINITY}) = 0
1846899 munmap(0x7fb657f05000, 171419)  = 0
1846899 openat(AT_FDCWD, "/dev/tty", O_RDWR|O_NONBLOCK) = 3
1846899 close(3)                        = 0
1846899 getrandom("\x48\xc8\x9f\x1d\xe4\x29\x12\xe5", 8, GRND_NONBLOCK) = 8
1846899 brk(NULL)                       = 0x5623e9196000
1846899 brk(0x5623e91b7000)             = 0x5623e91b7000
1846899 openat(AT_FDCWD, "/usr/lib/locale/locale-archive", O_RDONLY|O_CLOEXEC) = 3
1846899 fstat(3, {st_mode=S_IFREG|0644, st_size=232351648, ...}) = 0
1846899 mmap(NULL, 232351648, PROT_READ, MAP_PRIVATE, 3, 0) = 0x7fb649e00000
1846899 close(3)                        = 0
1846899 openat(AT_FDCWD, "/usr/lib64/gconv/gconv-modules.cache", O_RDONLY|O_CLOEXEC) = 3
1846899 fstat(3, {st_mode=S_IFREG|0644, st_size=27012, ...}) = 0
1846899 mmap(NULL, 27012, PROT_READ, MAP_SHARED, 3, 0) = 0x7fb657f28000
1846899 close(3)                        = 0
1846899 futex(0x7fb657ecc72c, FUTEX_WAKE_PRIVATE, 2147483647) = 0
1846899 getuid()                        = 1000
1846899 getgid()                        = 1000
1846899 geteuid()                       = 1000
1846899 getegid()                       = 1000
1846899 rt_sigprocmask(SIG_BLOCK, NULL, [], 8) = 0
1846899 rt_sigaction(SIGCHLD, {sa_handler=SIG_DFL, sa_mask=[], sa_flags=SA_RESTORER|SA_RESTART, sa_restorer=0x7fb657cfc050}, {sa_handler=SIG_DFL, sa_mask=[], sa_flags=0}, 8) = 0
1846899 rt_sigaction(SIGCHLD, {sa_handler=SIG_DFL, sa_mask=[], sa_flags=SA_RESTORER|SA_RESTART, sa_restorer=0x7fb657cfc050}, {sa_handler=SIG_DFL, sa_mask=[], sa_flags=SA_RESTORER|SA_RESTART, sa_restorer=0x7fb657cfc050}, 8) = 0
1846899 rt_sigaction(SIGINT, {sa_handler=SIG_DFL, sa_mask=[], sa_flags=SA_RESTORER, sa_restorer=0x7fb657cfc050}, {sa_handler=SIG_DFL, sa_mask=[], sa_flags=0}, 8) = 0
1846899 rt_sigaction(SIGINT, {sa_handler=SIG_DFL, sa_mask=[], sa_flags=SA_RESTORER, sa_restorer=0x7fb657cfc050}, {sa_handler=SIG_DFL, sa_mask=[], sa_flags=SA_RESTORER, sa_restorer=0x7fb657cfc050}, 8) = 0
1846899 rt_sigaction(SIGQUIT, {sa_handler=SIG_DFL, sa_mask=[], sa_flags=SA_RESTORER, sa_restorer=0x7fb657cfc050}, {sa_handler=SIG_DFL, sa_mask=[], sa_flags=0}, 8) = 0
1846899 rt_sigaction(SIGQUIT, {sa_handler=SIG_DFL, sa_mask=[], sa_flags=SA_RESTORER, sa_restorer=0x7fb657cfc050}, {sa_handler=SIG_DFL, sa_mask=[], sa_flags=SA_RESTORER, sa_restorer=0x7fb657cfc050}, 8) = 0
1846899 rt_sigaction(SIGTSTP, {sa_handler=SIG_DFL, sa_mask=[], sa_flags=SA_RESTORER, sa_restorer=0x7fb657cfc050}, {sa_handler=SIG_DFL, sa_mask=[], sa_flags=0}, 8) = 0
1846899 rt_sigaction(SIGTSTP, {sa_handler=SIG_DFL, sa_mask=[], sa_flags=SA_RESTORER, sa_restorer=0x7fb657cfc050}, {sa_handler=SIG_DFL, sa_mask=[], sa_flags=SA_RESTORER, sa_restorer=0x7fb657cfc050}, 8) = 0
1846899 rt_sigaction(SIGTTIN, {sa_handler=SIG_DFL, sa_mask=[], sa_flags=SA_RESTORER, sa_restorer=0x7fb657cfc050}, {sa_handler=SIG_DFL, sa_mask=[], sa_flags=0}, 8) = 0
1846899 rt_sigaction(SIGTTIN, {sa_handler=SIG_DFL, sa_mask=[], sa_flags=SA_RESTORER, sa_restorer=0x7fb657cfc050}, {sa_handler=SIG_DFL, sa_mask=[], sa_flags=SA_RESTORER, sa_restorer=0x7fb657cfc050}, 8) = 0
1846899 rt_sigaction(SIGTTOU, {sa_handler=SIG_DFL, sa_mask=[], sa_flags=SA_RESTORER, sa_restorer=0x7fb657cfc050}, {sa_handler=SIG_DFL, sa_mask=[], sa_flags=0}, 8) = 0
1846899 rt_sigaction(SIGTTOU, {sa_handler=SIG_DFL, sa_mask=[], sa_flags=SA_RESTORER, sa_restorer=0x7fb657cfc050}, {sa_handler=SIG_DFL, sa_mask=[], sa_flags=SA_RESTORER, sa_restorer=0x7fb657cfc050}, 8) = 0
1846899 rt_sigprocmask(SIG_BLOCK, NULL, [], 8) = 0
1846899 rt_sigaction(SIGQUIT, {sa_handler=SIG_IGN, sa_mask=[], sa_flags=SA_RESTORER, sa_restorer=0x7fb657cfc050}, {sa_handler=SIG_DFL, sa_mask=[], sa_flags=SA_RESTORER, sa_restorer=0x7fb657cfc050}, 8) = 0
1846899 uname({sysname="Linux", nodename="Shorty-Laptop", ...}) = 0
1846899 newfstatat(AT_FDCWD, "/home/shorty/projects/external/love-android/love/src/jni/LuaJIT-2.1/src", {st_mode=S_IFDIR|0755, st_size=3556, ...}, 0) = 0
1846899 newfstatat(AT_FDCWD, ".", {st_mode=S_IFDIR|0755, st_size=3556, ...}, 0) = 0
1846899 newfstatat(AT_FDCWD, "/home", {st_mode=S_IFDIR|0755, st_size=12, ...}, 0) = 0
1846899 newfstatat(AT_FDCWD, "/home/shorty", {st_mode=S_IFDIR|0750, st_size=7224, ...}, 0) = 0
1846899 newfstatat(AT_FDCWD, "/home/shorty/projects", {st_mode=S_IFDIR|0755, st_size=2500, ...}, 0) = 0
1846899 newfstatat(AT_FDCWD, "/home/shorty/projects/external", {st_mode=S_IFDIR|0755, st_size=1214, ...}, 0) = 0
1846899 newfstatat(AT_FDCWD, "/home/shorty/projects/external/love-android", {st_mode=S_IFDIR|0755, st_size=504, ...}, 0) = 0
1846899 newfstatat(AT_FDCWD, "/home/shorty/projects/external/love-android/love", {st_mode=S_IFDIR|0755, st_size=76, ...}, 0) = 0
1846899 newfstatat(AT_FDCWD, "/home/shorty/projects/external/love-android/love/src", {st_mode=S_IFDIR|0755, st_size=36, ...}, 0) = 0
1846899 newfstatat(AT_FDCWD, "/home/shorty/projects/external/love-android/love/src/jni", {st_mode=S_IFDIR|0755, st_size=538, ...}, 0) = 0
1846899 newfstatat(AT_FDCWD, "/home/shorty/projects/external/love-android/love/src/jni/LuaJIT-2.1", {st_mode=S_IFDIR|0755, st_size=274, ...}, 0) = 0
1846899 newfstatat(AT_FDCWD, "/home/shorty/projects/external/love-android/love/src/jni/LuaJIT-2.1/src", {st_mode=S_IFDIR|0755, st_size=3556, ...}, 0) = 0
1846899 getpid()                        = 1846899
1846899 getppid()                       = 1846894
1846899 getpid()                        = 1846899
1846899 getppid()                       = 1846894
1846899 getpid()                        = 1846899
1846899 getppid()                       = 1846894
1846899 getpgrp()                       = 1846868
1846899 ioctl(2, TIOCGPGRP, [1846868])  = 0
1846899 rt_sigaction(SIGCHLD, {sa_handler=0x5623ab367140, sa_mask=[], sa_flags=SA_RESTORER|SA_RESTART, sa_restorer=0x7fb657cfc050}, {sa_handler=SIG_DFL, sa_mask=[], sa_flags=SA_RESTORER|SA_RESTART, sa_restorer=0x7fb657cfc050}, 8) = 0
1846899 prlimit64(0, RLIMIT_NPROC, NULL, {rlim_cur=126640, rlim_max=126640}) = 0
1846899 rt_sigprocmask(SIG_BLOCK, NULL, [], 8) = 0
1846899 rt_sigprocmask(SIG_BLOCK, NULL, [], 8) = 0
1846899 newfstatat(AT_FDCWD, ".", {st_mode=S_IFDIR|0755, st_size=3556, ...}, 0) = 0
1846899 newfstatat(AT_FDCWD, "/home/shorty/Android/Sdk/ndk/25.2.9519653/toolchains/llvm/prebuilt/linux-x86_64/bin/x86_64-linux-android21-clang", {st_mode=S_IFREG|0755, st_size=192, ...}, 0) = 0
1846899 newfstatat(AT_FDCWD, "/home/shorty/Android/Sdk/ndk/25.2.9519653/toolchains/llvm/prebuilt/linux-x86_64/bin/x86_64-linux-android21-clang", {st_mode=S_IFREG|0755, st_size=192, ...}, 0) = 0
1846899 geteuid()                       = 1000
1846899 getegid()                       = 1000
1846899 getuid()                        = 1000
1846899 getgid()                        = 1000
1846899 access("/home/shorty/Android/Sdk/ndk/25.2.9519653/toolchains/llvm/prebuilt/linux-x86_64/bin/x86_64-linux-android21-clang", X_OK) = 0
1846899 newfstatat(AT_FDCWD, "/home/shorty/Android/Sdk/ndk/25.2.9519653/toolchains/llvm/prebuilt/linux-x86_64/bin/x86_64-linux-android21-clang", {st_mode=S_IFREG|0755, st_size=192, ...}, 0) = 0
1846899 geteuid()                       = 1000
1846899 getegid()                       = 1000
1846899 getuid()                        = 1000
1846899 getgid()                        = 1000
1846899 access("/home/shorty/Android/Sdk/ndk/25.2.9519653/toolchains/llvm/prebuilt/linux-x86_64/bin/x86_64-linux-android21-clang", R_OK) = 0
1846899 rt_sigprocmask(SIG_BLOCK, NULL, [], 8) = 0
1846899 rt_sigprocmask(SIG_BLOCK, [INT TERM CHLD], [], 8) = 0
1846899 clone(child_stack=NULL, flags=CLONE_CHILD_CLEARTID|CLONE_CHILD_SETTID|SIGCHLD, child_tidptr=0x7fb657cdfa10) = 1846900
1846900 set_robust_list(0x7fb657cdfa20, 24 <unfinished ...>
1846899 rt_sigprocmask(SIG_SETMASK, [],  <unfinished ...>
1846900 <... set_robust_list resumed>)  = 0
1846899 <... rt_sigprocmask resumed>NULL, 8) = 0
1846900 getpid( <unfinished ...>
1846899 rt_sigprocmask(SIG_BLOCK, [CHLD],  <unfinished ...>
1846900 <... getpid resumed>)           = 1846900
1846899 <... rt_sigprocmask resumed>[], 8) = 0
1846900 rt_sigprocmask(SIG_SETMASK, [],  <unfinished ...>
1846899 rt_sigprocmask(SIG_SETMASK, [],  <unfinished ...>
1846900 <... rt_sigprocmask resumed>NULL, 8) = 0
1846899 <... rt_sigprocmask resumed>NULL, 8) = 0
1846900 rt_sigaction(SIGTSTP, {sa_handler=SIG_DFL, sa_mask=[], sa_flags=SA_RESTORER, sa_restorer=0x7fb657cfc050},  <unfinished ...>
1846899 rt_sigprocmask(SIG_BLOCK, [CHLD],  <unfinished ...>
1846900 <... rt_sigaction resumed>{sa_handler=SIG_DFL, sa_mask=[], sa_flags=SA_RESTORER, sa_restorer=0x7fb657cfc050}, 8) = 0
1846899 <... rt_sigprocmask resumed>[], 8) = 0
1846900 rt_sigaction(SIGTTIN, {sa_handler=SIG_DFL, sa_mask=[], sa_flags=SA_RESTORER, sa_restorer=0x7fb657cfc050},  <unfinished ...>
1846899 rt_sigaction(SIGINT, {sa_handler=0x5623ab36a580, sa_mask=[], sa_flags=SA_RESTORER, sa_restorer=0x7fb657cfc050},  <unfinished ...>
1846900 <... rt_sigaction resumed>{sa_handler=SIG_DFL, sa_mask=[], sa_flags=SA_RESTORER, sa_restorer=0x7fb657cfc050}, 8) = 0
1846899 <... rt_sigaction resumed>{sa_handler=SIG_DFL, sa_mask=[], sa_flags=SA_RESTORER, sa_restorer=0x7fb657cfc050}, 8) = 0
1846900 rt_sigaction(SIGTTOU, {sa_handler=SIG_DFL, sa_mask=[], sa_flags=SA_RESTORER, sa_restorer=0x7fb657cfc050},  <unfinished ...>
1846899 wait4(-1,  <unfinished ...>
1846900 <... rt_sigaction resumed>{sa_handler=SIG_DFL, sa_mask=[], sa_flags=SA_RESTORER, sa_restorer=0x7fb657cfc050}, 8) = 0
1846900 rt_sigaction(SIGINT, {sa_handler=SIG_DFL, sa_mask=[], sa_flags=SA_RESTORER, sa_restorer=0x7fb657cfc050}, {sa_handler=SIG_DFL, sa_mask=[], sa_flags=SA_RESTORER, sa_restorer=0x7fb657cfc050}, 8) = 0
1846900 rt_sigaction(SIGQUIT, {sa_handler=SIG_DFL, sa_mask=[], sa_flags=SA_RESTORER, sa_restorer=0x7fb657cfc050}, {sa_handler=SIG_IGN, sa_mask=[], sa_flags=SA_RESTORER, sa_restorer=0x7fb657cfc050}, 8) = 0
1846900 rt_sigaction(SIGCHLD, {sa_handler=SIG_DFL, sa_mask=[], sa_flags=SA_RESTORER|SA_RESTART, sa_restorer=0x7fb657cfc050}, {sa_handler=0x5623ab367140, sa_mask=[], sa_flags=SA_RESTORER|SA_RESTART, sa_restorer=0x7fb657cfc050}, 8) = 0
1846900 openat(AT_FDCWD, "/dev/null", O_WRONLY|O_CREAT|O_TRUNC, 0666) = 3
1846900 dup2(3, 2)                      = 2
1846900 close(3)                        = 0
1846900 execve("/home/shorty/Android/Sdk/ndk/25.2.9519653/toolchains/llvm/prebuilt/linux-x86_64/bin/x86_64-linux-android21-clang", ["x86_64-linux-android21-clang", "-fPIC", "-o", "/dev/null", "-c", "-x", "c", "/dev/null", "-fno-stack-protector"], 0x5623e91a97e0 /* 113 vars */) = 0
1846900 brk(NULL)                       = 0x56414d9fa000
1846900 access("/etc/ld.so.preload", R_OK) = -1 ENOENT (No such file or directory)
1846900 openat(AT_FDCWD, "/etc/ld.so.cache", O_RDONLY|O_CLOEXEC) = 3
1846900 fstat(3, {st_mode=S_IFREG|0644, st_size=171419, ...}) = 0
1846900 mmap(NULL, 171419, PROT_READ, MAP_PRIVATE, 3, 0) = 0x7fca4710a000
1846900 close(3)                        = 0
1846900 mmap(NULL, 8192, PROT_READ|PROT_WRITE, MAP_PRIVATE|MAP_ANONYMOUS, -1, 0) = 0x7fca47108000
1846900 openat(AT_FDCWD, "/lib64/libtinfo.so.6", O_RDONLY|O_CLOEXEC) = 3
1846900 read(3, "\177ELF\2\1\1\0\0\0\0\0\0\0\0\0\3\0>\0\1\0\0\0\0\0\0\0\0\0\0\0"..., 832) = 832
1846900 fstat(3, {st_mode=S_IFREG|0755, st_size=187416, ...}) = 0
1846900 mmap(NULL, 186656, PROT_READ, MAP_PRIVATE|MAP_DENYWRITE, 3, 0) = 0x7fca470da000
1846900 mmap(0x7fca470e0000, 86016, PROT_READ|PROT_EXEC, MAP_PRIVATE|MAP_FIXED|MAP_DENYWRITE, 3, 0x6000) = 0x7fca470e0000
1846900 mmap(0x7fca470f5000, 57344, PROT_READ, MAP_PRIVATE|MAP_FIXED|MAP_DENYWRITE, 3, 0x1b000) = 0x7fca470f5000
1846900 mmap(0x7fca47103000, 20480, PROT_READ|PROT_WRITE, MAP_PRIVATE|MAP_FIXED|MAP_DENYWRITE, 3, 0x28000) = 0x7fca47103000
1846900 close(3)                        = 0
1846900 openat(AT_FDCWD, "/lib64/libc.so.6", O_RDONLY|O_CLOEXEC) = 3
1846900 read(3, "\177ELF\2\1\1\3\0\0\0\0\0\0\0\0\3\0>\0\1\0\0\0 4\0\0\0\0\0\0"..., 832) = 832
1846900 pread64(3, "\6\0\0\0\4\0\0\0@\0\0\0\0\0\0\0@\0\0\0\0\0\0\0@\0\0\0\0\0\0\0"..., 784, 64) = 784
1846900 fstat(3, {st_mode=S_IFREG|0755, st_size=2454144, ...}) = 0
1846900 pread64(3, "\6\0\0\0\4\0\0\0@\0\0\0\0\0\0\0@\0\0\0\0\0\0\0@\0\0\0\0\0\0\0"..., 784, 64) = 784
1846900 mmap(NULL, 2042904, PROT_READ, MAP_PRIVATE|MAP_DENYWRITE, 3, 0) = 0x7fca46ee7000
1846900 mmap(0x7fca46ee8000, 1503232, PROT_READ|PROT_EXEC, MAP_PRIVATE|MAP_FIXED|MAP_DENYWRITE, 3, 0x1000) = 0x7fca46ee8000
1846900 mmap(0x7fca47057000, 479232, PROT_READ, MAP_PRIVATE|MAP_FIXED|MAP_DENYWRITE, 3, 0x170000) = 0x7fca47057000
1846900 mmap(0x7fca470cc000, 24576, PROT_READ|PROT_WRITE, MAP_PRIVATE|MAP_FIXED|MAP_DENYWRITE, 3, 0x1e5000) = 0x7fca470cc000
1846900 mmap(0x7fca470d2000, 31768, PROT_READ|PROT_WRITE, MAP_PRIVATE|MAP_FIXED|MAP_ANONYMOUS, -1, 0) = 0x7fca470d2000
1846900 close(3)                        = 0
1846900 mmap(NULL, 12288, PROT_READ|PROT_WRITE, MAP_PRIVATE|MAP_ANONYMOUS, -1, 0) = 0x7fca46ee4000
1846900 arch_prctl(ARCH_SET_FS, 0x7fca46ee4740) = 0
1846900 set_tid_address(0x7fca46ee4a10) = 1846900
1846900 set_robust_list(0x7fca46ee4a20, 24) = 0
1846900 rseq(0x7fca46ee5060, 0x20, 0, 0x53053053) = 0
1846900 mprotect(0x7fca470cc000, 16384, PROT_READ) = 0
1846900 mprotect(0x7fca47103000, 16384, PROT_READ) = 0
1846900 mprotect(0x564118eb9000, 16384, PROT_READ) = 0
1846900 mprotect(0x7fca4716f000, 8192, PROT_READ) = 0
1846900 prlimit64(0, RLIMIT_STACK, NULL, {rlim_cur=8192*1024, rlim_max=RLIM64_INFINITY}) = 0
1846900 munmap(0x7fca4710a000, 171419)  = 0
1846900 openat(AT_FDCWD, "/dev/tty", O_RDWR|O_NONBLOCK) = 3
1846900 close(3)                        = 0
1846900 getrandom("\xd3\x41\xfd\x3f\x79\x31\x91\x80", 8, GRND_NONBLOCK) = 8
1846900 brk(NULL)                       = 0x56414d9fa000
1846900 brk(0x56414da1b000)             = 0x56414da1b000
1846900 openat(AT_FDCWD, "/usr/lib/locale/locale-archive", O_RDONLY|O_CLOEXEC) = 3
1846900 fstat(3, {st_mode=S_IFREG|0644, st_size=232351648, ...}) = 0
1846900 mmap(NULL, 232351648, PROT_READ, MAP_PRIVATE, 3, 0) = 0x7fca39000000
1846900 close(3)                        = 0
1846900 openat(AT_FDCWD, "/usr/lib64/gconv/gconv-modules.cache", O_RDONLY|O_CLOEXEC) = 3
1846900 fstat(3, {st_mode=S_IFREG|0644, st_size=27012, ...}) = 0
1846900 mmap(NULL, 27012, PROT_READ, MAP_SHARED, 3, 0) = 0x7fca4712d000
1846900 close(3)                        = 0
1846900 futex(0x7fca470d172c, FUTEX_WAKE_PRIVATE, 2147483647) = 0
1846900 getuid()                        = 1000
1846900 getgid()                        = 1000
1846900 geteuid()                       = 1000
1846900 getegid()                       = 1000
1846900 rt_sigprocmask(SIG_BLOCK, NULL, [], 8) = 0
1846900 rt_sigaction(SIGCHLD, {sa_handler=SIG_DFL, sa_mask=[], sa_flags=SA_RESTORER|SA_RESTART, sa_restorer=0x7fca46f01050}, {sa_handler=SIG_DFL, sa_mask=[], sa_flags=0}, 8) = 0
1846900 rt_sigaction(SIGCHLD, {sa_handler=SIG_DFL, sa_mask=[], sa_flags=SA_RESTORER|SA_RESTART, sa_restorer=0x7fca46f01050}, {sa_handler=SIG_DFL, sa_mask=[], sa_flags=SA_RESTORER|SA_RESTART, sa_restorer=0x7fca46f01050}, 8) = 0
1846900 rt_sigaction(SIGINT, {sa_handler=SIG_DFL, sa_mask=[], sa_flags=SA_RESTORER, sa_restorer=0x7fca46f01050}, {sa_handler=SIG_DFL, sa_mask=[], sa_flags=0}, 8) = 0
1846900 rt_sigaction(SIGINT, {sa_handler=SIG_DFL, sa_mask=[], sa_flags=SA_RESTORER, sa_restorer=0x7fca46f01050}, {sa_handler=SIG_DFL, sa_mask=[], sa_flags=SA_RESTORER, sa_restorer=0x7fca46f01050}, 8) = 0
1846900 rt_sigaction(SIGQUIT, {sa_handler=SIG_DFL, sa_mask=[], sa_flags=SA_RESTORER, sa_restorer=0x7fca46f01050}, {sa_handler=SIG_DFL, sa_mask=[], sa_flags=0}, 8) = 0
1846900 rt_sigaction(SIGQUIT, {sa_handler=SIG_DFL, sa_mask=[], sa_flags=SA_RESTORER, sa_restorer=0x7fca46f01050}, {sa_handler=SIG_DFL, sa_mask=[], sa_flags=SA_RESTORER, sa_restorer=0x7fca46f01050}, 8) = 0
1846900 rt_sigaction(SIGTSTP, {sa_handler=SIG_DFL, sa_mask=[], sa_flags=SA_RESTORER, sa_restorer=0x7fca46f01050}, {sa_handler=SIG_DFL, sa_mask=[], sa_flags=0}, 8) = 0
1846900 rt_sigaction(SIGTSTP, {sa_handler=SIG_DFL, sa_mask=[], sa_flags=SA_RESTORER, sa_restorer=0x7fca46f01050}, {sa_handler=SIG_DFL, sa_mask=[], sa_flags=SA_RESTORER, sa_restorer=0x7fca46f01050}, 8) = 0
1846900 rt_sigaction(SIGTTIN, {sa_handler=SIG_DFL, sa_mask=[], sa_flags=SA_RESTORER, sa_restorer=0x7fca46f01050}, {sa_handler=SIG_DFL, sa_mask=[], sa_flags=0}, 8) = 0
1846900 rt_sigaction(SIGTTIN, {sa_handler=SIG_DFL, sa_mask=[], sa_flags=SA_RESTORER, sa_restorer=0x7fca46f01050}, {sa_handler=SIG_DFL, sa_mask=[], sa_flags=SA_RESTORER, sa_restorer=0x7fca46f01050}, 8) = 0
1846900 rt_sigaction(SIGTTOU, {sa_handler=SIG_DFL, sa_mask=[], sa_flags=SA_RESTORER, sa_restorer=0x7fca46f01050}, {sa_handler=SIG_DFL, sa_mask=[], sa_flags=0}, 8) = 0
1846900 rt_sigaction(SIGTTOU, {sa_handler=SIG_DFL, sa_mask=[], sa_flags=SA_RESTORER, sa_restorer=0x7fca46f01050}, {sa_handler=SIG_DFL, sa_mask=[], sa_flags=SA_RESTORER, sa_restorer=0x7fca46f01050}, 8) = 0
1846900 rt_sigprocmask(SIG_BLOCK, NULL, [], 8) = 0
1846900 rt_sigaction(SIGQUIT, {sa_handler=SIG_IGN, sa_mask=[], sa_flags=SA_RESTORER, sa_restorer=0x7fca46f01050}, {sa_handler=SIG_DFL, sa_mask=[], sa_flags=SA_RESTORER, sa_restorer=0x7fca46f01050}, 8) = 0
1846900 uname({sysname="Linux", nodename="Shorty-Laptop", ...}) = 0
1846900 newfstatat(AT_FDCWD, "/home/shorty/projects/external/love-android/love/src/jni/LuaJIT-2.1/src", {st_mode=S_IFDIR|0755, st_size=3556, ...}, 0) = 0
1846900 newfstatat(AT_FDCWD, ".", {st_mode=S_IFDIR|0755, st_size=3556, ...}, 0) = 0
1846900 newfstatat(AT_FDCWD, "/home", {st_mode=S_IFDIR|0755, st_size=12, ...}, 0) = 0
1846900 newfstatat(AT_FDCWD, "/home/shorty", {st_mode=S_IFDIR|0750, st_size=7224, ...}, 0) = 0
1846900 newfstatat(AT_FDCWD, "/home/shorty/projects", {st_mode=S_IFDIR|0755, st_size=2500, ...}, 0) = 0
1846900 newfstatat(AT_FDCWD, "/home/shorty/projects/external", {st_mode=S_IFDIR|0755, st_size=1214, ...}, 0) = 0
1846900 newfstatat(AT_FDCWD, "/home/shorty/projects/external/love-android", {st_mode=S_IFDIR|0755, st_size=504, ...}, 0) = 0
1846900 newfstatat(AT_FDCWD, "/home/shorty/projects/external/love-android/love", {st_mode=S_IFDIR|0755, st_size=76, ...}, 0) = 0
1846900 newfstatat(AT_FDCWD, "/home/shorty/projects/external/love-android/love/src", {st_mode=S_IFDIR|0755, st_size=36, ...}, 0) = 0
1846900 newfstatat(AT_FDCWD, "/home/shorty/projects/external/love-android/love/src/jni", {st_mode=S_IFDIR|0755, st_size=538, ...}, 0) = 0
1846900 newfstatat(AT_FDCWD, "/home/shorty/projects/external/love-android/love/src/jni/LuaJIT-2.1", {st_mode=S_IFDIR|0755, st_size=274, ...}, 0) = 0
1846900 newfstatat(AT_FDCWD, "/home/shorty/projects/external/love-android/love/src/jni/LuaJIT-2.1/src", {st_mode=S_IFDIR|0755, st_size=3556, ...}, 0) = 0
1846900 getpid()                        = 1846900
1846900 getppid()                       = 1846899
1846900 getpid()                        = 1846900
1846900 getppid()                       = 1846899
1846900 getpid()                        = 1846900
1846900 getppid()                       = 1846899
1846900 getpgrp()                       = 1846868
1846900 ioctl(2, TIOCGPGRP, 0x7fffd8bc3474) = -1 ENOTTY (Inappropriate ioctl for device)
1846900 rt_sigaction(SIGCHLD, {sa_handler=0x564118da8140, sa_mask=[], sa_flags=SA_RESTORER|SA_RESTART, sa_restorer=0x7fca46f01050}, {sa_handler=SIG_DFL, sa_mask=[], sa_flags=SA_RESTORER|SA_RESTART, sa_restorer=0x7fca46f01050}, 8) = 0
1846900 ioctl(2, TIOCGPGRP, 0x7fffd8bc3434) = -1 ENOTTY (Inappropriate ioctl for device)
1846900 prlimit64(0, RLIMIT_NPROC, NULL, {rlim_cur=126640, rlim_max=126640}) = 0
1846900 rt_sigprocmask(SIG_BLOCK, NULL, [], 8) = 0
1846900 openat(AT_FDCWD, "/home/shorty/Android/Sdk/ndk/25.2.9519653/toolchains/llvm/prebuilt/linux-x86_64/bin/x86_64-linux-android21-clang", O_RDONLY) = 3
1846900 newfstatat(AT_FDCWD, "/home/shorty/Android/Sdk/ndk/25.2.9519653/toolchains/llvm/prebuilt/linux-x86_64/bin/x86_64-linux-android21-clang", {st_mode=S_IFREG|0755, st_size=192, ...}, 0) = 0
1846900 ioctl(3, TCGETS, 0x7fffd8bc3540) = -1 ENOTTY (Inappropriate ioctl for device)
1846900 lseek(3, 0, SEEK_CUR)           = 0
1846900 read(3, "#!/bin/bash\nbin_dir=`dirname \"$0"..., 80) = 80
1846900 lseek(3, 0, SEEK_SET)           = 0
1846900 prlimit64(0, RLIMIT_NOFILE, NULL, {rlim_cur=1024, rlim_max=1024*1024}) = 0
1846900 fcntl(255, F_GETFD)             = -1 EBADF (Bad file descriptor)
1846900 dup2(3, 255)                    = 255
1846900 close(3)                        = 0
1846900 fcntl(255, F_SETFD, FD_CLOEXEC) = 0
1846900 fcntl(255, F_GETFL)             = 0x8000 (flags O_RDONLY|O_LARGEFILE)
1846900 fstat(255, {st_mode=S_IFREG|0755, st_size=192, ...}) = 0
1846900 lseek(255, 0, SEEK_CUR)         = 0
1846900 read(255, "#!/bin/bash\nbin_dir=`dirname \"$0"..., 192) = 192
1846900 pipe2([3, 4], 0)                = 0
1846900 rt_sigprocmask(SIG_BLOCK, [CHLD], [], 8) = 0
1846900 rt_sigprocmask(SIG_SETMASK, [], NULL, 8) = 0
1846900 rt_sigprocmask(SIG_BLOCK, NULL, [], 8) = 0
1846900 rt_sigprocmask(SIG_BLOCK, [INT TERM CHLD], [], 8) = 0
1846900 lseek(255, -157, SEEK_CUR)      = 35
1846900 clone(child_stack=NULL, flags=CLONE_CHILD_CLEARTID|CLONE_CHILD_SETTID|SIGCHLD, child_tidptr=0x7fca46ee4a10) = 1846901
1846900 rt_sigprocmask(SIG_SETMASK, [], NULL, 8) = 0
1846900 rt_sigaction(SIGCHLD, {sa_handler=0x564118da8140, sa_mask=[], sa_flags=SA_RESTORER|SA_RESTART, sa_restorer=0x7fca46f01050}, {sa_handler=0x564118da8140, sa_mask=[], sa_flags=SA_RESTORER|SA_RESTART, sa_restorer=0x7fca46f01050}, 8) = 0
1846901 set_robust_list(0x7fca46ee4a20, 24) = 0
1846900 close(4)                        = 0
1846901 getpid( <unfinished ...>
1846900 rt_sigprocmask(SIG_BLOCK, [INT],  <unfinished ...>
1846901 <... getpid resumed>)           = 1846901
1846900 <... rt_sigprocmask resumed>[], 8) = 0
1846901 close(255 <unfinished ...>
1846900 read(3,  <unfinished ...>
1846901 <... close resumed>)            = 0
1846901 rt_sigprocmask(SIG_SETMASK, [], NULL, 8) = 0
1846901 rt_sigaction(SIGTSTP, {sa_handler=SIG_DFL, sa_mask=[], sa_flags=SA_RESTORER, sa_restorer=0x7fca46f01050}, {sa_handler=SIG_DFL, sa_mask=[], sa_flags=SA_RESTORER, sa_restorer=0x7fca46f01050}, 8) = 0
1846901 rt_sigaction(SIGTTIN, {sa_handler=SIG_DFL, sa_mask=[], sa_flags=SA_RESTORER, sa_restorer=0x7fca46f01050}, {sa_handler=SIG_DFL, sa_mask=[], sa_flags=SA_RESTORER, sa_restorer=0x7fca46f01050}, 8) = 0
1846901 rt_sigaction(SIGTTOU, {sa_handler=SIG_DFL, sa_mask=[], sa_flags=SA_RESTORER, sa_restorer=0x7fca46f01050}, {sa_handler=SIG_DFL, sa_mask=[], sa_flags=SA_RESTORER, sa_restorer=0x7fca46f01050}, 8) = 0
1846901 rt_sigaction(SIGINT, {sa_handler=SIG_DFL, sa_mask=[], sa_flags=SA_RESTORER, sa_restorer=0x7fca46f01050}, {sa_handler=SIG_DFL, sa_mask=[], sa_flags=SA_RESTORER, sa_restorer=0x7fca46f01050}, 8) = 0
1846901 rt_sigaction(SIGQUIT, {sa_handler=SIG_DFL, sa_mask=[], sa_flags=SA_RESTORER, sa_restorer=0x7fca46f01050}, {sa_handler=SIG_IGN, sa_mask=[], sa_flags=SA_RESTORER, sa_restorer=0x7fca46f01050}, 8) = 0
1846901 rt_sigaction(SIGCHLD, {sa_handler=SIG_DFL, sa_mask=[], sa_flags=SA_RESTORER|SA_RESTART, sa_restorer=0x7fca46f01050}, {sa_handler=0x564118da8140, sa_mask=[], sa_flags=SA_RESTORER|SA_RESTART, sa_restorer=0x7fca46f01050}, 8) = 0
1846901 rt_sigaction(SIGCHLD, {sa_handler=0x564118da8140, sa_mask=[], sa_flags=SA_RESTORER|SA_RESTART, sa_restorer=0x7fca46f01050}, {sa_handler=SIG_DFL, sa_mask=[], sa_flags=SA_RESTORER|SA_RESTART, sa_restorer=0x7fca46f01050}, 8) = 0
1846901 rt_sigaction(SIGINT, {sa_handler=0x564118dd1bd0, sa_mask=[], sa_flags=SA_RESTORER, sa_restorer=0x7fca46f01050}, {sa_handler=SIG_DFL, sa_mask=[], sa_flags=SA_RESTORER, sa_restorer=0x7fca46f01050}, 8) = 0
1846901 dup2(4, 1)                      = 1
1846901 close(4)                        = 0
1846901 close(3)                        = 0
1846901 rt_sigprocmask(SIG_BLOCK, NULL, [], 8) = 0
1846901 newfstatat(AT_FDCWD, ".", {st_mode=S_IFDIR|0755, st_size=3556, ...}, 0) = 0
1846901 newfstatat(AT_FDCWD, "/home/shorty/Android/Sdk/ndk/25.2.9519653/toolchains/llvm/prebuilt/linux-x86_64/bin/dirname", 0x7fffd8bc26c0, 0) = -1 ENOENT (No such file or directory)
1846901 newfstatat(AT_FDCWD, "/home/shorty/.yarn/bin/dirname", 0x7fffd8bc26c0, 0) = -1 ENOENT (No such file or directory)
1846901 newfstatat(AT_FDCWD, "/home/shorty/.nvm/versions/node/v22.14.0/bin/dirname", 0x7fffd8bc26c0, 0) = -1 ENOENT (No such file or directory)
1846901 newfstatat(AT_FDCWD, "/home/shorty/.cargo/bin/dirname", 0x7fffd8bc26c0, 0) = -1 ENOENT (No such file or directory)
1846901 newfstatat(AT_FDCWD, "/home/shorty/bin/dirname", 0x7fffd8bc26c0, 0) = -1 ENOENT (No such file or directory)
1846901 newfstatat(AT_FDCWD, "/home/shorty/.local/bin/dirname", 0x7fffd8bc26c0, 0) = -1 ENOENT (No such file or directory)
1846901 newfstatat(AT_FDCWD, "/usr/games/dirname", 0x7fffd8bc26c0, 0) = -1 ENOENT (No such file or directory)
1846901 newfstatat(AT_FDCWD, "/usr/lib64/qt-3.3/bin/dirname", 0x7fffd8bc26c0, 0) = -1 ENOENT (No such file or directory)
1846901 newfstatat(AT_FDCWD, "/usr/lib64/ccache/dirname", 0x7fffd8bc26c0, 0) = -1 ENOENT (No such file or directory)
1846901 newfstatat(AT_FDCWD, "/usr/local/bin/dirname", 0x7fffd8bc26c0, 0) = -1 ENOENT (No such file or directory)
1846901 newfstatat(AT_FDCWD, "/usr/bin/dirname", {st_mode=S_IFREG|0755, st_size=36680, ...}, 0) = 0
1846901 newfstatat(AT_FDCWD, "/usr/bin/dirname", {st_mode=S_IFREG|0755, st_size=36680, ...}, 0) = 0
1846901 geteuid()                       = 1000
1846901 getegid()                       = 1000
1846901 getuid()                        = 1000
1846901 getgid()                        = 1000
1846901 access("/usr/bin/dirname", X_OK) = 0
1846901 newfstatat(AT_FDCWD, "/usr/bin/dirname", {st_mode=S_IFREG|0755, st_size=36680, ...}, 0) = 0
1846901 geteuid()                       = 1000
1846901 getegid()                       = 1000
1846901 getuid()                        = 1000
1846901 getgid()                        = 1000
1846901 access("/usr/bin/dirname", R_OK) = 0
1846901 rt_sigaction(SIGINT, {sa_handler=SIG_DFL, sa_mask=[], sa_flags=SA_RESTORER, sa_restorer=0x7fca46f01050}, {sa_handler=0x564118dd1bd0, sa_mask=[], sa_flags=SA_RESTORER, sa_restorer=0x7fca46f01050}, 8) = 0
1846901 rt_sigaction(SIGQUIT, {sa_handler=SIG_DFL, sa_mask=[], sa_flags=SA_RESTORER, sa_restorer=0x7fca46f01050}, {sa_handler=SIG_DFL, sa_mask=[], sa_flags=SA_RESTORER, sa_restorer=0x7fca46f01050}, 8) = 0
1846901 rt_sigaction(SIGCHLD, {sa_handler=SIG_DFL, sa_mask=[], sa_flags=SA_RESTORER|SA_RESTART, sa_restorer=0x7fca46f01050}, {sa_handler=0x564118da8140, sa_mask=[], sa_flags=SA_RESTORER|SA_RESTART, sa_restorer=0x7fca46f01050}, 8) = 0
1846901 execve("/usr/bin/dirname", ["dirname", "/home/shorty/Android/Sdk/ndk/25."...], 0x56414da0d770 /* 113 vars */) = 0
1846901 brk(NULL)                       = 0x556a507be000
1846901 access("/etc/ld.so.preload", R_OK) = -1 ENOENT (No such file or directory)
1846901 openat(AT_FDCWD, "/etc/ld.so.cache", O_RDONLY|O_CLOEXEC) = 3
1846901 fstat(3, {st_mode=S_IFREG|0644, st_size=171419, ...}) = 0
1846901 mmap(NULL, 171419, PROT_READ, MAP_PRIVATE, 3, 0) = 0x7f361f37a000
1846901 close(3)                        = 0
1846901 mmap(NULL, 8192, PROT_READ|PROT_WRITE, MAP_PRIVATE|MAP_ANONYMOUS, -1, 0) = 0x7f361f378000
1846901 openat(AT_FDCWD, "/lib64/libc.so.6", O_RDONLY|O_CLOEXEC) = 3
1846901 read(3, "\177ELF\2\1\1\3\0\0\0\0\0\0\0\0\3\0>\0\1\0\0\0 4\0\0\0\0\0\0"..., 832) = 832
1846901 pread64(3, "\6\0\0\0\4\0\0\0@\0\0\0\0\0\0\0@\0\0\0\0\0\0\0@\0\0\0\0\0\0\0"..., 784, 64) = 784
1846901 fstat(3, {st_mode=S_IFREG|0755, st_size=2454144, ...}) = 0
1846901 pread64(3, "\6\0\0\0\4\0\0\0@\0\0\0\0\0\0\0@\0\0\0\0\0\0\0@\0\0\0\0\0\0\0"..., 784, 64) = 784
1846901 mmap(NULL, 2042904, PROT_READ, MAP_PRIVATE|MAP_DENYWRITE, 3, 0) = 0x7f361f185000
1846901 mmap(0x7f361f186000, 1503232, PROT_READ|PROT_EXEC, MAP_PRIVATE|MAP_FIXED|MAP_DENYWRITE, 3, 0x1000) = 0x7f361f186000
1846901 mmap(0x7f361f2f5000, 479232, PROT_READ, MAP_PRIVATE|MAP_FIXED|MAP_DENYWRITE, 3, 0x170000) = 0x7f361f2f5000
1846901 mmap(0x7f361f36a000, 24576, PROT_READ|PROT_WRITE, MAP_PRIVATE|MAP_FIXED|MAP_DENYWRITE, 3, 0x1e5000) = 0x7f361f36a000
1846901 mmap(0x7f361f370000, 31768, PROT_READ|PROT_WRITE, MAP_PRIVATE|MAP_FIXED|MAP_ANONYMOUS, -1, 0) = 0x7f361f370000
1846901 close(3)                        = 0
1846901 mmap(NULL, 12288, PROT_READ|PROT_WRITE, MAP_PRIVATE|MAP_ANONYMOUS, -1, 0) = 0x7f361f182000
1846901 arch_prctl(ARCH_SET_FS, 0x7f361f182740) = 0
1846901 set_tid_address(0x7f361f182a10) = 1846901
1846901 set_robust_list(0x7f361f182a20, 24) = 0
1846901 rseq(0x7f361f183060, 0x20, 0, 0x53053053) = 0
1846901 mprotect(0x7f361f36a000, 16384, PROT_READ) = 0
1846901 mprotect(0x556a1858a000, 4096, PROT_READ) = 0
1846901 mprotect(0x7f361f3df000, 8192, PROT_READ) = 0
1846901 prlimit64(0, RLIMIT_STACK, NULL, {rlim_cur=8192*1024, rlim_max=RLIM64_INFINITY}) = 0
1846901 munmap(0x7f361f37a000, 171419)  = 0
1846901 getrandom("\x3b\xf4\x0a\x21\x1a\x25\xe2\x6b", 8, GRND_NONBLOCK) = 8
1846901 brk(NULL)                       = 0x556a507be000
1846901 brk(0x556a507df000)             = 0x556a507df000
1846901 openat(AT_FDCWD, "/usr/lib/locale/locale-archive", O_RDONLY|O_CLOEXEC) = 3
1846901 fstat(3, {st_mode=S_IFREG|0644, st_size=232351648, ...}) = 0
1846901 mmap(NULL, 232351648, PROT_READ, MAP_PRIVATE, 3, 0) = 0x7f3611200000
1846901 close(3)                        = 0
1846901 fstat(1, {st_mode=S_IFIFO|0600, st_size=0, ...}) = 0
1846901 write(1, "/home/shorty/Android/Sdk/ndk/25."..., 84) = 84
1846900 <... read resumed>"/home/shorty/Android/Sdk/ndk/25."..., 4096) = 84
1846901 close(1 <unfinished ...>
1846900 read(3,  <unfinished ...>
1846901 <... close resumed>)            = 0
1846900 <... read resumed>"", 4096)     = 0
1846901 close(2 <unfinished ...>
1846900 close(3 <unfinished ...>
1846901 <... close resumed>)            = 0
1846901 exit_group(0 <unfinished ...>
1846900 <... close resumed>)            = 0
1846901 <... exit_group resumed>)       = ?
1846900 rt_sigprocmask(SIG_SETMASK, [], NULL, 8) = 0
1846900 rt_sigprocmask(SIG_BLOCK, [CHLD], [], 8) = 0
1846901 +++ exited with 0 +++
1846900 rt_sigaction(SIGINT, {sa_handler=0x564118dab580, sa_mask=[], sa_flags=SA_RESTORER, sa_restorer=0x7fca46f01050}, {sa_handler=SIG_DFL, sa_mask=[], sa_flags=SA_RESTORER, sa_restorer=0x7fca46f01050}, 8) = 0
1846900 wait4(-1, [{WIFEXITED(s) && WEXITSTATUS(s) == 0}], 0, NULL) = 1846901
1846900 rt_sigaction(SIGINT, {sa_handler=SIG_DFL, sa_mask=[], sa_flags=SA_RESTORER, sa_restorer=0x7fca46f01050}, {sa_handler=0x564118dab580, sa_mask=[], sa_flags=SA_RESTORER, sa_restorer=0x7fca46f01050}, 8) = 0
1846900 rt_sigprocmask(SIG_SETMASK, [], NULL, 8) = 0
1846900 --- SIGCHLD {si_signo=SIGCHLD, si_code=CLD_EXITED, si_pid=1846901, si_uid=1000, si_status=0, si_utime=0, si_stime=0} ---
1846900 wait4(-1, 0x7fffd8bc1d10, WNOHANG, NULL) = -1 ECHILD (No child processes)
1846900 rt_sigreturn({mask=[]})         = 0
1846900 read(255, "if [ \"$1\" != \"-cc1\" ]; then\n    "..., 192) = 157
1846900 rt_sigprocmask(SIG_BLOCK, NULL, [], 8) = 0
1846900 rt_sigprocmask(SIG_BLOCK, [INT TERM CHLD], [], 8) = 0
1846900 rt_sigprocmask(SIG_BLOCK, [CHLD], [INT TERM CHLD], 8) = 0
1846900 rt_sigprocmask(SIG_SETMASK, [INT TERM CHLD], NULL, 8) = 0
1846900 clone(child_stack=NULL, flags=CLONE_CHILD_CLEARTID|CLONE_CHILD_SETTID|SIGCHLD, child_tidptr=0x7fca46ee4a10) = 1846902
1846902 set_robust_list(0x7fca46ee4a20, 24) = 0
1846900 rt_sigprocmask(SIG_SETMASK, [],  <unfinished ...>
1846902 getpid( <unfinished ...>
1846900 <... rt_sigprocmask resumed>NULL, 8) = 0
1846902 <... getpid resumed>)           = 1846902
1846900 rt_sigprocmask(SIG_BLOCK, [CHLD],  <unfinished ...>
1846902 close(255 <unfinished ...>
1846900 <... rt_sigprocmask resumed>[], 8) = 0
1846902 <... close resumed>)            = 0
1846902 rt_sigprocmask(SIG_SETMASK, [],  <unfinished ...>
1846900 rt_sigprocmask(SIG_SETMASK, [],  <unfinished ...>
1846902 <... rt_sigprocmask resumed>NULL, 8) = 0
1846900 <... rt_sigprocmask resumed>NULL, 8) = 0
1846902 rt_sigaction(SIGTSTP, {sa_handler=SIG_DFL, sa_mask=[], sa_flags=SA_RESTORER, sa_restorer=0x7fca46f01050},  <unfinished ...>
1846900 rt_sigprocmask(SIG_BLOCK, [CHLD],  <unfinished ...>
1846902 <... rt_sigaction resumed>{sa_handler=SIG_DFL, sa_mask=[], sa_flags=SA_RESTORER, sa_restorer=0x7fca46f01050}, 8) = 0
1846900 <... rt_sigprocmask resumed>[], 8) = 0
1846902 rt_sigaction(SIGTTIN, {sa_handler=SIG_DFL, sa_mask=[], sa_flags=SA_RESTORER, sa_restorer=0x7fca46f01050},  <unfinished ...>
1846900 rt_sigaction(SIGINT, {sa_handler=0x564118dab580, sa_mask=[], sa_flags=SA_RESTORER, sa_restorer=0x7fca46f01050},  <unfinished ...>
1846902 <... rt_sigaction resumed>{sa_handler=SIG_DFL, sa_mask=[], sa_flags=SA_RESTORER, sa_restorer=0x7fca46f01050}, 8) = 0
1846900 <... rt_sigaction resumed>{sa_handler=SIG_DFL, sa_mask=[], sa_flags=SA_RESTORER, sa_restorer=0x7fca46f01050}, 8) = 0
1846902 rt_sigaction(SIGTTOU, {sa_handler=SIG_DFL, sa_mask=[], sa_flags=SA_RESTORER, sa_restorer=0x7fca46f01050},  <unfinished ...>
1846900 wait4(-1,  <unfinished ...>
1846902 <... rt_sigaction resumed>{sa_handler=SIG_DFL, sa_mask=[], sa_flags=SA_RESTORER, sa_restorer=0x7fca46f01050}, 8) = 0
1846902 rt_sigaction(SIGINT, {sa_handler=SIG_DFL, sa_mask=[], sa_flags=SA_RESTORER, sa_restorer=0x7fca46f01050}, {sa_handler=SIG_DFL, sa_mask=[], sa_flags=SA_RESTORER, sa_restorer=0x7fca46f01050}, 8) = 0
1846902 rt_sigaction(SIGQUIT, {sa_handler=SIG_DFL, sa_mask=[], sa_flags=SA_RESTORER, sa_restorer=0x7fca46f01050}, {sa_handler=SIG_IGN, sa_mask=[], sa_flags=SA_RESTORER, sa_restorer=0x7fca46f01050}, 8) = 0
1846902 rt_sigaction(SIGCHLD, {sa_handler=SIG_DFL, sa_mask=[], sa_flags=SA_RESTORER|SA_RESTART, sa_restorer=0x7fca46f01050}, {sa_handler=0x564118da8140, sa_mask=[], sa_flags=SA_RESTORER|SA_RESTART, sa_restorer=0x7fca46f01050}, 8) = 0
1846902 execve("/home/shorty/Android/Sdk/ndk/25.2.9519653/toolchains/llvm/prebuilt/linux-x86_64/bin/clang", ["/home/shorty/Android/Sdk/ndk/25."..., "--target=x86_64-linux-android21", "-fPIC", "-o", "/dev/null", "-c", "-x", "c", "/dev/null", "-fno-stack-protector"], 0x56414da13220 /* 113 vars */) = 0
1846902 brk(NULL)                       = 0x13ce4000
1846902 mmap(NULL, 8192, PROT_READ|PROT_WRITE, MAP_PRIVATE|MAP_ANONYMOUS, -1, 0) = 0x7f143c239000
1846902 readlinkat(AT_FDCWD, "/proc/self/exe", "/home/shorty/Android/Sdk/ndk/25."..., 4096) = 92
1846902 access("/etc/ld.so.preload", R_OK) = -1 ENOENT (No such file or directory)
1846902 openat(AT_FDCWD, "/home/shorty/Android/Sdk/ndk/25.2.9519653/toolchains/llvm/prebuilt/linux-x86_64/bin/../lib64/glibc-hwcaps/x86-64-v3/libpthread.so.0", O_RDONLY|O_CLOEXEC) = -1 ENOENT (No such file or directory)
1846902 newfstatat(AT_FDCWD, "/home/shorty/Android/Sdk/ndk/25.2.9519653/toolchains/llvm/prebuilt/linux-x86_64/bin/../lib64/glibc-hwcaps/x86-64-v3/", 0x7ffe843f7e30, 0) = -1 ENOENT (No such file or directory)
1846902 openat(AT_FDCWD, "/home/shorty/Android/Sdk/ndk/25.2.9519653/toolchains/llvm/prebuilt/linux-x86_64/bin/../lib64/glibc-hwcaps/x86-64-v2/libpthread.so.0", O_RDONLY|O_CLOEXEC) = -1 ENOENT (No such file or directory)
1846902 newfstatat(AT_FDCWD, "/home/shorty/Android/Sdk/ndk/25.2.9519653/toolchains/llvm/prebuilt/linux-x86_64/bin/../lib64/glibc-hwcaps/x86-64-v2/", 0x7ffe843f7e30, 0) = -1 ENOENT (No such file or directory)
1846902 openat(AT_FDCWD, "/home/shorty/Android/Sdk/ndk/25.2.9519653/toolchains/llvm/prebuilt/linux-x86_64/bin/../lib64/libpthread.so.0", O_RDONLY|O_CLOEXEC) = -1 ENOENT (No such file or directory)
1846902 newfstatat(AT_FDCWD, "/home/shorty/Android/Sdk/ndk/25.2.9519653/toolchains/llvm/prebuilt/linux-x86_64/bin/../lib64/", {st_mode=S_IFDIR|0755, st_size=752, ...}, 0) = 0
1846902 openat(AT_FDCWD, "/etc/ld.so.cache", O_RDONLY|O_CLOEXEC) = 3
1846902 fstat(3, {st_mode=S_IFREG|0644, st_size=171419, ...}) = 0
1846902 mmap(NULL, 171419, PROT_READ, MAP_PRIVATE, 3, 0) = 0x7f143c20f000
1846902 close(3)                        = 0
1846902 openat(AT_FDCWD, "/lib64/libpthread.so.0", O_RDONLY|O_CLOEXEC) = 3
1846902 read(3, "\177ELF\2\1\1\0\0\0\0\0\0\0\0\0\3\0>\0\1\0\0\0\0\0\0\0\0\0\0\0"..., 832) = 832
1846902 fstat(3, {st_mode=S_IFREG|0755, st_size=15640, ...}) = 0
1846902 mmap(NULL, 16392, PROT_READ, MAP_PRIVATE|MAP_DENYWRITE, 3, 0) = 0x7f143c20a000
1846902 mmap(0x7f143c20b000, 4096, PROT_READ|PROT_EXEC, MAP_PRIVATE|MAP_FIXED|MAP_DENYWRITE, 3, 0x1000) = 0x7f143c20b000
1846902 mmap(0x7f143c20c000, 4096, PROT_READ, MAP_PRIVATE|MAP_FIXED|MAP_DENYWRITE, 3, 0x2000) = 0x7f143c20c000
1846902 mmap(0x7f143c20d000, 4096, PROT_READ|PROT_WRITE, MAP_PRIVATE|MAP_FIXED|MAP_DENYWRITE, 3, 0x2000) = 0x7f143c20d000
1846902 mmap(0x7f143c20e000, 8, PROT_READ|PROT_WRITE, MAP_PRIVATE|MAP_FIXED|MAP_ANONYMOUS, -1, 0) = 0x7f143c20e000
1846902 close(3)                        = 0
1846902 openat(AT_FDCWD, "/home/shorty/Android/Sdk/ndk/25.2.9519653/toolchains/llvm/prebuilt/linux-x86_64/bin/../lib64/librt.so.1", O_RDONLY|O_CLOEXEC) = -1 ENOENT (No such file or directory)
1846902 openat(AT_FDCWD, "/lib64/librt.so.1", O_RDONLY|O_CLOEXEC) = 3
1846902 read(3, "\177ELF\2\1\1\0\0\0\0\0\0\0\0\0\3\0>\0\1\0\0\0\0\0\0\0\0\0\0\0"..., 832) = 832
1846902 fstat(3, {st_mode=S_IFREG|0755, st_size=15808, ...}) = 0
1846902 mmap(NULL, 16392, PROT_READ, MAP_PRIVATE|MAP_DENYWRITE, 3, 0) = 0x7f143c205000
1846902 mmap(0x7f143c206000, 4096, PROT_READ|PROT_EXEC, MAP_PRIVATE|MAP_FIXED|MAP_DENYWRITE, 3, 0x1000) = 0x7f143c206000
1846902 mmap(0x7f143c207000, 4096, PROT_READ, MAP_PRIVATE|MAP_FIXED|MAP_DENYWRITE, 3, 0x2000) = 0x7f143c207000
1846902 mmap(0x7f143c208000, 4096, PROT_READ|PROT_WRITE, MAP_PRIVATE|MAP_FIXED|MAP_DENYWRITE, 3, 0x2000) = 0x7f143c208000
1846902 mmap(0x7f143c209000, 8, PROT_READ|PROT_WRITE, MAP_PRIVATE|MAP_FIXED|MAP_ANONYMOUS, -1, 0) = 0x7f143c209000
1846902 close(3)                        = 0
1846902 openat(AT_FDCWD, "/home/shorty/Android/Sdk/ndk/25.2.9519653/toolchains/llvm/prebuilt/linux-x86_64/bin/../lib64/libdl.so.2", O_RDONLY|O_CLOEXEC) = -1 ENOENT (No such file or directory)
1846902 openat(AT_FDCWD, "/lib64/libdl.so.2", O_RDONLY|O_CLOEXEC) = 3
1846902 read(3, "\177ELF\2\1\1\0\0\0\0\0\0\0\0\0\3\0>\0\1\0\0\0\0\0\0\0\0\0\0\0"..., 832) = 832
1846902 fstat(3, {st_mode=S_IFREG|0755, st_size=15632, ...}) = 0
1846902 mmap(NULL, 16392, PROT_READ, MAP_PRIVATE|MAP_DENYWRITE, 3, 0) = 0x7f143c200000
1846902 mmap(0x7f143c201000, 4096, PROT_READ|PROT_EXEC, MAP_PRIVATE|MAP_FIXED|MAP_DENYWRITE, 3, 0x1000) = 0x7f143c201000
1846902 mmap(0x7f143c202000, 4096, PROT_READ, MAP_PRIVATE|MAP_FIXED|MAP_DENYWRITE, 3, 0x2000) = 0x7f143c202000
1846902 mmap(0x7f143c203000, 4096, PROT_READ|PROT_WRITE, MAP_PRIVATE|MAP_FIXED|MAP_DENYWRITE, 3, 0x2000) = 0x7f143c203000
1846902 mmap(0x7f143c204000, 8, PROT_READ|PROT_WRITE, MAP_PRIVATE|MAP_FIXED|MAP_ANONYMOUS, -1, 0) = 0x7f143c204000
1846902 close(3)                        = 0
1846902 openat(AT_FDCWD, "/home/shorty/Android/Sdk/ndk/25.2.9519653/toolchains/llvm/prebuilt/linux-x86_64/bin/../lib64/libm.so.6", O_RDONLY|O_CLOEXEC) = -1 ENOENT (No such file or directory)
1846902 openat(AT_FDCWD, "/lib64/libm.so.6", O_RDONLY|O_CLOEXEC) = 3
1846902 read(3, "\177ELF\2\1\1\3\0\0\0\0\0\0\0\0\3\0>\0\1\0\0\0\0\0\0\0\0\0\0\0"..., 832) = 832
1846902 fstat(3, {st_mode=S_IFREG|0755, st_size=956824, ...}) = 0
1846902 mmap(NULL, 938000, PROT_READ, MAP_PRIVATE|MAP_DENYWRITE, 3, 0) = 0x7f143c11a000
1846902 mmap(0x7f143c11b000, 495616, PROT_READ|PROT_EXEC, MAP_PRIVATE|MAP_FIXED|MAP_DENYWRITE, 3, 0x1000) = 0x7f143c11b000
1846902 mmap(0x7f143c194000, 434176, PROT_READ, MAP_PRIVATE|MAP_FIXED|MAP_DENYWRITE, 3, 0x7a000) = 0x7f143c194000
1846902 mmap(0x7f143c1fe000, 8192, PROT_READ|PROT_WRITE, MAP_PRIVATE|MAP_FIXED|MAP_DENYWRITE, 3, 0xe3000) = 0x7f143c1fe000
1846902 close(3)                        = 0
1846902 openat(AT_FDCWD, "/home/shorty/Android/Sdk/ndk/25.2.9519653/toolchains/llvm/prebuilt/linux-x86_64/bin/../lib64/libz.so.1", O_RDONLY|O_CLOEXEC) = -1 ENOENT (No such file or directory)
1846902 openat(AT_FDCWD, "/lib64/libz.so.1", O_RDONLY|O_CLOEXEC) = 3
1846902 read(3, "\177ELF\2\1\1\0\0\0\0\0\0\0\0\0\3\0>\0\1\0\0\0\0\0\0\0\0\0\0\0"..., 832) = 832
1846902 fstat(3, {st_mode=S_IFREG|0755, st_size=145224, ...}) = 0
1846902 mmap(NULL, 143488, PROT_READ, MAP_PRIVATE|MAP_DENYWRITE, 3, 0) = 0x7f143c0f6000
1846902 mmap(0x7f143c0f7000, 94208, PROT_READ|PROT_EXEC, MAP_PRIVATE|MAP_FIXED|MAP_DENYWRITE, 3, 0x1000) = 0x7f143c0f7000
1846902 mmap(0x7f143c10e000, 40960, PROT_READ, MAP_PRIVATE|MAP_FIXED|MAP_DENYWRITE, 3, 0x18000) = 0x7f143c10e000
1846902 mmap(0x7f143c118000, 8192, PROT_READ|PROT_WRITE, MAP_PRIVATE|MAP_FIXED|MAP_DENYWRITE, 3, 0x21000) = 0x7f143c118000
1846902 close(3)                        = 0
1846902 openat(AT_FDCWD, "/home/shorty/Android/Sdk/ndk/25.2.9519653/toolchains/llvm/prebuilt/linux-x86_64/bin/../lib64/libc++.so.1", O_RDONLY|O_CLOEXEC) = 3
1846902 read(3, "\177ELF\2\1\1\0\0\0\0\0\0\0\0\0\3\0>\0\1\0\0\0\0\0\0\0\0\0\0\0"..., 832) = 832
1846902 fstat(3, {st_mode=S_IFREG|0644, st_size=2015120, ...}) = 0
1846902 mmap(NULL, 8192, PROT_READ|PROT_WRITE, MAP_PRIVATE|MAP_ANONYMOUS, -1, 0) = 0x7f143c0f4000
1846902 mmap(NULL, 1159028, PROT_READ, MAP_PRIVATE|MAP_DENYWRITE, 3, 0) = 0x7f143bfd9000
1846902 mmap(0x7f143c073000, 458752, PROT_READ|PROT_EXEC, MAP_PRIVATE|MAP_FIXED|MAP_DENYWRITE, 3, 0x99000) = 0x7f143c073000
1846902 mmap(0x7f143c0e3000, 36864, PROT_READ|PROT_WRITE, MAP_PRIVATE|MAP_FIXED|MAP_DENYWRITE, 3, 0x108000) = 0x7f143c0e3000
1846902 mmap(0x7f143c0ec000, 4096, PROT_READ|PROT_WRITE, MAP_PRIVATE|MAP_FIXED|MAP_DENYWRITE, 3, 0x111000) = 0x7f143c0ec000
1846902 mmap(0x7f143c0ed000, 28532, PROT_READ|PROT_WRITE, MAP_PRIVATE|MAP_FIXED|MAP_ANONYMOUS, -1, 0) = 0x7f143c0ed000
1846902 close(3)                        = 0
1846902 openat(AT_FDCWD, "/home/shorty/Android/Sdk/ndk/25.2.9519653/toolchains/llvm/prebuilt/linux-x86_64/bin/../lib64/libgcc_s.so.1", O_RDONLY|O_CLOEXEC) = -1 ENOENT (No such file or directory)
1846902 openat(AT_FDCWD, "/lib64/libgcc_s.so.1", O_RDONLY|O_CLOEXEC) = 3
1846902 read(3, "\177ELF\2\1\1\0\0\0\0\0\0\0\0\0\3\0>\0\1\0\0\0\0\0\0\0\0\0\0\0"..., 832) = 832
1846902 fstat(3, {st_mode=S_IFREG|0755, st_size=186800, ...}) = 0
1846902 mmap(NULL, 188872, PROT_READ, MAP_PRIVATE|MAP_DENYWRITE, 3, 0) = 0x7f143bfaa000
1846902 mmap(0x7f143bfab000, 147456, PROT_READ|PROT_EXEC, MAP_PRIVATE|MAP_FIXED|MAP_DENYWRITE, 3, 0x1000) = 0x7f143bfab000
1846902 mmap(0x7f143bfcf000, 32768, PROT_READ, MAP_PRIVATE|MAP_FIXED|MAP_DENYWRITE, 3, 0x25000) = 0x7f143bfcf000
1846902 mmap(0x7f143bfd7000, 4096, PROT_READ|PROT_WRITE, MAP_PRIVATE|MAP_FIXED|MAP_DENYWRITE, 3, 0x2c000) = 0x7f143bfd7000
1846902 mmap(0x7f143bfd8000, 456, PROT_READ|PROT_WRITE, MAP_PRIVATE|MAP_FIXED|MAP_ANONYMOUS, -1, 0) = 0x7f143bfd8000
1846902 close(3)                        = 0
1846902 openat(AT_FDCWD, "/home/shorty/Android/Sdk/ndk/25.2.9519653/toolchains/llvm/prebuilt/linux-x86_64/bin/../lib64/libc.so.6", O_RDONLY|O_CLOEXEC) = -1 ENOENT (No such file or directory)
1846902 openat(AT_FDCWD, "/lib64/libc.so.6", O_RDONLY|O_CLOEXEC) = 3
1846902 read(3, "\177ELF\2\1\1\3\0\0\0\0\0\0\0\0\3\0>\0\1\0\0\0 4\0\0\0\0\0\0"..., 832) = 832
1846902 pread64(3, "\6\0\0\0\4\0\0\0@\0\0\0\0\0\0\0@\0\0\0\0\0\0\0@\0\0\0\0\0\0\0"..., 784, 64) = 784
1846902 fstat(3, {st_mode=S_IFREG|0755, st_size=2454144, ...}) = 0
1846902 pread64(3, "\6\0\0\0\4\0\0\0@\0\0\0\0\0\0\0@\0\0\0\0\0\0\0@\0\0\0\0\0\0\0"..., 784, 64) = 784
1846902 mmap(NULL, 2042904, PROT_READ, MAP_PRIVATE|MAP_DENYWRITE, 3, 0) = 0x7f143bdb7000
1846902 mmap(0x7f143bdb8000, 1503232, PROT_READ|PROT_EXEC, MAP_PRIVATE|MAP_FIXED|MAP_DENYWRITE, 3, 0x1000) = 0x7f143bdb8000
1846902 mmap(0x7f143bf27000, 479232, PROT_READ, MAP_PRIVATE|MAP_FIXED|MAP_DENYWRITE, 3, 0x170000) = 0x7f143bf27000
1846902 mmap(0x7f143bf9c000, 24576, PROT_READ|PROT_WRITE, MAP_PRIVATE|MAP_FIXED|MAP_DENYWRITE, 3, 0x1e5000) = 0x7f143bf9c000
1846902 mmap(0x7f143bfa2000, 31768, PROT_READ|PROT_WRITE, MAP_PRIVATE|MAP_FIXED|MAP_ANONYMOUS, -1, 0) = 0x7f143bfa2000
1846902 close(3)                        = 0
1846902 mmap(NULL, 8192, PROT_READ|PROT_WRITE, MAP_PRIVATE|MAP_ANONYMOUS, -1, 0) = 0x7f143bdb5000
1846902 arch_prctl(ARCH_SET_FS, 0x7f143bdb60c0) = 0
1846902 set_tid_address(0x7f143bdb6390) = 1846902
1846902 set_robust_list(0x7f143bdb63a0, 24) = 0
1846902 rseq(0x7f143bdb69e0, 0x20, 0, 0x53053053) = 0
1846902 mprotect(0x7f143bf9c000, 16384, PROT_READ) = 0
1846902 mprotect(0x7f143bfd7000, 4096, PROT_READ) = 0
1846902 mprotect(0x7f143c20d000, 4096, PROT_READ) = 0
1846902 mprotect(0x7f143c1fe000, 4096, PROT_READ) = 0
1846902 mprotect(0x7f143c208000, 4096, PROT_READ) = 0
1846902 mprotect(0x7f143c0e3000, 36864, PROT_READ) = 0
1846902 mprotect(0x7f143c118000, 4096, PROT_READ) = 0
1846902 mprotect(0x7f143c203000, 4096, PROT_READ) = 0
1846902 mprotect(0x5b26000, 8192, PROT_READ) = 0
1846902 mprotect(0x7f143c276000, 8192, PROT_READ) = 0
1846902 prlimit64(0, RLIMIT_STACK, NULL, {rlim_cur=8192*1024, rlim_max=RLIM64_INFINITY}) = 0
1846902 munmap(0x7f143c20f000, 171419)  = 0
1846902 gettid()                        = 1846902
1846902 gettid()                        = 1846902
1846902 gettid()                        = 1846902
1846902 gettid()                        = 1846902
1846902 gettid()                        = 1846902
1846902 gettid()                        = 1846902
1846902 getrandom("\xb4\x61\xfa\x27\x5f\xa2\x38\x56", 8, GRND_NONBLOCK) = 8
1846902 brk(NULL)                       = 0x13ce4000
1846902 brk(0x13d05000)                 = 0x13d05000
1846902 brk(0x13d26000)                 = 0x13d26000
1846902 sigaltstack(NULL, {ss_sp=NULL, ss_flags=SS_DISABLE, ss_size=0}) = 0
1846902 brk(0x13d50000)                 = 0x13d50000
1846902 sigaltstack({ss_sp=0x13d1f310, ss_flags=0, ss_size=67584}, {ss_sp=NULL, ss_flags=SS_DISABLE, ss_size=0}) = 0
1846902 rt_sigaction(SIGHUP, {sa_handler=0x47d9450, sa_mask=[], sa_flags=SA_RESTORER|SA_ONSTACK|SA_NODEFER|SA_RESETHAND|0xffffffff00000000, sa_restorer=0x7f143bdd1050}, {sa_handler=SIG_DFL, sa_mask=[], sa_flags=0}, 8) = 0
1846902 rt_sigaction(SIGINT, {sa_handler=0x47d9450, sa_mask=[], sa_flags=SA_RESTORER|SA_ONSTACK|SA_NODEFER|SA_RESETHAND|0xffffffff00000000, sa_restorer=0x7f143bdd1050}, {sa_handler=SIG_DFL, sa_mask=[], sa_flags=0}, 8) = 0
1846902 rt_sigaction(SIGTERM, {sa_handler=0x47d9450, sa_mask=[], sa_flags=SA_RESTORER|SA_ONSTACK|SA_NODEFER|SA_RESETHAND|0xffffffff00000000, sa_restorer=0x7f143bdd1050}, {sa_handler=SIG_DFL, sa_mask=[], sa_flags=0}, 8) = 0
1846902 rt_sigaction(SIGUSR2, {sa_handler=0x47d9450, sa_mask=[], sa_flags=SA_RESTORER|SA_ONSTACK|SA_NODEFER|SA_RESETHAND|0xffffffff00000000, sa_restorer=0x7f143bdd1050}, {sa_handler=SIG_DFL, sa_mask=[], sa_flags=0}, 8) = 0
1846902 rt_sigaction(SIGILL, {sa_handler=0x47d9450, sa_mask=[], sa_flags=SA_RESTORER|SA_ONSTACK|SA_NODEFER|SA_RESETHAND|0xffffffff00000000, sa_restorer=0x7f143bdd1050}, {sa_handler=SIG_DFL, sa_mask=[], sa_flags=0}, 8) = 0
1846902 rt_sigaction(SIGTRAP, {sa_handler=0x47d9450, sa_mask=[], sa_flags=SA_RESTORER|SA_ONSTACK|SA_NODEFER|SA_RESETHAND|0xffffffff00000000, sa_restorer=0x7f143bdd1050}, {sa_handler=SIG_DFL, sa_mask=[], sa_flags=0}, 8) = 0
1846902 rt_sigaction(SIGABRT, {sa_handler=0x47d9450, sa_mask=[], sa_flags=SA_RESTORER|SA_ONSTACK|SA_NODEFER|SA_RESETHAND|0xffffffff00000000, sa_restorer=0x7f143bdd1050}, {sa_handler=SIG_DFL, sa_mask=[], sa_flags=0}, 8) = 0
1846902 rt_sigaction(SIGFPE, {sa_handler=0x47d9450, sa_mask=[], sa_flags=SA_RESTORER|SA_ONSTACK|SA_NODEFER|SA_RESETHAND|0xffffffff00000000, sa_restorer=0x7f143bdd1050}, {sa_handler=SIG_DFL, sa_mask=[], sa_flags=0}, 8) = 0
1846902 rt_sigaction(SIGBUS, {sa_handler=0x47d9450, sa_mask=[], sa_flags=SA_RESTORER|SA_ONSTACK|SA_NODEFER|SA_RESETHAND|0xffffffff00000000, sa_restorer=0x7f143bdd1050}, {sa_handler=SIG_DFL, sa_mask=[], sa_flags=0}, 8) = 0
1846902 rt_sigaction(SIGSEGV, {sa_handler=0x47d9450, sa_mask=[], sa_flags=SA_RESTORER|SA_ONSTACK|SA_NODEFER|SA_RESETHAND|0xffffffff00000000, sa_restorer=0x7f143bdd1050}, {sa_handler=SIG_DFL, sa_mask=[], sa_flags=0}, 8) = 0
1846902 rt_sigaction(SIGQUIT, {sa_handler=0x47d9450, sa_mask=[], sa_flags=SA_RESTORER|SA_ONSTACK|SA_NODEFER|SA_RESETHAND|0xffffffff00000000, sa_restorer=0x7f143bdd1050}, {sa_handler=SIG_DFL, sa_mask=[], sa_flags=0}, 8) = 0
1846902 rt_sigaction(SIGSYS, {sa_handler=0x47d9450, sa_mask=[], sa_flags=SA_RESTORER|SA_ONSTACK|SA_NODEFER|SA_RESETHAND|0xffffffff00000000, sa_restorer=0x7f143bdd1050}, {sa_handler=SIG_DFL, sa_mask=[], sa_flags=0}, 8) = 0
1846902 rt_sigaction(SIGXCPU, {sa_handler=0x47d9450, sa_mask=[], sa_flags=SA_RESTORER|SA_ONSTACK|SA_NODEFER|SA_RESETHAND|0xffffffff00000000, sa_restorer=0x7f143bdd1050}, {sa_handler=SIG_DFL, sa_mask=[], sa_flags=0}, 8) = 0
1846902 rt_sigaction(SIGXFSZ, {sa_handler=0x47d9450, sa_mask=[], sa_flags=SA_RESTORER|SA_ONSTACK|SA_NODEFER|SA_RESETHAND|0xffffffff00000000, sa_restorer=0x7f143bdd1050}, {sa_handler=SIG_DFL, sa_mask=[], sa_flags=0}, 8) = 0
1846902 rt_sigaction(SIGPIPE, {sa_handler=0x47d9450, sa_mask=[], sa_flags=SA_RESTORER|SA_ONSTACK|SA_NODEFER|SA_RESETHAND|0xffffffff00000000, sa_restorer=0x7f143bdd1050}, {sa_handler=SIG_DFL, sa_mask=[], sa_flags=0}, 8) = 0
1846902 rt_sigaction(SIGUSR1, {sa_handler=0x47d9160, sa_mask=[], sa_flags=SA_RESTORER|SA_ONSTACK, sa_restorer=0x7f143bdd1050}, {sa_handler=SIG_DFL, sa_mask=[], sa_flags=0}, 8) = 0
1846902 gettid()                        = 1846902
1846902 fstat(0, {st_mode=S_IFCHR|0600, st_rdev=makedev(0x88, 0x4), ...}) = 0
1846902 fstat(1, {st_mode=S_IFIFO|0600, st_size=0, ...}) = 0
1846902 fstat(2, {st_mode=S_IFCHR|0666, st_rdev=makedev(0x1, 0x3), ...}) = 0
1846902 gettid()                        = 1846902
1846902 gettid()                        = 1846902
1846902 gettid()                        = 1846902
1846902 gettid()                        = 1846902
1846902 gettid()                        = 1846902
1846902 gettid()                        = 1846902
1846902 gettid()                        = 1846902
1846902 gettid()                        = 1846902
1846902 gettid()                        = 1846902
1846902 gettid()                        = 1846902
1846902 gettid()                        = 1846902
1846902 gettid()                        = 1846902
1846902 gettid()                        = 1846902
1846902 gettid()                        = 1846902
1846902 gettid()                        = 1846902
1846902 gettid()                        = 1846902
1846902 gettid()                        = 1846902
1846902 mmap(NULL, 192512, PROT_READ|PROT_WRITE, MAP_PRIVATE|MAP_ANONYMOUS, -1, 0) = 0x7f143bd86000
1846902 gettid()                        = 1846902
1846902 access("/proc/self/exe", F_OK)  = 0
1846902 readlink("/proc/self/exe", "/home/shorty/Android/Sdk/ndk/25."..., 4096) = 92
1846902 readlink("/home", 0x7ffe843f6310, 1023) = -1 EINVAL (Invalid argument)
1846902 readlink("/home/shorty", 0x7ffe843f6310, 1023) = -1 EINVAL (Invalid argument)
1846902 readlink("/home/shorty/Android", 0x7ffe843f6310, 1023) = -1 EINVAL (Invalid argument)
1846902 readlink("/home/shorty/Android/Sdk", 0x7ffe843f6310, 1023) = -1 EINVAL (Invalid argument)
1846902 readlink("/home/shorty/Android/Sdk/ndk", 0x7ffe843f6310, 1023) = -1 EINVAL (Invalid argument)
1846902 readlink("/home/shorty/Android/Sdk/ndk/25.2.9519653", 0x7ffe843f6310, 1023) = -1 EINVAL (Invalid argument)
1846902 readlink("/home/shorty/Android/Sdk/ndk/25.2.9519653/toolchains", 0x7ffe843f6310, 1023) = -1 EINVAL (Invalid argument)
1846902 readlink("/home/shorty/Android/Sdk/ndk/25.2.9519653/toolchains/llvm", 0x7ffe843f6310, 1023) = -1 EINVAL (Invalid argument)
1846902 readlink("/home/shorty/Android/Sdk/ndk/25.2.9519653/toolchains/llvm/prebuilt", 0x7ffe843f6310, 1023) = -1 EINVAL (Invalid argument)
1846902 readlink("/home/shorty/Android/Sdk/ndk/25.2.9519653/toolchains/llvm/prebuilt/linux-x86_64", 0x7ffe843f6310, 1023) = -1 EINVAL (Invalid argument)
1846902 readlink("/home/shorty/Android/Sdk/ndk/25.2.9519653/toolchains/llvm/prebuilt/linux-x86_64/bin", 0x7ffe843f6310, 1023) = -1 EINVAL (Invalid argument)
1846902 readlink("/home/shorty/Android/Sdk/ndk/25.2.9519653/toolchains/llvm/prebuilt/linux-x86_64/bin/clang-14", 0x7ffe843f6310, 1023) = -1 EINVAL (Invalid argument)
1846902 ioctl(2, TCGETS, 0x7ffe843f70c0) = -1 ENOTTY (Inappropriate ioctl for device)
1846902 gettid()                        = 1846902
1846902 lseek(2, 0, SEEK_CUR)           = 0
1846902 fstat(2, {st_mode=S_IFCHR|0666, st_rdev=makedev(0x1, 0x3), ...}) = 0
1846902 access("/home/shorty/Android/Sdk/ndk/25.2.9519653/toolchains/llvm/prebuilt/linux-x86_64/bin", F_OK) = 0
1846902 rt_sigaction(SIGABRT, {sa_handler=0x47a3f30, sa_mask=[], sa_flags=SA_RESTORER, sa_restorer=0x7f143bdd1050}, {sa_handler=0x47d9450, sa_mask=[], sa_flags=SA_RESTORER|SA_ONSTACK|SA_NODEFER|SA_RESETHAND, sa_restorer=0x7f143bdd1050}, 8) = 0
1846902 rt_sigaction(SIGBUS, {sa_handler=0x47a3f30, sa_mask=[], sa_flags=SA_RESTORER, sa_restorer=0x7f143bdd1050}, {sa_handler=0x47d9450, sa_mask=[], sa_flags=SA_RESTORER|SA_ONSTACK|SA_NODEFER|SA_RESETHAND, sa_restorer=0x7f143bdd1050}, 8) = 0
1846902 rt_sigaction(SIGFPE, {sa_handler=0x47a3f30, sa_mask=[], sa_flags=SA_RESTORER, sa_restorer=0x7f143bdd1050}, {sa_handler=0x47d9450, sa_mask=[], sa_flags=SA_RESTORER|SA_ONSTACK|SA_NODEFER|SA_RESETHAND, sa_restorer=0x7f143bdd1050}, 8) = 0
1846902 rt_sigaction(SIGILL, {sa_handler=0x47a3f30, sa_mask=[], sa_flags=SA_RESTORER, sa_restorer=0x7f143bdd1050}, {sa_handler=0x47d9450, sa_mask=[], sa_flags=SA_RESTORER|SA_ONSTACK|SA_NODEFER|SA_RESETHAND, sa_restorer=0x7f143bdd1050}, 8) = 0
1846902 rt_sigaction(SIGSEGV, {sa_handler=0x47a3f30, sa_mask=[], sa_flags=SA_RESTORER, sa_restorer=0x7f143bdd1050}, {sa_handler=0x47d9450, sa_mask=[], sa_flags=SA_RESTORER|SA_ONSTACK|SA_NODEFER|SA_RESETHAND, sa_restorer=0x7f143bdd1050}, 8) = 0
1846902 rt_sigaction(SIGTRAP, {sa_handler=0x47a3f30, sa_mask=[], sa_flags=SA_RESTORER, sa_restorer=0x7f143bdd1050}, {sa_handler=0x47d9450, sa_mask=[], sa_flags=SA_RESTORER|SA_ONSTACK|SA_NODEFER|SA_RESETHAND, sa_restorer=0x7f143bdd1050}, 8) = 0
1846902 stat("/home/shorty/Android/Sdk/ndk/25.2.9519653/toolchains/llvm/prebuilt/linux-x86_64/lib64/clang/14.0.7/lib/x86_64-unknown-linux-android21", 0x7ffe843f6f58) = -1 ENOENT (No such file or directory)
1846902 gettid()                        = 1846902
1846902 stat("/home/shorty/Android/Sdk/ndk/25.2.9519653/toolchains/llvm/prebuilt/linux-x86_64/lib64/clang/14.0.7/lib/x86_64-unknown-linux-android", 0x7ffe843f6f58) = -1 ENOENT (No such file or directory)
1846902 stat("/home/shorty/Android/Sdk/ndk/25.2.9519653/toolchains/llvm/prebuilt/linux-x86_64/bin/../lib/x86_64-unknown-linux-android21", 0x7ffe843f6f58) = -1 ENOENT (No such file or directory)
1846902 stat("/home/shorty/Android/Sdk/ndk/25.2.9519653/toolchains/llvm/prebuilt/linux-x86_64/lib64/clang/14.0.7/lib/linux/x86_64", {st_mode=S_IFDIR|0755, st_size=122, ...}) = 0
1846902 access("/home/shorty/Android/Sdk/ndk/25.2.9519653/toolchains/llvm/prebuilt/linux-x86_64/bin/ptxas", R_OK|X_OK) = -1 ENOENT (No such file or directory)
1846902 access("/home/shorty/.yarn/bin/ptxas", R_OK|X_OK) = -1 ENOENT (No such file or directory)
1846902 access("/home/shorty/.nvm/versions/node/v22.14.0/bin/ptxas", R_OK|X_OK) = -1 ENOENT (No such file or directory)
1846902 access("/home/shorty/.cargo/bin/ptxas", R_OK|X_OK) = -1 ENOENT (No such file or directory)
1846902 access("/home/shorty/bin/ptxas", R_OK|X_OK) = -1 ENOENT (No such file or directory)
1846902 access("/home/shorty/.local/bin/ptxas", R_OK|X_OK) = -1 ENOENT (No such file or directory)
1846902 access("/usr/games/ptxas", R_OK|X_OK) = -1 ENOENT (No such file or directory)
1846902 access("/usr/lib64/qt-3.3/bin/ptxas", R_OK|X_OK) = -1 ENOENT (No such file or directory)
1846902 access("/usr/lib64/ccache/ptxas", R_OK|X_OK) = -1 ENOENT (No such file or directory)
1846902 access("/usr/local/bin/ptxas", R_OK|X_OK) = -1 ENOENT (No such file or directory)
1846902 access("/usr/bin/ptxas", R_OK|X_OK) = -1 ENOENT (No such file or directory)
1846902 access("/bin/ptxas", R_OK|X_OK) = -1 ENOENT (No such file or directory)
1846902 access("/usr/local/sbin/ptxas", R_OK|X_OK) = -1 ENOENT (No such file or directory)
1846902 access("/usr/sbin/ptxas", R_OK|X_OK) = -1 ENOENT (No such file or directory)
1846902 access("/sbin/ptxas", R_OK|X_OK) = -1 ENOENT (No such file or directory)
1846902 access("/home/shorty/.dotnet/tools/ptxas", R_OK|X_OK) = -1 ENOENT (No such file or directory)
1846902 gettid()                        = 1846902
1846902 openat(AT_FDCWD, "/etc/os-release", O_RDONLY|O_CLOEXEC) = 3
1846902 gettid()                        = 1846902
1846902 access("/proc/self/fd", R_OK)   = 0
1846902 readlink("/proc/self/fd/3", "/usr/lib/os-release", 4096) = 19
1846902 gettid()                        = 1846902
1846902 gettid()                        = 1846902
1846902 fstat(3, {st_mode=S_IFREG|0644, st_size=682, ...}) = 0
1846902 pread64(3, "NAME=\"Fedora Linux\"\nVERSION=\"41 "..., 682, 0) = 682
1846902 rt_sigprocmask(SIG_SETMASK, ~[RTMIN RT_1], [], 8) = 0
1846902 close(3)                        = 0
1846902 rt_sigprocmask(SIG_SETMASK, [], NULL, 8) = 0
1846902 stat("/usr/local/cuda", 0x7ffe843f6f08) = -1 ENOENT (No such file or directory)
1846902 stat("/usr/local/cuda-8.0", 0x7ffe843f6f08) = -1 ENOENT (No such file or directory)
1846902 stat("/usr/local/cuda-7.5", 0x7ffe843f6f08) = -1 ENOENT (No such file or directory)
1846902 stat("/usr/local/cuda-7.0", 0x7ffe843f6f08) = -1 ENOENT (No such file or directory)
1846902 readlink("/home", 0x7ffe843f5660, 1023) = -1 EINVAL (Invalid argument)
1846902 readlink("/home/shorty", 0x7ffe843f5660, 1023) = -1 EINVAL (Invalid argument)
1846902 readlink("/home/shorty/Android", 0x7ffe843f5660, 1023) = -1 EINVAL (Invalid argument)
1846902 readlink("/home/shorty/Android/Sdk", 0x7ffe843f5660, 1023) = -1 EINVAL (Invalid argument)
1846902 readlink("/home/shorty/Android/Sdk/ndk", 0x7ffe843f5660, 1023) = -1 EINVAL (Invalid argument)
1846902 readlink("/home/shorty/Android/Sdk/ndk/25.2.9519653", 0x7ffe843f5660, 1023) = -1 EINVAL (Invalid argument)
1846902 readlink("/home/shorty/Android/Sdk/ndk/25.2.9519653/toolchains", 0x7ffe843f5660, 1023) = -1 EINVAL (Invalid argument)
1846902 readlink("/home/shorty/Android/Sdk/ndk/25.2.9519653/toolchains/llvm", 0x7ffe843f5660, 1023) = -1 EINVAL (Invalid argument)
1846902 readlink("/home/shorty/Android/Sdk/ndk/25.2.9519653/toolchains/llvm/prebuilt", 0x7ffe843f5660, 1023) = -1 EINVAL (Invalid argument)
1846902 readlink("/home/shorty/Android/Sdk/ndk/25.2.9519653/toolchains/llvm/prebuilt/linux-x86_64", 0x7ffe843f5660, 1023) = -1 EINVAL (Invalid argument)
1846902 readlink("/home/shorty/Android/Sdk/ndk/25.2.9519653/toolchains/llvm/prebuilt/linux-x86_64/bin", 0x7ffe843f5660, 1023) = -1 EINVAL (Invalid argument)
1846902 readlink("/home/shorty/Android/Sdk/ndk/25.2.9519653/toolchains/llvm/prebuilt/linux-x86_64/bin/clang-14", 0x7ffe843f5660, 1023) = -1 EINVAL (Invalid argument)
1846902 openat(AT_FDCWD, "/opt", O_RDONLY|O_NONBLOCK|O_CLOEXEC|O_DIRECTORY) = 3
1846902 fstat(3, {st_mode=S_IFDIR|0755, st_size=68, ...}) = 0
1846902 getdents64(3, 0x13d32870 /* 7 entries */, 32768) = 208
1846902 getdents64(3, 0x13d32870 /* 0 entries */, 32768) = 0
1846902 close(3)                        = 0
1846902 stat("/home/shorty/Android/Sdk/ndk/25.2.9519653/toolchains/llvm/prebuilt/linux-x86_64", {st_mode=S_IFDIR|0755, st_size=374, ...}) = 0
1846902 openat(AT_FDCWD, "/home/shorty/Android/Sdk/ndk/25.2.9519653/toolchains/llvm/prebuilt/linux-x86_64/bin/.hipVersion", O_RDONLY|O_CLOEXEC) = -1 ENOENT (No such file or directory)
1846902 stat("/home/shorty/Android/Sdk/ndk/25.2.9519653/toolchains/llvm/prebuilt/linux-x86_64", {st_mode=S_IFDIR|0755, st_size=374, ...}) = 0
1846902 openat(AT_FDCWD, "/home/shorty/Android/Sdk/ndk/25.2.9519653/toolchains/llvm/prebuilt/linux-x86_64/bin/.hipVersion", O_RDONLY|O_CLOEXEC) = -1 ENOENT (No such file or directory)
1846902 stat("/home/shorty/Android/Sdk/ndk/25.2.9519653/toolchains/llvm/prebuilt/linux-x86_64/lib64/clang/14.0.7", {st_mode=S_IFDIR|0755, st_size=36, ...}) = 0
1846902 openat(AT_FDCWD, "/home/shorty/Android/Sdk/ndk/25.2.9519653/toolchains/llvm/prebuilt/linux-x86_64/lib64/clang/14.0.7/bin/.hipVersion", O_RDONLY|O_CLOEXEC) = -1 ENOENT (No such file or directory)
1846902 stat("/opt/rocm", 0x7ffe843f6cf8) = -1 ENOENT (No such file or directory)
1846902 stat("/etc/env.d/gcc", 0x7ffe843f6be8) = -1 ENOENT (No such file or directory)
1846902 stat("/home/shorty/Android/Sdk/ndk/25.2.9519653/toolchains/llvm/prebuilt/linux-x86_64/bin/..", {st_mode=S_IFDIR|0755, st_size=374, ...}) = 0
1846902 stat("/home/shorty/Android/Sdk/ndk/25.2.9519653/toolchains/llvm/prebuilt/linux-x86_64/bin/../lib64", {st_mode=S_IFDIR|0755, st_size=752, ...}) = 0
1846902 stat("/home/shorty/Android/Sdk/ndk/25.2.9519653/toolchains/llvm/prebuilt/linux-x86_64/bin/../lib64/gcc", 0x7ffe843f6be8) = -1 ENOENT (No such file or directory)
1846902 stat("/home/shorty/Android/Sdk/ndk/25.2.9519653/toolchains/llvm/prebuilt/linux-x86_64/bin/../lib64/gcc-cross", 0x7ffe843f6be8) = -1 ENOENT (No such file or directory)
1846902 stat("/home/shorty/Android/Sdk/ndk/25.2.9519653/toolchains/llvm/prebuilt/linux-x86_64/bin/../lib", {st_mode=S_IFDIR|0755, st_size=172, ...}) = 0
1846902 stat("/home/shorty/Android/Sdk/ndk/25.2.9519653/toolchains/llvm/prebuilt/linux-x86_64/bin/../lib/gcc", 0x7ffe843f6be8) = -1 ENOENT (No such file or directory)
1846902 stat("/home/shorty/Android/Sdk/ndk/25.2.9519653/toolchains/llvm/prebuilt/linux-x86_64/bin/../lib/gcc-cross", 0x7ffe843f6be8) = -1 ENOENT (No such file or directory)
1846902 stat("/home/shorty/Android/Sdk/ndk/25.2.9519653/toolchains/llvm/prebuilt/linux-x86_64/bin/../lib32", 0x7ffe843f6be8) = -1 ENOENT (No such file or directory)
1846902 stat("/home/shorty/Android/Sdk/ndk/25.2.9519653/toolchains/llvm/prebuilt/linux-x86_64/bin/../lib", {st_mode=S_IFDIR|0755, st_size=172, ...}) = 0
1846902 stat("/home/shorty/Android/Sdk/ndk/25.2.9519653/toolchains/llvm/prebuilt/linux-x86_64/bin/../lib/gcc", 0x7ffe843f6be8) = -1 ENOENT (No such file or directory)
1846902 stat("/home/shorty/Android/Sdk/ndk/25.2.9519653/toolchains/llvm/prebuilt/linux-x86_64/bin/../lib/gcc-cross", 0x7ffe843f6be8) = -1 ENOENT (No such file or directory)
1846902 stat("/opt/rh/gcc-toolset-10/root/usr", 0x7ffe843f6be8) = -1 ENOENT (No such file or directory)
1846902 stat("/opt/rh/devtoolset-10/root/usr", 0x7ffe843f6be8) = -1 ENOENT (No such file or directory)
1846902 stat("/opt/rh/devtoolset-9/root/usr", 0x7ffe843f6be8) = -1 ENOENT (No such file or directory)
1846902 stat("/opt/rh/devtoolset-8/root/usr", 0x7ffe843f6be8) = -1 ENOENT (No such file or directory)
1846902 stat("/opt/rh/devtoolset-7/root/usr", 0x7ffe843f6be8) = -1 ENOENT (No such file or directory)
1846902 stat("/opt/rh/devtoolset-6/root/usr", 0x7ffe843f6be8) = -1 ENOENT (No such file or directory)
1846902 stat("/opt/rh/devtoolset-4/root/usr", 0x7ffe843f6be8) = -1 ENOENT (No such file or directory)
1846902 stat("/opt/rh/devtoolset-3/root/usr", 0x7ffe843f6be8) = -1 ENOENT (No such file or directory)
1846902 stat("/opt/rh/devtoolset-2/root/usr", 0x7ffe843f6be8) = -1 ENOENT (No such file or directory)
1846902 stat("/usr", {st_mode=S_IFDIR|0755, st_size=228, ...}) = 0
1846902 stat("/usr/lib64", {st_mode=S_IFDIR|0555, st_size=227572, ...}) = 0
1846902 stat("/usr/lib64/gcc", 0x7ffe843f6be8) = -1 ENOENT (No such file or directory)
1846902 stat("/usr/lib64/gcc-cross", 0x7ffe843f6be8) = -1 ENOENT (No such file or directory)
1846902 stat("/usr/lib", {st_mode=S_IFDIR|0555, st_size=34628, ...}) = 0
1846902 stat("/usr/lib/gcc", {st_mode=S_IFDIR|0755, st_size=140, ...}) = 0
1846902 stat("/usr/lib/gcc-cross", 0x7ffe843f6be8) = -1 ENOENT (No such file or directory)
1846902 openat(AT_FDCWD, "/usr/lib/gcc/x86_64-unknown-linux-android21", O_RDONLY|O_NONBLOCK|O_CLOEXEC|O_DIRECTORY) = -1 ENOENT (No such file or directory)
1846902 openat(AT_FDCWD, "/usr/lib/gcc/x86_64-linux-android", O_RDONLY|O_NONBLOCK|O_CLOEXEC|O_DIRECTORY) = -1 ENOENT (No such file or directory)
1846902 stat("/usr/lib32", 0x7ffe843f6be8) = -1 ENOENT (No such file or directory)
1846902 stat("/usr/lib", {st_mode=S_IFDIR|0555, st_size=34628, ...}) = 0
1846902 stat("/usr/lib/gcc", {st_mode=S_IFDIR|0755, st_size=140, ...}) = 0
1846902 stat("/usr/lib/gcc-cross", 0x7ffe843f6be8) = -1 ENOENT (No such file or directory)
1846902 openat(AT_FDCWD, "/usr/lib/gcc/i686-linux-android", O_RDONLY|O_NONBLOCK|O_CLOEXEC|O_DIRECTORY) = -1 ENOENT (No such file or directory)
1846902 stat("/home/shorty/Android/Sdk/ndk/25.2.9519653/toolchains/llvm/prebuilt/linux-x86_64/bin/../sysroot", {st_mode=S_IFDIR|0755, st_size=18, ...}) = 0
1846902 stat("/home/shorty/Android/Sdk/ndk/25.2.9519653/toolchains/llvm/prebuilt/linux-x86_64/bin/../sysroot/lib/x86_64-linux-android", 0x7ffe843f71a8) = -1 ENOENT (No such file or directory)
1846902 stat("/home/shorty/Android/Sdk/ndk/25.2.9519653/toolchains/llvm/prebuilt/linux-x86_64/bin/../sysroot/lib/../lib64", 0x7ffe843f71a8) = -1 ENOENT (No such file or directory)
1846902 stat("/home/shorty/Android/Sdk/ndk/25.2.9519653/toolchains/llvm/prebuilt/linux-x86_64/bin/../sysroot/usr/lib/x86_64-linux-android/21", {st_mode=S_IFDIR|0755, st_size=526, ...}) = 0
1846902 stat("/home/shorty/Android/Sdk/ndk/25.2.9519653/toolchains/llvm/prebuilt/linux-x86_64/bin/../sysroot/usr/lib/x86_64-linux-android", {st_mode=S_IFDIR|0755, st_size=250, ...}) = 0
1846902 stat("/home/shorty/Android/Sdk/ndk/25.2.9519653/toolchains/llvm/prebuilt/linux-x86_64/bin/../sysroot/usr/lib/../lib64", 0x7ffe843f71a8) = -1 ENOENT (No such file or directory)
1846902 stat("/home/shorty/Android/Sdk/ndk/25.2.9519653/toolchains/llvm/prebuilt/linux-x86_64/bin/../sysroot/lib", 0x7ffe843f71a8) = -1 ENOENT (No such file or directory)
1846902 stat("/home/shorty/Android/Sdk/ndk/25.2.9519653/toolchains/llvm/prebuilt/linux-x86_64/bin/../sysroot/usr/lib", {st_mode=S_IFDIR|0755, st_size=160, ...}) = 0
1846902 stat("/dev/null", {st_mode=S_IFCHR|0666, st_rdev=makedev(0x1, 0x3), ...}) = 0
1846902 stat("/home/shorty/projects/external/love-android/love/src/jni/LuaJIT-2.1/src", {st_mode=S_IFDIR|0755, st_size=3556, ...}) = 0
1846902 stat(".", {st_mode=S_IFDIR|0755, st_size=3556, ...}) = 0
1846902 stat("/home/shorty/Android/Sdk/ndk/25.2.9519653/toolchains/llvm/prebuilt/linux-x86_64/bin/../sysroot", {st_mode=S_IFDIR|0755, st_size=18, ...}) = 0
1846902 stat("/home/shorty/Android/Sdk/ndk/25.2.9519653/toolchains/llvm/prebuilt/linux-x86_64/bin/../sysroot/usr/include/x86_64-linux-android", {st_mode=S_IFDIR|0755, st_size=6, ...}) = 0
1846902 stat("/home/shorty/projects/external/love-android/love/src/jni/LuaJIT-2.1/src", {st_mode=S_IFDIR|0755, st_size=3556, ...}) = 0
1846902 stat(".", {st_mode=S_IFDIR|0755, st_size=3556, ...}) = 0
1846902 ioctl(2, TCGETS, 0x7ffe843f6500) = -1 ENOTTY (Inappropriate ioctl for device)
1846902 gettid()                        = 1846902
1846902 prlimit64(0, RLIMIT_STACK, NULL, {rlim_cur=8192*1024, rlim_max=RLIM64_INFINITY}) = 0
1846902 prlimit64(0, RLIMIT_STACK, NULL, {rlim_cur=8192*1024, rlim_max=RLIM64_INFINITY}) = 0
1846902 openat(AT_FDCWD, "/proc/self/stat", O_RDONLY) = 3
1846902 fstat(3, {st_mode=S_IFREG|0444, st_size=0, ...}) = 0
1846902 read(3, "1846902 (clang) R 1846900 184686"..., 1024) = 309
1846902 close(3)                        = 0
1846902 gettid()                        = 1846902
1846902 gettid()                        = 1846902
1846902 gettid()                        = 1846902
1846902 gettid()                        = 1846902
1846902 mmap(NULL, 200704, PROT_READ|PROT_WRITE, MAP_PRIVATE|MAP_ANONYMOUS, -1, 0) = 0x7f143bd55000
1846902 brk(0x13d72000)                 = 0x13d72000
1846902 stat("/home/shorty/Android/Sdk/ndk/25.2.9519653/toolchains/llvm/prebuilt/linux-x86_64/lib64/clang/14.0.7/include", {st_mode=S_IFDIR|0755, st_size=4678, ...}) = 0
1846902 stat("/home/shorty/Android/Sdk/ndk/25.2.9519653/toolchains/llvm/prebuilt/linux-x86_64/bin/../sysroot/usr/local/include", {st_mode=S_IFDIR|0755, st_size=96, ...}) = 0
1846902 stat("/home/shorty/Android/Sdk/ndk/25.2.9519653/toolchains/llvm/prebuilt/linux-x86_64/bin/../sysroot/usr/include/x86_64-linux-android", {st_mode=S_IFDIR|0755, st_size=6, ...}) = 0
1846902 stat("/home/shorty/Android/Sdk/ndk/25.2.9519653/toolchains/llvm/prebuilt/linux-x86_64/bin/../sysroot/include", 0x7ffe843f60c8) = -1 ENOENT (No such file or directory)
1846902 stat("/home/shorty/Android/Sdk/ndk/25.2.9519653/toolchains/llvm/prebuilt/linux-x86_64/bin/../sysroot", {st_mode=S_IFDIR|0755, st_size=18, ...}) = 0
1846902 stat("/home/shorty/Android/Sdk/ndk/25.2.9519653/toolchains/llvm/prebuilt/linux-x86_64/bin/../sysroot/include", 0x7ffe843f6058) = -1 ENOENT (No such file or directory)
1846902 stat("/home/shorty/Android/Sdk/ndk/25.2.9519653/toolchains/llvm/prebuilt/linux-x86_64/bin/../sysroot/usr/include", {st_mode=S_IFDIR|0755, st_size=1734, ...}) = 0
1846902 stat("/dev", {st_mode=S_IFDIR|0755, st_size=4700, ...}) = 0
1846902 openat(AT_FDCWD, "/dev/null", O_RDONLY|O_CLOEXEC) = 3
1846902 readlink("/proc/self/fd/3", "/dev/null", 4096) = 9
1846902 fstat(3, {st_mode=S_IFCHR|0666, st_rdev=makedev(0x1, 0x3), ...}) = 0
1846902 gettid()                        = 1846902
1846902 stat("/dev/null", {st_mode=S_IFCHR|0666, st_rdev=makedev(0x1, 0x3), ...}) = 0
1846902 access("/dev/null", W_OK)       = 0
1846902 openat(AT_FDCWD, "/dev/null", O_WRONLY|O_CREAT|O_TRUNC|O_CLOEXEC, 0666) = 4
1846902 lseek(4, 0, SEEK_CUR)           = 0
1846902 fstat(4, {st_mode=S_IFCHR|0666, st_rdev=makedev(0x1, 0x3), ...}) = 0
1846902 brk(0x13d93000)                 = 0x13d93000
1846902 brk(0x13db4000)                 = 0x13db4000
1846902 rt_sigprocmask(SIG_SETMASK, ~[RTMIN RT_1], [], 8) = 0
1846902 close(3)                        = 0
1846902 rt_sigprocmask(SIG_SETMASK, [], NULL, 8) = 0
1846902 brk(0x13dd5000)                 = 0x13dd5000
1846902 brk(0x13df6000)                 = 0x13df6000
1846902 brk(0x13e17000)                 = 0x13e17000
1846902 fstat(4, {st_mode=S_IFCHR|0666, st_rdev=makedev(0x1, 0x3), ...}) = 0
1846902 ioctl(4, TCGETS, 0x7ffe843f3f40) = -1 ENOTTY (Inappropriate ioctl for device)
1846902 write(4, "\177ELF\2\1\1\0\0\0\0\0\0\0\0\0\1\0>\0\1\0\0\0\0\0\0\0\0\0\0\0"..., 712) = 712
1846902 lseek(4, 40, SEEK_SET)          = 0
1846902 write(4, "H\1\0\0\0\0\0\0", 8)  = 8
1846902 lseek(4, 712, SEEK_SET)         = 0
1846902 lseek(4, 60, SEEK_SET)          = 0
1846902 write(4, "\6\0", 2)             = 2
1846902 lseek(4, 0, SEEK_SET)           = 0
1846902 rt_sigprocmask(SIG_SETMASK, ~[RTMIN RT_1], [], 8) = 0
1846902 close(4)                        = 0
1846902 rt_sigprocmask(SIG_SETMASK, [], NULL, 8) = 0
1846902 exit_group(0)                   = ?
1846902 +++ exited with 0 +++
1846900 <... wait4 resumed>[{WIFEXITED(s) && WEXITSTATUS(s) == 0}], 0, NULL) = 1846902
1846900 rt_sigaction(SIGINT, {sa_handler=SIG_DFL, sa_mask=[], sa_flags=SA_RESTORER, sa_restorer=0x7fca46f01050}, {sa_handler=0x564118dab580, sa_mask=[], sa_flags=SA_RESTORER, sa_restorer=0x7fca46f01050}, 8) = 0
1846900 ioctl(2, TIOCGWINSZ, 0x7fffd8bc3070) = -1 ENOTTY (Inappropriate ioctl for device)
1846900 rt_sigprocmask(SIG_SETMASK, [], NULL, 8) = 0
1846900 --- SIGCHLD {si_signo=SIGCHLD, si_code=CLD_EXITED, si_pid=1846902, si_uid=1000, si_status=0, si_utime=0, si_stime=1 /* 0.01 s */} ---
1846900 wait4(-1, 0x7fffd8bc2290, WNOHANG, NULL) = -1 ECHILD (No child processes)
1846900 rt_sigreturn({mask=[]})         = 0
1846900 read(255, "", 192)              = 0
1846900 rt_sigprocmask(SIG_BLOCK, [CHLD], [], 8) = 0
1846900 rt_sigprocmask(SIG_SETMASK, [], NULL, 8) = 0
1846900 exit_group(0)                   = ?
1846900 +++ exited with 0 +++
1846899 <... wait4 resumed>[{WIFEXITED(s) && WEXITSTATUS(s) == 0}], 0, NULL) = 1846900
1846899 rt_sigaction(SIGINT, {sa_handler=SIG_DFL, sa_mask=[], sa_flags=SA_RESTORER, sa_restorer=0x7fb657cfc050}, {sa_handler=0x5623ab36a580, sa_mask=[], sa_flags=SA_RESTORER, sa_restorer=0x7fb657cfc050}, 8) = 0
1846899 ioctl(2, TIOCGWINSZ, {ws_row=24, ws_col=222, ws_xpixel=1776, ws_ypixel=449}) = 0
1846899 rt_sigprocmask(SIG_SETMASK, [], NULL, 8) = 0
1846899 --- SIGCHLD {si_signo=SIGCHLD, si_code=CLD_EXITED, si_pid=1846900, si_uid=1000, si_status=0, si_utime=0, si_stime=0} ---
1846899 wait4(-1, 0x7ffee6aefa10, WNOHANG, NULL) = -1 ECHILD (No child processes)
1846899 rt_sigreturn({mask=[]})         = 0
1846899 rt_sigprocmask(SIG_BLOCK, [CHLD], [], 8) = 0
1846899 rt_sigprocmask(SIG_SETMASK, [], NULL, 8) = 0
1846899 exit_group(0)                   = ?
1846899 +++ exited with 0 +++
1846894 <... read resumed>"", 200)      = 0
1846894 close(6)                        = 0
1846894 wait4(-1, [{WIFEXITED(s) && WEXITSTATUS(s) == 0}], 0, NULL) = 1846899
1846894 read(5, "ARGET_DYLIBPATH) -compatibility_"..., 4096) = 4096
1846894 pipe2([6, 7], 0)                = 0
1846894 fcntl(7, F_GETFD)               = 0
1846894 fcntl(7, F_SETFD, FD_CLOEXEC)   = 0
1846894 fcntl(6, F_GETFD)               = 0
1846894 fcntl(6, F_SETFD, FD_CLOEXEC)   = 0
1846894 prlimit64(0, RLIMIT_NOFILE, NULL, {rlim_cur=1024, rlim_max=1024*1024}) = 0
1846894 prlimit64(0, RLIMIT_NOFILE, NULL, {rlim_cur=1024, rlim_max=1024*1024}) = 0
1846894 newfstatat(AT_FDCWD, "/bin/sh", {st_mode=S_IFREG|0755, st_size=1414688, ...}, 0) = 0
1846894 geteuid()                       = 1000
1846894 getegid()                       = 1000
1846894 getuid()                        = 1000
1846894 getgid()                        = 1000
1846894 access("/bin/sh", X_OK)         = 0
1846894 newfstatat(AT_FDCWD, "/bin/sh", {st_mode=S_IFREG|0755, st_size=1414688, ...}, 0) = 0
1846894 mmap(NULL, 36864, PROT_READ|PROT_WRITE, MAP_PRIVATE|MAP_ANONYMOUS|MAP_STACK, -1, 0) = 0x7f23e5a02000
1846894 rt_sigprocmask(SIG_BLOCK, ~[], [CHLD], 8) = 0
1846894 clone3({flags=CLONE_VM|CLONE_VFORK|CLONE_CLEAR_SIGHAND, exit_signal=SIGCHLD, stack=0x7f23e5a02000, stack_size=0x9000}, 88 <unfinished ...>
1846903 rt_sigprocmask(SIG_BLOCK, NULL, ~[KILL STOP], 8) = 0
1846903 dup2(7, 1)                      = 1
1846903 rt_sigprocmask(SIG_SETMASK, [], NULL, 8) = 0
1846903 execve("/bin/sh", ["/bin/sh", "-c", "exec 2>/dev/null; echo 'extern v"...], 0x5567e6ff8430 /* 113 vars */ <unfinished ...>
1846894 <... clone3 resumed>)           = 1846903
1846894 munmap(0x7f23e5a02000, 36864 <unfinished ...>
1846903 <... execve resumed>)           = 0
1846903 brk(NULL <unfinished ...>
1846894 <... munmap resumed>)           = 0
1846903 <... brk resumed>)              = 0x5591cf922000
1846894 rt_sigprocmask(SIG_SETMASK, [CHLD], NULL, 8) = 0
1846903 access("/etc/ld.so.preload", R_OK <unfinished ...>
1846894 close(7 <unfinished ...>
1846903 <... access resumed>)           = -1 ENOENT (No such file or directory)
1846903 openat(AT_FDCWD, "/etc/ld.so.cache", O_RDONLY|O_CLOEXEC <unfinished ...>
1846894 <... close resumed>)            = 0
1846903 <... openat resumed>)           = 3
1846903 fstat(3, {st_mode=S_IFREG|0644, st_size=171419, ...}) = 0
1846894 read(6,  <unfinished ...>
1846903 mmap(NULL, 171419, PROT_READ, MAP_PRIVATE, 3, 0) = 0x7f0e20fce000
1846903 close(3)                        = 0
1846903 mmap(NULL, 8192, PROT_READ|PROT_WRITE, MAP_PRIVATE|MAP_ANONYMOUS, -1, 0) = 0x7f0e20fcc000
1846903 openat(AT_FDCWD, "/lib64/libtinfo.so.6", O_RDONLY|O_CLOEXEC) = 3
1846903 read(3, "\177ELF\2\1\1\0\0\0\0\0\0\0\0\0\3\0>\0\1\0\0\0\0\0\0\0\0\0\0\0"..., 832) = 832
1846903 fstat(3, {st_mode=S_IFREG|0755, st_size=187416, ...}) = 0
1846903 mmap(NULL, 186656, PROT_READ, MAP_PRIVATE|MAP_DENYWRITE, 3, 0) = 0x7f0e20f9e000
1846903 mmap(0x7f0e20fa4000, 86016, PROT_READ|PROT_EXEC, MAP_PRIVATE|MAP_FIXED|MAP_DENYWRITE, 3, 0x6000) = 0x7f0e20fa4000
1846903 mmap(0x7f0e20fb9000, 57344, PROT_READ, MAP_PRIVATE|MAP_FIXED|MAP_DENYWRITE, 3, 0x1b000) = 0x7f0e20fb9000
1846903 mmap(0x7f0e20fc7000, 20480, PROT_READ|PROT_WRITE, MAP_PRIVATE|MAP_FIXED|MAP_DENYWRITE, 3, 0x28000) = 0x7f0e20fc7000
1846903 close(3)                        = 0
1846903 openat(AT_FDCWD, "/lib64/libc.so.6", O_RDONLY|O_CLOEXEC) = 3
1846903 read(3, "\177ELF\2\1\1\3\0\0\0\0\0\0\0\0\3\0>\0\1\0\0\0 4\0\0\0\0\0\0"..., 832) = 832
1846903 pread64(3, "\6\0\0\0\4\0\0\0@\0\0\0\0\0\0\0@\0\0\0\0\0\0\0@\0\0\0\0\0\0\0"..., 784, 64) = 784
1846903 fstat(3, {st_mode=S_IFREG|0755, st_size=2454144, ...}) = 0
1846903 pread64(3, "\6\0\0\0\4\0\0\0@\0\0\0\0\0\0\0@\0\0\0\0\0\0\0@\0\0\0\0\0\0\0"..., 784, 64) = 784
1846903 mmap(NULL, 2042904, PROT_READ, MAP_PRIVATE|MAP_DENYWRITE, 3, 0) = 0x7f0e20dab000
1846903 mmap(0x7f0e20dac000, 1503232, PROT_READ|PROT_EXEC, MAP_PRIVATE|MAP_FIXED|MAP_DENYWRITE, 3, 0x1000) = 0x7f0e20dac000
1846903 mmap(0x7f0e20f1b000, 479232, PROT_READ, MAP_PRIVATE|MAP_FIXED|MAP_DENYWRITE, 3, 0x170000) = 0x7f0e20f1b000
1846903 mmap(0x7f0e20f90000, 24576, PROT_READ|PROT_WRITE, MAP_PRIVATE|MAP_FIXED|MAP_DENYWRITE, 3, 0x1e5000) = 0x7f0e20f90000
1846903 mmap(0x7f0e20f96000, 31768, PROT_READ|PROT_WRITE, MAP_PRIVATE|MAP_FIXED|MAP_ANONYMOUS, -1, 0) = 0x7f0e20f96000
1846903 close(3)                        = 0
1846903 mmap(NULL, 12288, PROT_READ|PROT_WRITE, MAP_PRIVATE|MAP_ANONYMOUS, -1, 0) = 0x7f0e20da8000
1846903 arch_prctl(ARCH_SET_FS, 0x7f0e20da8740) = 0
1846903 set_tid_address(0x7f0e20da8a10) = 1846903
1846903 set_robust_list(0x7f0e20da8a20, 24) = 0
1846903 rseq(0x7f0e20da9060, 0x20, 0, 0x53053053) = 0
1846903 mprotect(0x7f0e20f90000, 16384, PROT_READ) = 0
1846903 mprotect(0x7f0e20fc7000, 16384, PROT_READ) = 0
1846903 mprotect(0x5591bd439000, 16384, PROT_READ) = 0
1846903 mprotect(0x7f0e21033000, 8192, PROT_READ) = 0
1846903 prlimit64(0, RLIMIT_STACK, NULL, {rlim_cur=8192*1024, rlim_max=RLIM64_INFINITY}) = 0
1846903 munmap(0x7f0e20fce000, 171419)  = 0
1846903 openat(AT_FDCWD, "/dev/tty", O_RDWR|O_NONBLOCK) = 3
1846903 close(3)                        = 0
1846903 getrandom("\xd3\x4e\x4c\x02\x9f\x53\x1e\x4a", 8, GRND_NONBLOCK) = 8
1846903 brk(NULL)                       = 0x5591cf922000
1846903 brk(0x5591cf943000)             = 0x5591cf943000
1846903 openat(AT_FDCWD, "/usr/lib/locale/locale-archive", O_RDONLY|O_CLOEXEC) = 3
1846903 fstat(3, {st_mode=S_IFREG|0644, st_size=232351648, ...}) = 0
1846903 mmap(NULL, 232351648, PROT_READ, MAP_PRIVATE, 3, 0) = 0x7f0e13000000
1846903 close(3)                        = 0
1846903 openat(AT_FDCWD, "/usr/lib64/gconv/gconv-modules.cache", O_RDONLY|O_CLOEXEC) = 3
1846903 fstat(3, {st_mode=S_IFREG|0644, st_size=27012, ...}) = 0
1846903 mmap(NULL, 27012, PROT_READ, MAP_SHARED, 3, 0) = 0x7f0e20ff1000
1846903 close(3)                        = 0
1846903 futex(0x7f0e20f9572c, FUTEX_WAKE_PRIVATE, 2147483647) = 0
1846903 getuid()                        = 1000
1846903 getgid()                        = 1000
1846903 geteuid()                       = 1000
1846903 getegid()                       = 1000
1846903 rt_sigprocmask(SIG_BLOCK, NULL, [], 8) = 0
1846903 rt_sigaction(SIGCHLD, {sa_handler=SIG_DFL, sa_mask=[], sa_flags=SA_RESTORER|SA_RESTART, sa_restorer=0x7f0e20dc5050}, {sa_handler=SIG_DFL, sa_mask=[], sa_flags=0}, 8) = 0
1846903 rt_sigaction(SIGCHLD, {sa_handler=SIG_DFL, sa_mask=[], sa_flags=SA_RESTORER|SA_RESTART, sa_restorer=0x7f0e20dc5050}, {sa_handler=SIG_DFL, sa_mask=[], sa_flags=SA_RESTORER|SA_RESTART, sa_restorer=0x7f0e20dc5050}, 8) = 0
1846903 rt_sigaction(SIGINT, {sa_handler=SIG_DFL, sa_mask=[], sa_flags=SA_RESTORER, sa_restorer=0x7f0e20dc5050}, {sa_handler=SIG_DFL, sa_mask=[], sa_flags=0}, 8) = 0
1846903 rt_sigaction(SIGINT, {sa_handler=SIG_DFL, sa_mask=[], sa_flags=SA_RESTORER, sa_restorer=0x7f0e20dc5050}, {sa_handler=SIG_DFL, sa_mask=[], sa_flags=SA_RESTORER, sa_restorer=0x7f0e20dc5050}, 8) = 0
1846903 rt_sigaction(SIGQUIT, {sa_handler=SIG_DFL, sa_mask=[], sa_flags=SA_RESTORER, sa_restorer=0x7f0e20dc5050}, {sa_handler=SIG_DFL, sa_mask=[], sa_flags=0}, 8) = 0
1846903 rt_sigaction(SIGQUIT, {sa_handler=SIG_DFL, sa_mask=[], sa_flags=SA_RESTORER, sa_restorer=0x7f0e20dc5050}, {sa_handler=SIG_DFL, sa_mask=[], sa_flags=SA_RESTORER, sa_restorer=0x7f0e20dc5050}, 8) = 0
1846903 rt_sigaction(SIGTSTP, {sa_handler=SIG_DFL, sa_mask=[], sa_flags=SA_RESTORER, sa_restorer=0x7f0e20dc5050}, {sa_handler=SIG_DFL, sa_mask=[], sa_flags=0}, 8) = 0
1846903 rt_sigaction(SIGTSTP, {sa_handler=SIG_DFL, sa_mask=[], sa_flags=SA_RESTORER, sa_restorer=0x7f0e20dc5050}, {sa_handler=SIG_DFL, sa_mask=[], sa_flags=SA_RESTORER, sa_restorer=0x7f0e20dc5050}, 8) = 0
1846903 rt_sigaction(SIGTTIN, {sa_handler=SIG_DFL, sa_mask=[], sa_flags=SA_RESTORER, sa_restorer=0x7f0e20dc5050}, {sa_handler=SIG_DFL, sa_mask=[], sa_flags=0}, 8) = 0
1846903 rt_sigaction(SIGTTIN, {sa_handler=SIG_DFL, sa_mask=[], sa_flags=SA_RESTORER, sa_restorer=0x7f0e20dc5050}, {sa_handler=SIG_DFL, sa_mask=[], sa_flags=SA_RESTORER, sa_restorer=0x7f0e20dc5050}, 8) = 0
1846903 rt_sigaction(SIGTTOU, {sa_handler=SIG_DFL, sa_mask=[], sa_flags=SA_RESTORER, sa_restorer=0x7f0e20dc5050}, {sa_handler=SIG_DFL, sa_mask=[], sa_flags=0}, 8) = 0
1846903 rt_sigaction(SIGTTOU, {sa_handler=SIG_DFL, sa_mask=[], sa_flags=SA_RESTORER, sa_restorer=0x7f0e20dc5050}, {sa_handler=SIG_DFL, sa_mask=[], sa_flags=SA_RESTORER, sa_restorer=0x7f0e20dc5050}, 8) = 0
1846903 rt_sigprocmask(SIG_BLOCK, NULL, [], 8) = 0
1846903 rt_sigaction(SIGQUIT, {sa_handler=SIG_IGN, sa_mask=[], sa_flags=SA_RESTORER, sa_restorer=0x7f0e20dc5050}, {sa_handler=SIG_DFL, sa_mask=[], sa_flags=SA_RESTORER, sa_restorer=0x7f0e20dc5050}, 8) = 0
1846903 uname({sysname="Linux", nodename="Shorty-Laptop", ...}) = 0
1846903 newfstatat(AT_FDCWD, "/home/shorty/projects/external/love-android/love/src/jni/LuaJIT-2.1/src", {st_mode=S_IFDIR|0755, st_size=3556, ...}, 0) = 0
1846903 newfstatat(AT_FDCWD, ".", {st_mode=S_IFDIR|0755, st_size=3556, ...}, 0) = 0
1846903 newfstatat(AT_FDCWD, "/home", {st_mode=S_IFDIR|0755, st_size=12, ...}, 0) = 0
1846903 newfstatat(AT_FDCWD, "/home/shorty", {st_mode=S_IFDIR|0750, st_size=7224, ...}, 0) = 0
1846903 newfstatat(AT_FDCWD, "/home/shorty/projects", {st_mode=S_IFDIR|0755, st_size=2500, ...}, 0) = 0
1846903 newfstatat(AT_FDCWD, "/home/shorty/projects/external", {st_mode=S_IFDIR|0755, st_size=1214, ...}, 0) = 0
1846903 newfstatat(AT_FDCWD, "/home/shorty/projects/external/love-android", {st_mode=S_IFDIR|0755, st_size=504, ...}, 0) = 0
1846903 newfstatat(AT_FDCWD, "/home/shorty/projects/external/love-android/love", {st_mode=S_IFDIR|0755, st_size=76, ...}, 0) = 0
1846903 newfstatat(AT_FDCWD, "/home/shorty/projects/external/love-android/love/src", {st_mode=S_IFDIR|0755, st_size=36, ...}, 0) = 0
1846903 newfstatat(AT_FDCWD, "/home/shorty/projects/external/love-android/love/src/jni", {st_mode=S_IFDIR|0755, st_size=538, ...}, 0) = 0
1846903 newfstatat(AT_FDCWD, "/home/shorty/projects/external/love-android/love/src/jni/LuaJIT-2.1", {st_mode=S_IFDIR|0755, st_size=274, ...}, 0) = 0
1846903 newfstatat(AT_FDCWD, "/home/shorty/projects/external/love-android/love/src/jni/LuaJIT-2.1/src", {st_mode=S_IFDIR|0755, st_size=3556, ...}, 0) = 0
1846903 getpid()                        = 1846903
1846903 getppid()                       = 1846894
1846903 getpid()                        = 1846903
1846903 getppid()                       = 1846894
1846903 getpid()                        = 1846903
1846903 getppid()                       = 1846894
1846903 getpgrp()                       = 1846868
1846903 ioctl(2, TIOCGPGRP, [1846868])  = 0
1846903 rt_sigaction(SIGCHLD, {sa_handler=0x5591bd328140, sa_mask=[], sa_flags=SA_RESTORER|SA_RESTART, sa_restorer=0x7f0e20dc5050}, {sa_handler=SIG_DFL, sa_mask=[], sa_flags=SA_RESTORER|SA_RESTART, sa_restorer=0x7f0e20dc5050}, 8) = 0
1846903 prlimit64(0, RLIMIT_NPROC, NULL, {rlim_cur=126640, rlim_max=126640}) = 0
1846903 rt_sigprocmask(SIG_BLOCK, NULL, [], 8) = 0
1846903 rt_sigprocmask(SIG_BLOCK, NULL, [], 8) = 0
1846903 openat(AT_FDCWD, "/dev/null", O_WRONLY|O_CREAT|O_TRUNC, 0666) = 3
1846903 fcntl(2, F_GETFD)               = 0
1846903 fcntl(2, F_DUPFD, 10)           = 10
1846903 fcntl(2, F_GETFD)               = 0
1846903 fcntl(10, F_SETFD, FD_CLOEXEC)  = 0
1846903 dup2(3, 2)                      = 2
1846903 close(3)                        = 0
1846903 close(10)                       = 0
1846903 rt_sigprocmask(SIG_BLOCK, [CHLD], [], 8) = 0
1846903 fcntl(0, F_GETFD)               = 0
1846903 pipe2([3, 4], 0)                = 0
1846903 rt_sigprocmask(SIG_BLOCK, NULL, [CHLD], 8) = 0
1846903 rt_sigprocmask(SIG_BLOCK, [INT TERM CHLD], [CHLD], 8) = 0
1846903 clone(child_stack=NULL, flags=CLONE_CHILD_CLEARTID|CLONE_CHILD_SETTID|SIGCHLD, child_tidptr=0x7f0e20da8a10) = 1846904
1846903 rt_sigprocmask(SIG_SETMASK, [CHLD], NULL, 8) = 0
1846903 close(4 <unfinished ...>
1846904 set_robust_list(0x7f0e20da8a20, 24 <unfinished ...>
1846903 <... close resumed>)            = 0
1846904 <... set_robust_list resumed>)  = 0
1846903 close(4)                        = -1 EBADF (Bad file descriptor)
1846904 getpid()                        = 1846904
1846903 rt_sigprocmask(SIG_BLOCK, NULL, [CHLD], 8) = 0
1846904 rt_sigprocmask(SIG_SETMASK, [],  <unfinished ...>
1846903 rt_sigprocmask(SIG_BLOCK, [INT TERM CHLD],  <unfinished ...>
1846904 <... rt_sigprocmask resumed>NULL, 8) = 0
1846903 <... rt_sigprocmask resumed>[CHLD], 8) = 0
1846904 rt_sigaction(SIGTSTP, {sa_handler=SIG_DFL, sa_mask=[], sa_flags=SA_RESTORER, sa_restorer=0x7f0e20dc5050},  <unfinished ...>
1846903 clone(child_stack=NULL, flags=CLONE_CHILD_CLEARTID|CLONE_CHILD_SETTID|SIGCHLD <unfinished ...>
1846904 <... rt_sigaction resumed>{sa_handler=SIG_DFL, sa_mask=[], sa_flags=SA_RESTORER, sa_restorer=0x7f0e20dc5050}, 8) = 0
1846904 rt_sigaction(SIGTTIN, {sa_handler=SIG_DFL, sa_mask=[], sa_flags=SA_RESTORER, sa_restorer=0x7f0e20dc5050}, {sa_handler=SIG_DFL, sa_mask=[], sa_flags=SA_RESTORER, sa_restorer=0x7f0e20dc5050}, 8) = 0
1846904 rt_sigaction(SIGTTOU, {sa_handler=SIG_DFL, sa_mask=[], sa_flags=SA_RESTORER, sa_restorer=0x7f0e20dc5050}, {sa_handler=SIG_DFL, sa_mask=[], sa_flags=SA_RESTORER, sa_restorer=0x7f0e20dc5050}, 8) = 0
1846904 close(3 <unfinished ...>
1846903 <... clone resumed>, child_tidptr=0x7f0e20da8a10) = 1846905
1846904 <... close resumed>)            = 0
1846905 set_robust_list(0x7f0e20da8a20, 24 <unfinished ...>
1846904 dup2(4, 1)                      = 1
1846903 rt_sigprocmask(SIG_SETMASK, [CHLD],  <unfinished ...>
1846904 close(4 <unfinished ...>
1846903 <... rt_sigprocmask resumed>NULL, 8) = 0
1846905 <... set_robust_list resumed>)  = 0
1846904 <... close resumed>)            = 0
1846903 close(3)                        = 0
1846903 rt_sigprocmask(SIG_BLOCK, [CHLD],  <unfinished ...>
1846905 getpid( <unfinished ...>
1846903 <... rt_sigprocmask resumed>[CHLD], 8) = 0
1846905 <... getpid resumed>)           = 1846905
1846904 rt_sigaction(SIGINT, {sa_handler=SIG_DFL, sa_mask=[], sa_flags=SA_RESTORER, sa_restorer=0x7f0e20dc5050},  <unfinished ...>
1846905 rt_sigprocmask(SIG_SETMASK, [],  <unfinished ...>
1846903 rt_sigprocmask(SIG_SETMASK, [CHLD],  <unfinished ...>
1846905 <... rt_sigprocmask resumed>NULL, 8) = 0
1846904 <... rt_sigaction resumed>{sa_handler=SIG_DFL, sa_mask=[], sa_flags=SA_RESTORER, sa_restorer=0x7f0e20dc5050}, 8) = 0
1846905 rt_sigaction(SIGTSTP, {sa_handler=SIG_DFL, sa_mask=[], sa_flags=SA_RESTORER, sa_restorer=0x7f0e20dc5050},  <unfinished ...>
1846903 <... rt_sigprocmask resumed>NULL, 8) = 0
1846905 <... rt_sigaction resumed>{sa_handler=SIG_DFL, sa_mask=[], sa_flags=SA_RESTORER, sa_restorer=0x7f0e20dc5050}, 8) = 0
1846904 rt_sigaction(SIGQUIT, {sa_handler=SIG_DFL, sa_mask=[], sa_flags=SA_RESTORER, sa_restorer=0x7f0e20dc5050},  <unfinished ...>
1846905 rt_sigaction(SIGTTIN, {sa_handler=SIG_DFL, sa_mask=[], sa_flags=SA_RESTORER, sa_restorer=0x7f0e20dc5050},  <unfinished ...>
1846903 rt_sigprocmask(SIG_BLOCK, [CHLD],  <unfinished ...>
1846905 <... rt_sigaction resumed>{sa_handler=SIG_DFL, sa_mask=[], sa_flags=SA_RESTORER, sa_restorer=0x7f0e20dc5050}, 8) = 0
1846904 <... rt_sigaction resumed>{sa_handler=SIG_IGN, sa_mask=[], sa_flags=SA_RESTORER, sa_restorer=0x7f0e20dc5050}, 8) = 0
1846905 rt_sigaction(SIGTTOU, {sa_handler=SIG_DFL, sa_mask=[], sa_flags=SA_RESTORER, sa_restorer=0x7f0e20dc5050},  <unfinished ...>
1846903 <... rt_sigprocmask resumed>[CHLD], 8) = 0
1846905 <... rt_sigaction resumed>{sa_handler=SIG_DFL, sa_mask=[], sa_flags=SA_RESTORER, sa_restorer=0x7f0e20dc5050}, 8) = 0
1846904 rt_sigaction(SIGCHLD, {sa_handler=SIG_DFL, sa_mask=[], sa_flags=SA_RESTORER|SA_RESTART, sa_restorer=0x7f0e20dc5050},  <unfinished ...>
1846905 dup2(3, 0 <unfinished ...>
1846903 rt_sigaction(SIGINT, {sa_handler=0x5591bd32b580, sa_mask=[], sa_flags=SA_RESTORER, sa_restorer=0x7f0e20dc5050},  <unfinished ...>
1846905 <... dup2 resumed>)             = 0
1846904 <... rt_sigaction resumed>{sa_handler=0x5591bd328140, sa_mask=[], sa_flags=SA_RESTORER|SA_RESTART, sa_restorer=0x7f0e20dc5050}, 8) = 0
1846905 close(3 <unfinished ...>
1846903 <... rt_sigaction resumed>{sa_handler=SIG_DFL, sa_mask=[], sa_flags=SA_RESTORER, sa_restorer=0x7f0e20dc5050}, 8) = 0
1846905 <... close resumed>)            = 0
1846904 rt_sigprocmask(SIG_BLOCK, [CHLD],  <unfinished ...>
1846903 wait4(-1,  <unfinished ...>
1846904 <... rt_sigprocmask resumed>[], 8) = 0
1846904 rt_sigprocmask(SIG_SETMASK, [],  <unfinished ...>
1846905 newfstatat(AT_FDCWD, ".",  <unfinished ...>
1846904 <... rt_sigprocmask resumed>NULL, 8) = 0
1846905 <... newfstatat resumed>{st_mode=S_IFDIR|0755, st_size=3556, ...}, 0) = 0
1846904 rt_sigaction(SIGCHLD, {sa_handler=0x5591bd328140, sa_mask=[], sa_flags=SA_RESTORER|SA_RESTART, sa_restorer=0x7f0e20dc5050},  <unfinished ...>
1846905 newfstatat(AT_FDCWD, "/home/shorty/Android/Sdk/ndk/25.2.9519653/toolchains/llvm/prebuilt/linux-x86_64/bin/x86_64-linux-android21-clang",  <unfinished ...>
1846904 <... rt_sigaction resumed>{sa_handler=SIG_DFL, sa_mask=[], sa_flags=SA_RESTORER|SA_RESTART, sa_restorer=0x7f0e20dc5050}, 8) = 0
1846905 <... newfstatat resumed>{st_mode=S_IFREG|0755, st_size=192, ...}, 0) = 0
1846904 rt_sigaction(SIGINT, {sa_handler=0x5591bd351bd0, sa_mask=[], sa_flags=SA_RESTORER, sa_restorer=0x7f0e20dc5050},  <unfinished ...>
1846905 newfstatat(AT_FDCWD, "/home/shorty/Android/Sdk/ndk/25.2.9519653/toolchains/llvm/prebuilt/linux-x86_64/bin/x86_64-linux-android21-clang",  <unfinished ...>
1846904 <... rt_sigaction resumed>{sa_handler=SIG_DFL, sa_mask=[], sa_flags=SA_RESTORER, sa_restorer=0x7f0e20dc5050}, 8) = 0
1846905 <... newfstatat resumed>{st_mode=S_IFREG|0755, st_size=192, ...}, 0) = 0
1846905 geteuid( <unfinished ...>
1846904 fstat(1,  <unfinished ...>
1846905 <... geteuid resumed>)          = 1000
1846904 <... fstat resumed>{st_mode=S_IFIFO|0600, st_size=0, ...}) = 0
1846905 getegid()                       = 1000
1846904 write(1, "extern void b(void);int a(void){"..., 47 <unfinished ...>
1846905 getuid()                        = 1000
1846904 <... write resumed>)            = 47
1846905 getgid()                        = 1000
1846905 access("/home/shorty/Android/Sdk/ndk/25.2.9519653/toolchains/llvm/prebuilt/linux-x86_64/bin/x86_64-linux-android21-clang", X_OK <unfinished ...>
1846904 exit_group(0 <unfinished ...>
1846905 <... access resumed>)           = 0
1846904 <... exit_group resumed>)       = ?
1846905 newfstatat(AT_FDCWD, "/home/shorty/Android/Sdk/ndk/25.2.9519653/toolchains/llvm/prebuilt/linux-x86_64/bin/x86_64-linux-android21-clang", {st_mode=S_IFREG|0755, st_size=192, ...}, 0) = 0
1846905 geteuid()                       = 1000
1846905 getegid()                       = 1000
1846905 getuid()                        = 1000
1846904 +++ exited with 0 +++
1846905 getgid( <unfinished ...>
1846903 <... wait4 resumed>[{WIFEXITED(s) && WEXITSTATUS(s) == 0}], 0, NULL) = 1846904
1846905 <... getgid resumed>)           = 1000
1846903 wait4(-1,  <unfinished ...>
1846905 access("/home/shorty/Android/Sdk/ndk/25.2.9519653/toolchains/llvm/prebuilt/linux-x86_64/bin/x86_64-linux-android21-clang", R_OK) = 0
1846905 rt_sigaction(SIGINT, {sa_handler=SIG_DFL, sa_mask=[], sa_flags=SA_RESTORER, sa_restorer=0x7f0e20dc5050}, {sa_handler=SIG_DFL, sa_mask=[], sa_flags=SA_RESTORER, sa_restorer=0x7f0e20dc5050}, 8) = 0
1846905 rt_sigaction(SIGQUIT, {sa_handler=SIG_DFL, sa_mask=[], sa_flags=SA_RESTORER, sa_restorer=0x7f0e20dc5050}, {sa_handler=SIG_IGN, sa_mask=[], sa_flags=SA_RESTORER, sa_restorer=0x7f0e20dc5050}, 8) = 0
1846905 rt_sigaction(SIGCHLD, {sa_handler=SIG_DFL, sa_mask=[], sa_flags=SA_RESTORER|SA_RESTART, sa_restorer=0x7f0e20dc5050}, {sa_handler=0x5591bd328140, sa_mask=[], sa_flags=SA_RESTORER|SA_RESTART, sa_restorer=0x7f0e20dc5050}, 8) = 0
1846905 execve("/home/shorty/Android/Sdk/ndk/25.2.9519653/toolchains/llvm/prebuilt/linux-x86_64/bin/x86_64-linux-android21-clang", ["x86_64-linux-android21-clang", "-fPIC", "-c", "-x", "c", "-", "-o", "tmpunwind.o"], 0x5591cf93a9a0 /* 113 vars */) = 0
1846905 brk(NULL)                       = 0x559264920000
1846905 access("/etc/ld.so.preload", R_OK) = -1 ENOENT (No such file or directory)
1846905 openat(AT_FDCWD, "/etc/ld.so.cache", O_RDONLY|O_CLOEXEC) = 3
1846905 fstat(3, {st_mode=S_IFREG|0644, st_size=171419, ...}) = 0
1846905 mmap(NULL, 171419, PROT_READ, MAP_PRIVATE, 3, 0) = 0x7f096494f000
1846905 close(3)                        = 0
1846905 mmap(NULL, 8192, PROT_READ|PROT_WRITE, MAP_PRIVATE|MAP_ANONYMOUS, -1, 0) = 0x7f096494d000
1846905 openat(AT_FDCWD, "/lib64/libtinfo.so.6", O_RDONLY|O_CLOEXEC) = 3
1846905 read(3, "\177ELF\2\1\1\0\0\0\0\0\0\0\0\0\3\0>\0\1\0\0\0\0\0\0\0\0\0\0\0"..., 832) = 832
1846905 fstat(3, {st_mode=S_IFREG|0755, st_size=187416, ...}) = 0
1846905 mmap(NULL, 186656, PROT_READ, MAP_PRIVATE|MAP_DENYWRITE, 3, 0) = 0x7f096491f000
1846905 mmap(0x7f0964925000, 86016, PROT_READ|PROT_EXEC, MAP_PRIVATE|MAP_FIXED|MAP_DENYWRITE, 3, 0x6000) = 0x7f0964925000
1846905 mmap(0x7f096493a000, 57344, PROT_READ, MAP_PRIVATE|MAP_FIXED|MAP_DENYWRITE, 3, 0x1b000) = 0x7f096493a000
1846905 mmap(0x7f0964948000, 20480, PROT_READ|PROT_WRITE, MAP_PRIVATE|MAP_FIXED|MAP_DENYWRITE, 3, 0x28000) = 0x7f0964948000
1846905 close(3)                        = 0
1846905 openat(AT_FDCWD, "/lib64/libc.so.6", O_RDONLY|O_CLOEXEC) = 3
1846905 read(3, "\177ELF\2\1\1\3\0\0\0\0\0\0\0\0\3\0>\0\1\0\0\0 4\0\0\0\0\0\0"..., 832) = 832
1846905 pread64(3, "\6\0\0\0\4\0\0\0@\0\0\0\0\0\0\0@\0\0\0\0\0\0\0@\0\0\0\0\0\0\0"..., 784, 64) = 784
1846905 fstat(3, {st_mode=S_IFREG|0755, st_size=2454144, ...}) = 0
1846905 pread64(3, "\6\0\0\0\4\0\0\0@\0\0\0\0\0\0\0@\0\0\0\0\0\0\0@\0\0\0\0\0\0\0"..., 784, 64) = 784
1846905 mmap(NULL, 2042904, PROT_READ, MAP_PRIVATE|MAP_DENYWRITE, 3, 0) = 0x7f096472c000
1846905 mmap(0x7f096472d000, 1503232, PROT_READ|PROT_EXEC, MAP_PRIVATE|MAP_FIXED|MAP_DENYWRITE, 3, 0x1000) = 0x7f096472d000
1846905 mmap(0x7f096489c000, 479232, PROT_READ, MAP_PRIVATE|MAP_FIXED|MAP_DENYWRITE, 3, 0x170000) = 0x7f096489c000
1846905 mmap(0x7f0964911000, 24576, PROT_READ|PROT_WRITE, MAP_PRIVATE|MAP_FIXED|MAP_DENYWRITE, 3, 0x1e5000) = 0x7f0964911000
1846905 mmap(0x7f0964917000, 31768, PROT_READ|PROT_WRITE, MAP_PRIVATE|MAP_FIXED|MAP_ANONYMOUS, -1, 0) = 0x7f0964917000
1846905 close(3)                        = 0
1846905 mmap(NULL, 12288, PROT_READ|PROT_WRITE, MAP_PRIVATE|MAP_ANONYMOUS, -1, 0) = 0x7f0964729000
1846905 arch_prctl(ARCH_SET_FS, 0x7f0964729740) = 0
1846905 set_tid_address(0x7f0964729a10) = 1846905
1846905 set_robust_list(0x7f0964729a20, 24) = 0
1846905 rseq(0x7f096472a060, 0x20, 0, 0x53053053) = 0
1846905 mprotect(0x7f0964911000, 16384, PROT_READ) = 0
1846905 mprotect(0x7f0964948000, 16384, PROT_READ) = 0
1846905 mprotect(0x55925fe63000, 16384, PROT_READ) = 0
1846905 mprotect(0x7f09649b4000, 8192, PROT_READ) = 0
1846905 prlimit64(0, RLIMIT_STACK, NULL, {rlim_cur=8192*1024, rlim_max=RLIM64_INFINITY}) = 0
1846905 munmap(0x7f096494f000, 171419)  = 0
1846905 openat(AT_FDCWD, "/dev/tty", O_RDWR|O_NONBLOCK) = 3
1846905 close(3)                        = 0
1846905 getrandom("\xeb\x2e\x4b\x87\x8e\x96\x49\x0b", 8, GRND_NONBLOCK) = 8
1846905 brk(NULL)                       = 0x559264920000
1846905 brk(0x559264941000)             = 0x559264941000
1846905 openat(AT_FDCWD, "/usr/lib/locale/locale-archive", O_RDONLY|O_CLOEXEC) = 3
1846905 fstat(3, {st_mode=S_IFREG|0644, st_size=232351648, ...}) = 0
1846905 mmap(NULL, 232351648, PROT_READ, MAP_PRIVATE, 3, 0) = 0x7f0956800000
1846905 close(3)                        = 0
1846905 openat(AT_FDCWD, "/usr/lib64/gconv/gconv-modules.cache", O_RDONLY|O_CLOEXEC) = 3
1846905 fstat(3, {st_mode=S_IFREG|0644, st_size=27012, ...}) = 0
1846905 mmap(NULL, 27012, PROT_READ, MAP_SHARED, 3, 0) = 0x7f0964972000
1846905 close(3)                        = 0
1846905 futex(0x7f096491672c, FUTEX_WAKE_PRIVATE, 2147483647) = 0
1846905 getuid()                        = 1000
1846905 getgid()                        = 1000
1846905 geteuid()                       = 1000
1846905 getegid()                       = 1000
1846905 rt_sigprocmask(SIG_BLOCK, NULL, [], 8) = 0
1846905 rt_sigaction(SIGCHLD, {sa_handler=SIG_DFL, sa_mask=[], sa_flags=SA_RESTORER|SA_RESTART, sa_restorer=0x7f0964746050}, {sa_handler=SIG_DFL, sa_mask=[], sa_flags=0}, 8) = 0
1846905 rt_sigaction(SIGCHLD, {sa_handler=SIG_DFL, sa_mask=[], sa_flags=SA_RESTORER|SA_RESTART, sa_restorer=0x7f0964746050}, {sa_handler=SIG_DFL, sa_mask=[], sa_flags=SA_RESTORER|SA_RESTART, sa_restorer=0x7f0964746050}, 8) = 0
1846905 rt_sigaction(SIGINT, {sa_handler=SIG_DFL, sa_mask=[], sa_flags=SA_RESTORER, sa_restorer=0x7f0964746050}, {sa_handler=SIG_DFL, sa_mask=[], sa_flags=0}, 8) = 0
1846905 rt_sigaction(SIGINT, {sa_handler=SIG_DFL, sa_mask=[], sa_flags=SA_RESTORER, sa_restorer=0x7f0964746050}, {sa_handler=SIG_DFL, sa_mask=[], sa_flags=SA_RESTORER, sa_restorer=0x7f0964746050}, 8) = 0
1846905 rt_sigaction(SIGQUIT, {sa_handler=SIG_DFL, sa_mask=[], sa_flags=SA_RESTORER, sa_restorer=0x7f0964746050}, {sa_handler=SIG_DFL, sa_mask=[], sa_flags=0}, 8) = 0
1846905 rt_sigaction(SIGQUIT, {sa_handler=SIG_DFL, sa_mask=[], sa_flags=SA_RESTORER, sa_restorer=0x7f0964746050}, {sa_handler=SIG_DFL, sa_mask=[], sa_flags=SA_RESTORER, sa_restorer=0x7f0964746050}, 8) = 0
1846905 rt_sigaction(SIGTSTP, {sa_handler=SIG_DFL, sa_mask=[], sa_flags=SA_RESTORER, sa_restorer=0x7f0964746050}, {sa_handler=SIG_DFL, sa_mask=[], sa_flags=0}, 8) = 0
1846905 rt_sigaction(SIGTSTP, {sa_handler=SIG_DFL, sa_mask=[], sa_flags=SA_RESTORER, sa_restorer=0x7f0964746050}, {sa_handler=SIG_DFL, sa_mask=[], sa_flags=SA_RESTORER, sa_restorer=0x7f0964746050}, 8) = 0
1846905 rt_sigaction(SIGTTIN, {sa_handler=SIG_DFL, sa_mask=[], sa_flags=SA_RESTORER, sa_restorer=0x7f0964746050}, {sa_handler=SIG_DFL, sa_mask=[], sa_flags=0}, 8) = 0
1846905 rt_sigaction(SIGTTIN, {sa_handler=SIG_DFL, sa_mask=[], sa_flags=SA_RESTORER, sa_restorer=0x7f0964746050}, {sa_handler=SIG_DFL, sa_mask=[], sa_flags=SA_RESTORER, sa_restorer=0x7f0964746050}, 8) = 0
1846905 rt_sigaction(SIGTTOU, {sa_handler=SIG_DFL, sa_mask=[], sa_flags=SA_RESTORER, sa_restorer=0x7f0964746050}, {sa_handler=SIG_DFL, sa_mask=[], sa_flags=0}, 8) = 0
1846905 rt_sigaction(SIGTTOU, {sa_handler=SIG_DFL, sa_mask=[], sa_flags=SA_RESTORER, sa_restorer=0x7f0964746050}, {sa_handler=SIG_DFL, sa_mask=[], sa_flags=SA_RESTORER, sa_restorer=0x7f0964746050}, 8) = 0
1846905 rt_sigprocmask(SIG_BLOCK, NULL, [], 8) = 0
1846905 rt_sigaction(SIGQUIT, {sa_handler=SIG_IGN, sa_mask=[], sa_flags=SA_RESTORER, sa_restorer=0x7f0964746050}, {sa_handler=SIG_DFL, sa_mask=[], sa_flags=SA_RESTORER, sa_restorer=0x7f0964746050}, 8) = 0
1846905 uname({sysname="Linux", nodename="Shorty-Laptop", ...}) = 0
1846905 newfstatat(AT_FDCWD, "/home/shorty/projects/external/love-android/love/src/jni/LuaJIT-2.1/src", {st_mode=S_IFDIR|0755, st_size=3556, ...}, 0) = 0
1846905 newfstatat(AT_FDCWD, ".", {st_mode=S_IFDIR|0755, st_size=3556, ...}, 0) = 0
1846905 newfstatat(AT_FDCWD, "/home", {st_mode=S_IFDIR|0755, st_size=12, ...}, 0) = 0
1846905 newfstatat(AT_FDCWD, "/home/shorty", {st_mode=S_IFDIR|0750, st_size=7224, ...}, 0) = 0
1846905 newfstatat(AT_FDCWD, "/home/shorty/projects", {st_mode=S_IFDIR|0755, st_size=2500, ...}, 0) = 0
1846905 newfstatat(AT_FDCWD, "/home/shorty/projects/external", {st_mode=S_IFDIR|0755, st_size=1214, ...}, 0) = 0
1846905 newfstatat(AT_FDCWD, "/home/shorty/projects/external/love-android", {st_mode=S_IFDIR|0755, st_size=504, ...}, 0) = 0
1846905 newfstatat(AT_FDCWD, "/home/shorty/projects/external/love-android/love", {st_mode=S_IFDIR|0755, st_size=76, ...}, 0) = 0
1846905 newfstatat(AT_FDCWD, "/home/shorty/projects/external/love-android/love/src", {st_mode=S_IFDIR|0755, st_size=36, ...}, 0) = 0
1846905 newfstatat(AT_FDCWD, "/home/shorty/projects/external/love-android/love/src/jni", {st_mode=S_IFDIR|0755, st_size=538, ...}, 0) = 0
1846905 newfstatat(AT_FDCWD, "/home/shorty/projects/external/love-android/love/src/jni/LuaJIT-2.1", {st_mode=S_IFDIR|0755, st_size=274, ...}, 0) = 0
1846905 newfstatat(AT_FDCWD, "/home/shorty/projects/external/love-android/love/src/jni/LuaJIT-2.1/src", {st_mode=S_IFDIR|0755, st_size=3556, ...}, 0) = 0
1846905 getpid()                        = 1846905
1846905 getppid()                       = 1846903
1846905 getpid()                        = 1846905
1846905 getppid()                       = 1846903
1846905 getpid()                        = 1846905
1846905 getppid()                       = 1846903
1846905 getpgrp()                       = 1846868
1846905 ioctl(2, TIOCGPGRP, 0x7ffc18899ca4) = -1 ENOTTY (Inappropriate ioctl for device)
1846905 rt_sigaction(SIGCHLD, {sa_handler=0x55925fd52140, sa_mask=[], sa_flags=SA_RESTORER|SA_RESTART, sa_restorer=0x7f0964746050}, {sa_handler=SIG_DFL, sa_mask=[], sa_flags=SA_RESTORER|SA_RESTART, sa_restorer=0x7f0964746050}, 8) = 0
1846905 ioctl(2, TIOCGPGRP, 0x7ffc18899c64) = -1 ENOTTY (Inappropriate ioctl for device)
1846905 prlimit64(0, RLIMIT_NPROC, NULL, {rlim_cur=126640, rlim_max=126640}) = 0
1846905 rt_sigprocmask(SIG_BLOCK, NULL, [], 8) = 0
1846905 openat(AT_FDCWD, "/home/shorty/Android/Sdk/ndk/25.2.9519653/toolchains/llvm/prebuilt/linux-x86_64/bin/x86_64-linux-android21-clang", O_RDONLY) = 3
1846905 newfstatat(AT_FDCWD, "/home/shorty/Android/Sdk/ndk/25.2.9519653/toolchains/llvm/prebuilt/linux-x86_64/bin/x86_64-linux-android21-clang", {st_mode=S_IFREG|0755, st_size=192, ...}, 0) = 0
1846905 ioctl(3, TCGETS, 0x7ffc18899d70) = -1 ENOTTY (Inappropriate ioctl for device)
1846905 lseek(3, 0, SEEK_CUR)           = 0
1846905 read(3, "#!/bin/bash\nbin_dir=`dirname \"$0"..., 80) = 80
1846905 lseek(3, 0, SEEK_SET)           = 0
1846905 prlimit64(0, RLIMIT_NOFILE, NULL, {rlim_cur=1024, rlim_max=1024*1024}) = 0
1846905 fcntl(255, F_GETFD)             = -1 EBADF (Bad file descriptor)
1846905 dup2(3, 255)                    = 255
1846905 close(3)                        = 0
1846905 fcntl(255, F_SETFD, FD_CLOEXEC) = 0
1846905 fcntl(255, F_GETFL)             = 0x8000 (flags O_RDONLY|O_LARGEFILE)
1846905 fstat(255, {st_mode=S_IFREG|0755, st_size=192, ...}) = 0
1846905 lseek(255, 0, SEEK_CUR)         = 0
1846905 read(255, "#!/bin/bash\nbin_dir=`dirname \"$0"..., 192) = 192
1846905 pipe2([3, 4], 0)                = 0
1846905 rt_sigprocmask(SIG_BLOCK, [CHLD], [], 8) = 0
1846905 rt_sigprocmask(SIG_SETMASK, [], NULL, 8) = 0
1846905 rt_sigprocmask(SIG_BLOCK, NULL, [], 8) = 0
1846905 rt_sigprocmask(SIG_BLOCK, [INT TERM CHLD], [], 8) = 0
1846905 lseek(255, -157, SEEK_CUR)      = 35
1846905 clone(child_stack=NULL, flags=CLONE_CHILD_CLEARTID|CLONE_CHILD_SETTID|SIGCHLD, child_tidptr=0x7f0964729a10) = 1846906
1846905 rt_sigprocmask(SIG_SETMASK, [], NULL, 8) = 0
1846905 rt_sigaction(SIGCHLD, {sa_handler=0x55925fd52140, sa_mask=[], sa_flags=SA_RESTORER|SA_RESTART, sa_restorer=0x7f0964746050}, {sa_handler=0x55925fd52140, sa_mask=[], sa_flags=SA_RESTORER|SA_RESTART, sa_restorer=0x7f0964746050}, 8) = 0
1846905 close(4 <unfinished ...>
1846906 set_robust_list(0x7f0964729a20, 24 <unfinished ...>
1846905 <... close resumed>)            = 0
1846906 <... set_robust_list resumed>)  = 0
1846905 rt_sigprocmask(SIG_BLOCK, [INT], [], 8) = 0
1846905 read(3,  <unfinished ...>
1846906 getpid()                        = 1846906
1846906 close(255)                      = 0
1846906 rt_sigprocmask(SIG_SETMASK, [], NULL, 8) = 0
1846906 rt_sigaction(SIGTSTP, {sa_handler=SIG_DFL, sa_mask=[], sa_flags=SA_RESTORER, sa_restorer=0x7f0964746050}, {sa_handler=SIG_DFL, sa_mask=[], sa_flags=SA_RESTORER, sa_restorer=0x7f0964746050}, 8) = 0
1846906 rt_sigaction(SIGTTIN, {sa_handler=SIG_DFL, sa_mask=[], sa_flags=SA_RESTORER, sa_restorer=0x7f0964746050}, {sa_handler=SIG_DFL, sa_mask=[], sa_flags=SA_RESTORER, sa_restorer=0x7f0964746050}, 8) = 0
1846906 rt_sigaction(SIGTTOU, {sa_handler=SIG_DFL, sa_mask=[], sa_flags=SA_RESTORER, sa_restorer=0x7f0964746050}, {sa_handler=SIG_DFL, sa_mask=[], sa_flags=SA_RESTORER, sa_restorer=0x7f0964746050}, 8) = 0
1846906 rt_sigaction(SIGINT, {sa_handler=SIG_DFL, sa_mask=[], sa_flags=SA_RESTORER, sa_restorer=0x7f0964746050}, {sa_handler=SIG_DFL, sa_mask=[], sa_flags=SA_RESTORER, sa_restorer=0x7f0964746050}, 8) = 0
1846906 rt_sigaction(SIGQUIT, {sa_handler=SIG_DFL, sa_mask=[], sa_flags=SA_RESTORER, sa_restorer=0x7f0964746050}, {sa_handler=SIG_IGN, sa_mask=[], sa_flags=SA_RESTORER, sa_restorer=0x7f0964746050}, 8) = 0
1846906 rt_sigaction(SIGCHLD, {sa_handler=SIG_DFL, sa_mask=[], sa_flags=SA_RESTORER|SA_RESTART, sa_restorer=0x7f0964746050}, {sa_handler=0x55925fd52140, sa_mask=[], sa_flags=SA_RESTORER|SA_RESTART, sa_restorer=0x7f0964746050}, 8) = 0
1846906 rt_sigaction(SIGCHLD, {sa_handler=0x55925fd52140, sa_mask=[], sa_flags=SA_RESTORER|SA_RESTART, sa_restorer=0x7f0964746050}, {sa_handler=SIG_DFL, sa_mask=[], sa_flags=SA_RESTORER|SA_RESTART, sa_restorer=0x7f0964746050}, 8) = 0
1846906 rt_sigaction(SIGINT, {sa_handler=0x55925fd7bbd0, sa_mask=[], sa_flags=SA_RESTORER, sa_restorer=0x7f0964746050}, {sa_handler=SIG_DFL, sa_mask=[], sa_flags=SA_RESTORER, sa_restorer=0x7f0964746050}, 8) = 0
1846906 dup2(4, 1)                      = 1
1846906 close(4)                        = 0
1846906 close(3)                        = 0
1846906 rt_sigprocmask(SIG_BLOCK, NULL, [], 8) = 0
1846906 newfstatat(AT_FDCWD, ".", {st_mode=S_IFDIR|0755, st_size=3556, ...}, 0) = 0
1846906 newfstatat(AT_FDCWD, "/home/shorty/Android/Sdk/ndk/25.2.9519653/toolchains/llvm/prebuilt/linux-x86_64/bin/dirname", 0x7ffc18898ef0, 0) = -1 ENOENT (No such file or directory)
1846906 newfstatat(AT_FDCWD, "/home/shorty/.yarn/bin/dirname", 0x7ffc18898ef0, 0) = -1 ENOENT (No such file or directory)
1846906 newfstatat(AT_FDCWD, "/home/shorty/.nvm/versions/node/v22.14.0/bin/dirname", 0x7ffc18898ef0, 0) = -1 ENOENT (No such file or directory)
1846906 newfstatat(AT_FDCWD, "/home/shorty/.cargo/bin/dirname", 0x7ffc18898ef0, 0) = -1 ENOENT (No such file or directory)
1846906 newfstatat(AT_FDCWD, "/home/shorty/bin/dirname", 0x7ffc18898ef0, 0) = -1 ENOENT (No such file or directory)
1846906 newfstatat(AT_FDCWD, "/home/shorty/.local/bin/dirname", 0x7ffc18898ef0, 0) = -1 ENOENT (No such file or directory)
1846906 newfstatat(AT_FDCWD, "/usr/games/dirname", 0x7ffc18898ef0, 0) = -1 ENOENT (No such file or directory)
1846906 newfstatat(AT_FDCWD, "/usr/lib64/qt-3.3/bin/dirname", 0x7ffc18898ef0, 0) = -1 ENOENT (No such file or directory)
1846906 newfstatat(AT_FDCWD, "/usr/lib64/ccache/dirname", 0x7ffc18898ef0, 0) = -1 ENOENT (No such file or directory)
1846906 newfstatat(AT_FDCWD, "/usr/local/bin/dirname", 0x7ffc18898ef0, 0) = -1 ENOENT (No such file or directory)
1846906 newfstatat(AT_FDCWD, "/usr/bin/dirname", {st_mode=S_IFREG|0755, st_size=36680, ...}, 0) = 0
1846906 newfstatat(AT_FDCWD, "/usr/bin/dirname", {st_mode=S_IFREG|0755, st_size=36680, ...}, 0) = 0
1846906 geteuid()                       = 1000
1846906 getegid()                       = 1000
1846906 getuid()                        = 1000
1846906 getgid()                        = 1000
1846906 access("/usr/bin/dirname", X_OK) = 0
1846906 newfstatat(AT_FDCWD, "/usr/bin/dirname", {st_mode=S_IFREG|0755, st_size=36680, ...}, 0) = 0
1846906 geteuid()                       = 1000
1846906 getegid()                       = 1000
1846906 getuid()                        = 1000
1846906 getgid()                        = 1000
1846906 access("/usr/bin/dirname", R_OK) = 0
1846906 rt_sigaction(SIGINT, {sa_handler=SIG_DFL, sa_mask=[], sa_flags=SA_RESTORER, sa_restorer=0x7f0964746050}, {sa_handler=0x55925fd7bbd0, sa_mask=[], sa_flags=SA_RESTORER, sa_restorer=0x7f0964746050}, 8) = 0
1846906 rt_sigaction(SIGQUIT, {sa_handler=SIG_DFL, sa_mask=[], sa_flags=SA_RESTORER, sa_restorer=0x7f0964746050}, {sa_handler=SIG_DFL, sa_mask=[], sa_flags=SA_RESTORER, sa_restorer=0x7f0964746050}, 8) = 0
1846906 rt_sigaction(SIGCHLD, {sa_handler=SIG_DFL, sa_mask=[], sa_flags=SA_RESTORER|SA_RESTART, sa_restorer=0x7f0964746050}, {sa_handler=0x55925fd52140, sa_mask=[], sa_flags=SA_RESTORER|SA_RESTART, sa_restorer=0x7f0964746050}, 8) = 0
1846906 execve("/usr/bin/dirname", ["dirname", "/home/shorty/Android/Sdk/ndk/25."...], 0x559264933770 /* 113 vars */) = 0
1846906 brk(NULL)                       = 0x558a75868000
1846906 access("/etc/ld.so.preload", R_OK) = -1 ENOENT (No such file or directory)
1846906 openat(AT_FDCWD, "/etc/ld.so.cache", O_RDONLY|O_CLOEXEC) = 3
1846906 fstat(3, {st_mode=S_IFREG|0644, st_size=171419, ...}) = 0
1846906 mmap(NULL, 171419, PROT_READ, MAP_PRIVATE, 3, 0) = 0x7f3410469000
1846906 close(3)                        = 0
1846906 mmap(NULL, 8192, PROT_READ|PROT_WRITE, MAP_PRIVATE|MAP_ANONYMOUS, -1, 0) = 0x7f3410467000
1846906 openat(AT_FDCWD, "/lib64/libc.so.6", O_RDONLY|O_CLOEXEC) = 3
1846906 read(3, "\177ELF\2\1\1\3\0\0\0\0\0\0\0\0\3\0>\0\1\0\0\0 4\0\0\0\0\0\0"..., 832) = 832
1846906 pread64(3, "\6\0\0\0\4\0\0\0@\0\0\0\0\0\0\0@\0\0\0\0\0\0\0@\0\0\0\0\0\0\0"..., 784, 64) = 784
1846906 fstat(3, {st_mode=S_IFREG|0755, st_size=2454144, ...}) = 0
1846906 pread64(3, "\6\0\0\0\4\0\0\0@\0\0\0\0\0\0\0@\0\0\0\0\0\0\0@\0\0\0\0\0\0\0"..., 784, 64) = 784
1846906 mmap(NULL, 2042904, PROT_READ, MAP_PRIVATE|MAP_DENYWRITE, 3, 0) = 0x7f3410274000
1846906 mmap(0x7f3410275000, 1503232, PROT_READ|PROT_EXEC, MAP_PRIVATE|MAP_FIXED|MAP_DENYWRITE, 3, 0x1000) = 0x7f3410275000
1846906 mmap(0x7f34103e4000, 479232, PROT_READ, MAP_PRIVATE|MAP_FIXED|MAP_DENYWRITE, 3, 0x170000) = 0x7f34103e4000
1846906 mmap(0x7f3410459000, 24576, PROT_READ|PROT_WRITE, MAP_PRIVATE|MAP_FIXED|MAP_DENYWRITE, 3, 0x1e5000) = 0x7f3410459000
1846906 mmap(0x7f341045f000, 31768, PROT_READ|PROT_WRITE, MAP_PRIVATE|MAP_FIXED|MAP_ANONYMOUS, -1, 0) = 0x7f341045f000
1846906 close(3)                        = 0
1846906 mmap(NULL, 12288, PROT_READ|PROT_WRITE, MAP_PRIVATE|MAP_ANONYMOUS, -1, 0) = 0x7f3410271000
1846906 arch_prctl(ARCH_SET_FS, 0x7f3410271740) = 0
1846906 set_tid_address(0x7f3410271a10) = 1846906
1846906 set_robust_list(0x7f3410271a20, 24) = 0
1846906 rseq(0x7f3410272060, 0x20, 0, 0x53053053) = 0
1846906 mprotect(0x7f3410459000, 16384, PROT_READ) = 0
1846906 mprotect(0x558a3c83e000, 4096, PROT_READ) = 0
1846906 mprotect(0x7f34104ce000, 8192, PROT_READ) = 0
1846906 prlimit64(0, RLIMIT_STACK, NULL, {rlim_cur=8192*1024, rlim_max=RLIM64_INFINITY}) = 0
1846906 munmap(0x7f3410469000, 171419)  = 0
1846906 getrandom("\x79\x8d\x91\xb2\x4f\x04\x5e\xe6", 8, GRND_NONBLOCK) = 8
1846906 brk(NULL)                       = 0x558a75868000
1846906 brk(0x558a75889000)             = 0x558a75889000
1846906 openat(AT_FDCWD, "/usr/lib/locale/locale-archive", O_RDONLY|O_CLOEXEC) = 3
1846906 fstat(3, {st_mode=S_IFREG|0644, st_size=232351648, ...}) = 0
1846906 mmap(NULL, 232351648, PROT_READ, MAP_PRIVATE, 3, 0) = 0x7f3402400000
1846906 close(3)                        = 0
1846906 fstat(1, {st_mode=S_IFIFO|0600, st_size=0, ...}) = 0
1846906 write(1, "/home/shorty/Android/Sdk/ndk/25."..., 84) = 84
1846905 <... read resumed>"/home/shorty/Android/Sdk/ndk/25."..., 4096) = 84
1846906 close(1)                        = 0
1846906 close(2 <unfinished ...>
1846905 read(3,  <unfinished ...>
1846906 <... close resumed>)            = 0
1846905 <... read resumed>"", 4096)     = 0
1846906 exit_group(0)                   = ?
1846905 close(3)                        = 0
1846905 rt_sigprocmask(SIG_SETMASK, [],  <unfinished ...>
1846906 +++ exited with 0 +++
1846905 <... rt_sigprocmask resumed>NULL, 8) = 0
1846905 --- SIGCHLD {si_signo=SIGCHLD, si_code=CLD_EXITED, si_pid=1846906, si_uid=1000, si_status=0, si_utime=0, si_stime=0} ---
1846905 wait4(-1, [{WIFEXITED(s) && WEXITSTATUS(s) == 0}], WNOHANG, NULL) = 1846906
1846905 wait4(-1, 0x7ffc188987d0, WNOHANG, NULL) = -1 ECHILD (No child processes)
1846905 rt_sigreturn({mask=[]})         = 0
1846905 rt_sigprocmask(SIG_BLOCK, [CHLD], [], 8) = 0
1846905 rt_sigaction(SIGINT, {sa_handler=0x55925fd55580, sa_mask=[], sa_flags=SA_RESTORER, sa_restorer=0x7f0964746050}, {sa_handler=SIG_DFL, sa_mask=[], sa_flags=SA_RESTORER, sa_restorer=0x7f0964746050}, 8) = 0
1846905 rt_sigaction(SIGINT, {sa_handler=SIG_DFL, sa_mask=[], sa_flags=SA_RESTORER, sa_restorer=0x7f0964746050}, {sa_handler=0x55925fd55580, sa_mask=[], sa_flags=SA_RESTORER, sa_restorer=0x7f0964746050}, 8) = 0
1846905 rt_sigprocmask(SIG_SETMASK, [], NULL, 8) = 0
1846905 read(255, "if [ \"$1\" != \"-cc1\" ]; then\n    "..., 192) = 157
1846905 rt_sigprocmask(SIG_BLOCK, NULL, [], 8) = 0
1846905 rt_sigprocmask(SIG_BLOCK, [INT TERM CHLD], [], 8) = 0
1846905 rt_sigprocmask(SIG_BLOCK, [CHLD], [INT TERM CHLD], 8) = 0
1846905 rt_sigprocmask(SIG_SETMASK, [INT TERM CHLD], NULL, 8) = 0
1846905 clone(child_stack=NULL, flags=CLONE_CHILD_CLEARTID|CLONE_CHILD_SETTID|SIGCHLD, child_tidptr=0x7f0964729a10) = 1846907
1846905 rt_sigprocmask(SIG_SETMASK, [], NULL, 8) = 0
1846907 set_robust_list(0x7f0964729a20, 24) = 0
1846905 rt_sigprocmask(SIG_BLOCK, [CHLD], [], 8) = 0
1846905 rt_sigprocmask(SIG_SETMASK, [],  <unfinished ...>
1846907 getpid( <unfinished ...>
1846905 <... rt_sigprocmask resumed>NULL, 8) = 0
1846907 <... getpid resumed>)           = 1846907
1846905 rt_sigprocmask(SIG_BLOCK, [CHLD],  <unfinished ...>
1846907 close(255 <unfinished ...>
1846905 <... rt_sigprocmask resumed>[], 8) = 0
1846907 <... close resumed>)            = 0
1846905 rt_sigaction(SIGINT, {sa_handler=0x55925fd55580, sa_mask=[], sa_flags=SA_RESTORER, sa_restorer=0x7f0964746050},  <unfinished ...>
1846907 rt_sigprocmask(SIG_SETMASK, [],  <unfinished ...>
1846905 <... rt_sigaction resumed>{sa_handler=SIG_DFL, sa_mask=[], sa_flags=SA_RESTORER, sa_restorer=0x7f0964746050}, 8) = 0
1846907 <... rt_sigprocmask resumed>NULL, 8) = 0
1846905 wait4(-1,  <unfinished ...>
1846907 rt_sigaction(SIGTSTP, {sa_handler=SIG_DFL, sa_mask=[], sa_flags=SA_RESTORER, sa_restorer=0x7f0964746050}, {sa_handler=SIG_DFL, sa_mask=[], sa_flags=SA_RESTORER, sa_restorer=0x7f0964746050}, 8) = 0
1846907 rt_sigaction(SIGTTIN, {sa_handler=SIG_DFL, sa_mask=[], sa_flags=SA_RESTORER, sa_restorer=0x7f0964746050}, {sa_handler=SIG_DFL, sa_mask=[], sa_flags=SA_RESTORER, sa_restorer=0x7f0964746050}, 8) = 0
1846907 rt_sigaction(SIGTTOU, {sa_handler=SIG_DFL, sa_mask=[], sa_flags=SA_RESTORER, sa_restorer=0x7f0964746050}, {sa_handler=SIG_DFL, sa_mask=[], sa_flags=SA_RESTORER, sa_restorer=0x7f0964746050}, 8) = 0
1846907 rt_sigaction(SIGINT, {sa_handler=SIG_DFL, sa_mask=[], sa_flags=SA_RESTORER, sa_restorer=0x7f0964746050}, {sa_handler=SIG_DFL, sa_mask=[], sa_flags=SA_RESTORER, sa_restorer=0x7f0964746050}, 8) = 0
1846907 rt_sigaction(SIGQUIT, {sa_handler=SIG_DFL, sa_mask=[], sa_flags=SA_RESTORER, sa_restorer=0x7f0964746050}, {sa_handler=SIG_IGN, sa_mask=[], sa_flags=SA_RESTORER, sa_restorer=0x7f0964746050}, 8) = 0
1846907 rt_sigaction(SIGCHLD, {sa_handler=SIG_DFL, sa_mask=[], sa_flags=SA_RESTORER|SA_RESTART, sa_restorer=0x7f0964746050}, {sa_handler=0x55925fd52140, sa_mask=[], sa_flags=SA_RESTORER|SA_RESTART, sa_restorer=0x7f0964746050}, 8) = 0
1846907 execve("/home/shorty/Android/Sdk/ndk/25.2.9519653/toolchains/llvm/prebuilt/linux-x86_64/bin/clang", ["/home/shorty/Android/Sdk/ndk/25."..., "--target=x86_64-linux-android21", "-fPIC", "-c", "-x", "c", "-", "-o", "tmpunwind.o"], 0x5592649390c0 /* 113 vars */) = 0
1846907 brk(NULL)                       = 0x37e03000
1846907 mmap(NULL, 8192, PROT_READ|PROT_WRITE, MAP_PRIVATE|MAP_ANONYMOUS, -1, 0) = 0x7f2133c2c000
1846907 readlinkat(AT_FDCWD, "/proc/self/exe", "/home/shorty/Android/Sdk/ndk/25."..., 4096) = 92
1846907 access("/etc/ld.so.preload", R_OK) = -1 ENOENT (No such file or directory)
1846907 openat(AT_FDCWD, "/home/shorty/Android/Sdk/ndk/25.2.9519653/toolchains/llvm/prebuilt/linux-x86_64/bin/../lib64/glibc-hwcaps/x86-64-v3/libpthread.so.0", O_RDONLY|O_CLOEXEC) = -1 ENOENT (No such file or directory)
1846907 newfstatat(AT_FDCWD, "/home/shorty/Android/Sdk/ndk/25.2.9519653/toolchains/llvm/prebuilt/linux-x86_64/bin/../lib64/glibc-hwcaps/x86-64-v3/", 0x7ffe48636fc0, 0) = -1 ENOENT (No such file or directory)
1846907 openat(AT_FDCWD, "/home/shorty/Android/Sdk/ndk/25.2.9519653/toolchains/llvm/prebuilt/linux-x86_64/bin/../lib64/glibc-hwcaps/x86-64-v2/libpthread.so.0", O_RDONLY|O_CLOEXEC) = -1 ENOENT (No such file or directory)
1846907 newfstatat(AT_FDCWD, "/home/shorty/Android/Sdk/ndk/25.2.9519653/toolchains/llvm/prebuilt/linux-x86_64/bin/../lib64/glibc-hwcaps/x86-64-v2/", 0x7ffe48636fc0, 0) = -1 ENOENT (No such file or directory)
1846907 openat(AT_FDCWD, "/home/shorty/Android/Sdk/ndk/25.2.9519653/toolchains/llvm/prebuilt/linux-x86_64/bin/../lib64/libpthread.so.0", O_RDONLY|O_CLOEXEC) = -1 ENOENT (No such file or directory)
1846907 newfstatat(AT_FDCWD, "/home/shorty/Android/Sdk/ndk/25.2.9519653/toolchains/llvm/prebuilt/linux-x86_64/bin/../lib64/", {st_mode=S_IFDIR|0755, st_size=752, ...}, 0) = 0
1846907 openat(AT_FDCWD, "/etc/ld.so.cache", O_RDONLY|O_CLOEXEC) = 3
1846907 fstat(3, {st_mode=S_IFREG|0644, st_size=171419, ...}) = 0
1846907 mmap(NULL, 171419, PROT_READ, MAP_PRIVATE, 3, 0) = 0x7f2133c02000
1846907 close(3)                        = 0
1846907 openat(AT_FDCWD, "/lib64/libpthread.so.0", O_RDONLY|O_CLOEXEC) = 3
1846907 read(3, "\177ELF\2\1\1\0\0\0\0\0\0\0\0\0\3\0>\0\1\0\0\0\0\0\0\0\0\0\0\0"..., 832) = 832
1846907 fstat(3, {st_mode=S_IFREG|0755, st_size=15640, ...}) = 0
1846907 mmap(NULL, 16392, PROT_READ, MAP_PRIVATE|MAP_DENYWRITE, 3, 0) = 0x7f2133bfd000
1846907 mmap(0x7f2133bfe000, 4096, PROT_READ|PROT_EXEC, MAP_PRIVATE|MAP_FIXED|MAP_DENYWRITE, 3, 0x1000) = 0x7f2133bfe000
1846907 mmap(0x7f2133bff000, 4096, PROT_READ, MAP_PRIVATE|MAP_FIXED|MAP_DENYWRITE, 3, 0x2000) = 0x7f2133bff000
1846907 mmap(0x7f2133c00000, 4096, PROT_READ|PROT_WRITE, MAP_PRIVATE|MAP_FIXED|MAP_DENYWRITE, 3, 0x2000) = 0x7f2133c00000
1846907 mmap(0x7f2133c01000, 8, PROT_READ|PROT_WRITE, MAP_PRIVATE|MAP_FIXED|MAP_ANONYMOUS, -1, 0) = 0x7f2133c01000
1846907 close(3)                        = 0
1846907 openat(AT_FDCWD, "/home/shorty/Android/Sdk/ndk/25.2.9519653/toolchains/llvm/prebuilt/linux-x86_64/bin/../lib64/librt.so.1", O_RDONLY|O_CLOEXEC) = -1 ENOENT (No such file or directory)
1846907 openat(AT_FDCWD, "/lib64/librt.so.1", O_RDONLY|O_CLOEXEC) = 3
1846907 read(3, "\177ELF\2\1\1\0\0\0\0\0\0\0\0\0\3\0>\0\1\0\0\0\0\0\0\0\0\0\0\0"..., 832) = 832
1846907 fstat(3, {st_mode=S_IFREG|0755, st_size=15808, ...}) = 0
1846907 mmap(NULL, 16392, PROT_READ, MAP_PRIVATE|MAP_DENYWRITE, 3, 0) = 0x7f2133bf8000
1846907 mmap(0x7f2133bf9000, 4096, PROT_READ|PROT_EXEC, MAP_PRIVATE|MAP_FIXED|MAP_DENYWRITE, 3, 0x1000) = 0x7f2133bf9000
1846907 mmap(0x7f2133bfa000, 4096, PROT_READ, MAP_PRIVATE|MAP_FIXED|MAP_DENYWRITE, 3, 0x2000) = 0x7f2133bfa000
1846907 mmap(0x7f2133bfb000, 4096, PROT_READ|PROT_WRITE, MAP_PRIVATE|MAP_FIXED|MAP_DENYWRITE, 3, 0x2000) = 0x7f2133bfb000
1846907 mmap(0x7f2133bfc000, 8, PROT_READ|PROT_WRITE, MAP_PRIVATE|MAP_FIXED|MAP_ANONYMOUS, -1, 0) = 0x7f2133bfc000
1846907 close(3)                        = 0
1846907 openat(AT_FDCWD, "/home/shorty/Android/Sdk/ndk/25.2.9519653/toolchains/llvm/prebuilt/linux-x86_64/bin/../lib64/libdl.so.2", O_RDONLY|O_CLOEXEC) = -1 ENOENT (No such file or directory)
1846907 openat(AT_FDCWD, "/lib64/libdl.so.2", O_RDONLY|O_CLOEXEC) = 3
1846907 read(3, "\177ELF\2\1\1\0\0\0\0\0\0\0\0\0\3\0>\0\1\0\0\0\0\0\0\0\0\0\0\0"..., 832) = 832
1846907 fstat(3, {st_mode=S_IFREG|0755, st_size=15632, ...}) = 0
1846907 mmap(NULL, 16392, PROT_READ, MAP_PRIVATE|MAP_DENYWRITE, 3, 0) = 0x7f2133bf3000
1846907 mmap(0x7f2133bf4000, 4096, PROT_READ|PROT_EXEC, MAP_PRIVATE|MAP_FIXED|MAP_DENYWRITE, 3, 0x1000) = 0x7f2133bf4000
1846907 mmap(0x7f2133bf5000, 4096, PROT_READ, MAP_PRIVATE|MAP_FIXED|MAP_DENYWRITE, 3, 0x2000) = 0x7f2133bf5000
1846907 mmap(0x7f2133bf6000, 4096, PROT_READ|PROT_WRITE, MAP_PRIVATE|MAP_FIXED|MAP_DENYWRITE, 3, 0x2000) = 0x7f2133bf6000
1846907 mmap(0x7f2133bf7000, 8, PROT_READ|PROT_WRITE, MAP_PRIVATE|MAP_FIXED|MAP_ANONYMOUS, -1, 0) = 0x7f2133bf7000
1846907 close(3)                        = 0
1846907 openat(AT_FDCWD, "/home/shorty/Android/Sdk/ndk/25.2.9519653/toolchains/llvm/prebuilt/linux-x86_64/bin/../lib64/libm.so.6", O_RDONLY|O_CLOEXEC) = -1 ENOENT (No such file or directory)
1846907 openat(AT_FDCWD, "/lib64/libm.so.6", O_RDONLY|O_CLOEXEC) = 3
1846907 read(3, "\177ELF\2\1\1\3\0\0\0\0\0\0\0\0\3\0>\0\1\0\0\0\0\0\0\0\0\0\0\0"..., 832) = 832
1846907 fstat(3, {st_mode=S_IFREG|0755, st_size=956824, ...}) = 0
1846907 mmap(NULL, 938000, PROT_READ, MAP_PRIVATE|MAP_DENYWRITE, 3, 0) = 0x7f2133b0d000
1846907 mmap(0x7f2133b0e000, 495616, PROT_READ|PROT_EXEC, MAP_PRIVATE|MAP_FIXED|MAP_DENYWRITE, 3, 0x1000) = 0x7f2133b0e000
1846907 mmap(0x7f2133b87000, 434176, PROT_READ, MAP_PRIVATE|MAP_FIXED|MAP_DENYWRITE, 3, 0x7a000) = 0x7f2133b87000
1846907 mmap(0x7f2133bf1000, 8192, PROT_READ|PROT_WRITE, MAP_PRIVATE|MAP_FIXED|MAP_DENYWRITE, 3, 0xe3000) = 0x7f2133bf1000
1846907 close(3)                        = 0
1846907 openat(AT_FDCWD, "/home/shorty/Android/Sdk/ndk/25.2.9519653/toolchains/llvm/prebuilt/linux-x86_64/bin/../lib64/libz.so.1", O_RDONLY|O_CLOEXEC) = -1 ENOENT (No such file or directory)
1846907 openat(AT_FDCWD, "/lib64/libz.so.1", O_RDONLY|O_CLOEXEC) = 3
1846907 read(3, "\177ELF\2\1\1\0\0\0\0\0\0\0\0\0\3\0>\0\1\0\0\0\0\0\0\0\0\0\0\0"..., 832) = 832
1846907 fstat(3, {st_mode=S_IFREG|0755, st_size=145224, ...}) = 0
1846907 mmap(NULL, 143488, PROT_READ, MAP_PRIVATE|MAP_DENYWRITE, 3, 0) = 0x7f2133ae9000
1846907 mmap(0x7f2133aea000, 94208, PROT_READ|PROT_EXEC, MAP_PRIVATE|MAP_FIXED|MAP_DENYWRITE, 3, 0x1000) = 0x7f2133aea000
1846907 mmap(0x7f2133b01000, 40960, PROT_READ, MAP_PRIVATE|MAP_FIXED|MAP_DENYWRITE, 3, 0x18000) = 0x7f2133b01000
1846907 mmap(0x7f2133b0b000, 8192, PROT_READ|PROT_WRITE, MAP_PRIVATE|MAP_FIXED|MAP_DENYWRITE, 3, 0x21000) = 0x7f2133b0b000
1846907 close(3)                        = 0
1846907 openat(AT_FDCWD, "/home/shorty/Android/Sdk/ndk/25.2.9519653/toolchains/llvm/prebuilt/linux-x86_64/bin/../lib64/libc++.so.1", O_RDONLY|O_CLOEXEC) = 3
1846907 read(3, "\177ELF\2\1\1\0\0\0\0\0\0\0\0\0\3\0>\0\1\0\0\0\0\0\0\0\0\0\0\0"..., 832) = 832
1846907 fstat(3, {st_mode=S_IFREG|0644, st_size=2015120, ...}) = 0
1846907 mmap(NULL, 8192, PROT_READ|PROT_WRITE, MAP_PRIVATE|MAP_ANONYMOUS, -1, 0) = 0x7f2133ae7000
1846907 mmap(NULL, 1159028, PROT_READ, MAP_PRIVATE|MAP_DENYWRITE, 3, 0) = 0x7f21339cc000
1846907 mmap(0x7f2133a66000, 458752, PROT_READ|PROT_EXEC, MAP_PRIVATE|MAP_FIXED|MAP_DENYWRITE, 3, 0x99000) = 0x7f2133a66000
1846907 mmap(0x7f2133ad6000, 36864, PROT_READ|PROT_WRITE, MAP_PRIVATE|MAP_FIXED|MAP_DENYWRITE, 3, 0x108000) = 0x7f2133ad6000
1846907 mmap(0x7f2133adf000, 4096, PROT_READ|PROT_WRITE, MAP_PRIVATE|MAP_FIXED|MAP_DENYWRITE, 3, 0x111000) = 0x7f2133adf000
1846907 mmap(0x7f2133ae0000, 28532, PROT_READ|PROT_WRITE, MAP_PRIVATE|MAP_FIXED|MAP_ANONYMOUS, -1, 0) = 0x7f2133ae0000
1846907 close(3)                        = 0
1846907 openat(AT_FDCWD, "/home/shorty/Android/Sdk/ndk/25.2.9519653/toolchains/llvm/prebuilt/linux-x86_64/bin/../lib64/libgcc_s.so.1", O_RDONLY|O_CLOEXEC) = -1 ENOENT (No such file or directory)
1846907 openat(AT_FDCWD, "/lib64/libgcc_s.so.1", O_RDONLY|O_CLOEXEC) = 3
1846907 read(3, "\177ELF\2\1\1\0\0\0\0\0\0\0\0\0\3\0>\0\1\0\0\0\0\0\0\0\0\0\0\0"..., 832) = 832
1846907 fstat(3, {st_mode=S_IFREG|0755, st_size=186800, ...}) = 0
1846907 mmap(NULL, 188872, PROT_READ, MAP_PRIVATE|MAP_DENYWRITE, 3, 0) = 0x7f213399d000
1846907 mmap(0x7f213399e000, 147456, PROT_READ|PROT_EXEC, MAP_PRIVATE|MAP_FIXED|MAP_DENYWRITE, 3, 0x1000) = 0x7f213399e000
1846907 mmap(0x7f21339c2000, 32768, PROT_READ, MAP_PRIVATE|MAP_FIXED|MAP_DENYWRITE, 3, 0x25000) = 0x7f21339c2000
1846907 mmap(0x7f21339ca000, 4096, PROT_READ|PROT_WRITE, MAP_PRIVATE|MAP_FIXED|MAP_DENYWRITE, 3, 0x2c000) = 0x7f21339ca000
1846907 mmap(0x7f21339cb000, 456, PROT_READ|PROT_WRITE, MAP_PRIVATE|MAP_FIXED|MAP_ANONYMOUS, -1, 0) = 0x7f21339cb000
1846907 close(3)                        = 0
1846907 openat(AT_FDCWD, "/home/shorty/Android/Sdk/ndk/25.2.9519653/toolchains/llvm/prebuilt/linux-x86_64/bin/../lib64/libc.so.6", O_RDONLY|O_CLOEXEC) = -1 ENOENT (No such file or directory)
1846907 openat(AT_FDCWD, "/lib64/libc.so.6", O_RDONLY|O_CLOEXEC) = 3
1846907 read(3, "\177ELF\2\1\1\3\0\0\0\0\0\0\0\0\3\0>\0\1\0\0\0 4\0\0\0\0\0\0"..., 832) = 832
1846907 pread64(3, "\6\0\0\0\4\0\0\0@\0\0\0\0\0\0\0@\0\0\0\0\0\0\0@\0\0\0\0\0\0\0"..., 784, 64) = 784
1846907 fstat(3, {st_mode=S_IFREG|0755, st_size=2454144, ...}) = 0
1846907 pread64(3, "\6\0\0\0\4\0\0\0@\0\0\0\0\0\0\0@\0\0\0\0\0\0\0@\0\0\0\0\0\0\0"..., 784, 64) = 784
1846907 mmap(NULL, 2042904, PROT_READ, MAP_PRIVATE|MAP_DENYWRITE, 3, 0) = 0x7f21337aa000
1846907 mmap(0x7f21337ab000, 1503232, PROT_READ|PROT_EXEC, MAP_PRIVATE|MAP_FIXED|MAP_DENYWRITE, 3, 0x1000) = 0x7f21337ab000
1846907 mmap(0x7f213391a000, 479232, PROT_READ, MAP_PRIVATE|MAP_FIXED|MAP_DENYWRITE, 3, 0x170000) = 0x7f213391a000
1846907 mmap(0x7f213398f000, 24576, PROT_READ|PROT_WRITE, MAP_PRIVATE|MAP_FIXED|MAP_DENYWRITE, 3, 0x1e5000) = 0x7f213398f000
1846907 mmap(0x7f2133995000, 31768, PROT_READ|PROT_WRITE, MAP_PRIVATE|MAP_FIXED|MAP_ANONYMOUS, -1, 0) = 0x7f2133995000
1846907 close(3)                        = 0
1846907 mmap(NULL, 8192, PROT_READ|PROT_WRITE, MAP_PRIVATE|MAP_ANONYMOUS, -1, 0) = 0x7f21337a8000
1846907 arch_prctl(ARCH_SET_FS, 0x7f21337a90c0) = 0
1846907 set_tid_address(0x7f21337a9390) = 1846907
1846907 set_robust_list(0x7f21337a93a0, 24) = 0
1846907 rseq(0x7f21337a99e0, 0x20, 0, 0x53053053) = 0
1846907 mprotect(0x7f213398f000, 16384, PROT_READ) = 0
1846907 mprotect(0x7f21339ca000, 4096, PROT_READ) = 0
1846907 mprotect(0x7f2133c00000, 4096, PROT_READ) = 0
1846907 mprotect(0x7f2133bf1000, 4096, PROT_READ) = 0
1846907 mprotect(0x7f2133bfb000, 4096, PROT_READ) = 0
1846907 mprotect(0x7f2133ad6000, 36864, PROT_READ) = 0
1846907 mprotect(0x7f2133b0b000, 4096, PROT_READ) = 0
1846907 mprotect(0x7f2133bf6000, 4096, PROT_READ) = 0
1846907 mprotect(0x5b26000, 8192, PROT_READ) = 0
1846907 mprotect(0x7f2133c69000, 8192, PROT_READ) = 0
1846907 prlimit64(0, RLIMIT_STACK, NULL, {rlim_cur=8192*1024, rlim_max=RLIM64_INFINITY}) = 0
1846907 munmap(0x7f2133c02000, 171419)  = 0
1846907 gettid()                        = 1846907
1846907 gettid()                        = 1846907
1846907 gettid()                        = 1846907
1846907 gettid()                        = 1846907
1846907 gettid()                        = 1846907
1846907 gettid()                        = 1846907
1846907 getrandom("\x21\x3a\x0b\xc6\x4f\xe9\x26\xf5", 8, GRND_NONBLOCK) = 8
1846907 brk(NULL)                       = 0x37e03000
1846907 brk(0x37e24000)                 = 0x37e24000
1846907 brk(0x37e45000)                 = 0x37e45000
1846907 sigaltstack(NULL, {ss_sp=NULL, ss_flags=SS_DISABLE, ss_size=0}) = 0
1846907 brk(0x37e6f000)                 = 0x37e6f000
1846907 sigaltstack({ss_sp=0x37e3e310, ss_flags=0, ss_size=67584}, {ss_sp=NULL, ss_flags=SS_DISABLE, ss_size=0}) = 0
1846907 rt_sigaction(SIGHUP, {sa_handler=0x47d9450, sa_mask=[], sa_flags=SA_RESTORER|SA_ONSTACK|SA_NODEFER|SA_RESETHAND|0xffffffff00000000, sa_restorer=0x7f21337c4050}, {sa_handler=SIG_DFL, sa_mask=[], sa_flags=0}, 8) = 0
1846907 rt_sigaction(SIGINT, {sa_handler=0x47d9450, sa_mask=[], sa_flags=SA_RESTORER|SA_ONSTACK|SA_NODEFER|SA_RESETHAND|0xffffffff00000000, sa_restorer=0x7f21337c4050}, {sa_handler=SIG_DFL, sa_mask=[], sa_flags=0}, 8) = 0
1846907 rt_sigaction(SIGTERM, {sa_handler=0x47d9450, sa_mask=[], sa_flags=SA_RESTORER|SA_ONSTACK|SA_NODEFER|SA_RESETHAND|0xffffffff00000000, sa_restorer=0x7f21337c4050}, {sa_handler=SIG_DFL, sa_mask=[], sa_flags=0}, 8) = 0
1846907 rt_sigaction(SIGUSR2, {sa_handler=0x47d9450, sa_mask=[], sa_flags=SA_RESTORER|SA_ONSTACK|SA_NODEFER|SA_RESETHAND|0xffffffff00000000, sa_restorer=0x7f21337c4050}, {sa_handler=SIG_DFL, sa_mask=[], sa_flags=0}, 8) = 0
1846907 rt_sigaction(SIGILL, {sa_handler=0x47d9450, sa_mask=[], sa_flags=SA_RESTORER|SA_ONSTACK|SA_NODEFER|SA_RESETHAND|0xffffffff00000000, sa_restorer=0x7f21337c4050}, {sa_handler=SIG_DFL, sa_mask=[], sa_flags=0}, 8) = 0
1846907 rt_sigaction(SIGTRAP, {sa_handler=0x47d9450, sa_mask=[], sa_flags=SA_RESTORER|SA_ONSTACK|SA_NODEFER|SA_RESETHAND|0xffffffff00000000, sa_restorer=0x7f21337c4050}, {sa_handler=SIG_DFL, sa_mask=[], sa_flags=0}, 8) = 0
1846907 rt_sigaction(SIGABRT, {sa_handler=0x47d9450, sa_mask=[], sa_flags=SA_RESTORER|SA_ONSTACK|SA_NODEFER|SA_RESETHAND|0xffffffff00000000, sa_restorer=0x7f21337c4050}, {sa_handler=SIG_DFL, sa_mask=[], sa_flags=0}, 8) = 0
1846907 rt_sigaction(SIGFPE, {sa_handler=0x47d9450, sa_mask=[], sa_flags=SA_RESTORER|SA_ONSTACK|SA_NODEFER|SA_RESETHAND|0xffffffff00000000, sa_restorer=0x7f21337c4050}, {sa_handler=SIG_DFL, sa_mask=[], sa_flags=0}, 8) = 0
1846907 rt_sigaction(SIGBUS, {sa_handler=0x47d9450, sa_mask=[], sa_flags=SA_RESTORER|SA_ONSTACK|SA_NODEFER|SA_RESETHAND|0xffffffff00000000, sa_restorer=0x7f21337c4050}, {sa_handler=SIG_DFL, sa_mask=[], sa_flags=0}, 8) = 0
1846907 rt_sigaction(SIGSEGV, {sa_handler=0x47d9450, sa_mask=[], sa_flags=SA_RESTORER|SA_ONSTACK|SA_NODEFER|SA_RESETHAND|0xffffffff00000000, sa_restorer=0x7f21337c4050}, {sa_handler=SIG_DFL, sa_mask=[], sa_flags=0}, 8) = 0
1846907 rt_sigaction(SIGQUIT, {sa_handler=0x47d9450, sa_mask=[], sa_flags=SA_RESTORER|SA_ONSTACK|SA_NODEFER|SA_RESETHAND|0xffffffff00000000, sa_restorer=0x7f21337c4050}, {sa_handler=SIG_DFL, sa_mask=[], sa_flags=0}, 8) = 0
1846907 rt_sigaction(SIGSYS, {sa_handler=0x47d9450, sa_mask=[], sa_flags=SA_RESTORER|SA_ONSTACK|SA_NODEFER|SA_RESETHAND|0xffffffff00000000, sa_restorer=0x7f21337c4050}, {sa_handler=SIG_DFL, sa_mask=[], sa_flags=0}, 8) = 0
1846907 rt_sigaction(SIGXCPU, {sa_handler=0x47d9450, sa_mask=[], sa_flags=SA_RESTORER|SA_ONSTACK|SA_NODEFER|SA_RESETHAND|0xffffffff00000000, sa_restorer=0x7f21337c4050}, {sa_handler=SIG_DFL, sa_mask=[], sa_flags=0}, 8) = 0
1846907 rt_sigaction(SIGXFSZ, {sa_handler=0x47d9450, sa_mask=[], sa_flags=SA_RESTORER|SA_ONSTACK|SA_NODEFER|SA_RESETHAND|0xffffffff00000000, sa_restorer=0x7f21337c4050}, {sa_handler=SIG_DFL, sa_mask=[], sa_flags=0}, 8) = 0
1846907 rt_sigaction(SIGPIPE, {sa_handler=0x47d9450, sa_mask=[], sa_flags=SA_RESTORER|SA_ONSTACK|SA_NODEFER|SA_RESETHAND|0xffffffff00000000, sa_restorer=0x7f21337c4050}, {sa_handler=SIG_DFL, sa_mask=[], sa_flags=0}, 8) = 0
1846907 rt_sigaction(SIGUSR1, {sa_handler=0x47d9160, sa_mask=[], sa_flags=SA_RESTORER|SA_ONSTACK, sa_restorer=0x7f21337c4050}, {sa_handler=SIG_DFL, sa_mask=[], sa_flags=0}, 8) = 0
1846907 gettid()                        = 1846907
1846907 fstat(0, {st_mode=S_IFIFO|0600, st_size=0, ...}) = 0
1846907 fstat(1, {st_mode=S_IFIFO|0600, st_size=0, ...}) = 0
1846907 fstat(2, {st_mode=S_IFCHR|0666, st_rdev=makedev(0x1, 0x3), ...}) = 0
1846907 gettid()                        = 1846907
1846907 gettid()                        = 1846907
1846907 gettid()                        = 1846907
1846907 gettid()                        = 1846907
1846907 gettid()                        = 1846907
1846907 gettid()                        = 1846907
1846907 gettid()                        = 1846907
1846907 gettid()                        = 1846907
1846907 gettid()                        = 1846907
1846907 gettid()                        = 1846907
1846907 gettid()                        = 1846907
1846907 gettid()                        = 1846907
1846907 gettid()                        = 1846907
1846907 gettid()                        = 1846907
1846907 gettid()                        = 1846907
1846907 gettid()                        = 1846907
1846907 gettid()                        = 1846907
1846907 mmap(NULL, 192512, PROT_READ|PROT_WRITE, MAP_PRIVATE|MAP_ANONYMOUS, -1, 0) = 0x7f2133779000
1846907 gettid()                        = 1846907
1846907 access("/proc/self/exe", F_OK)  = 0
1846907 readlink("/proc/self/exe", "/home/shorty/Android/Sdk/ndk/25."..., 4096) = 92
1846907 readlink("/home", 0x7ffe486354a0, 1023) = -1 EINVAL (Invalid argument)
1846907 readlink("/home/shorty", 0x7ffe486354a0, 1023) = -1 EINVAL (Invalid argument)
1846907 readlink("/home/shorty/Android", 0x7ffe486354a0, 1023) = -1 EINVAL (Invalid argument)
1846907 readlink("/home/shorty/Android/Sdk", 0x7ffe486354a0, 1023) = -1 EINVAL (Invalid argument)
1846907 readlink("/home/shorty/Android/Sdk/ndk", 0x7ffe486354a0, 1023) = -1 EINVAL (Invalid argument)
1846907 readlink("/home/shorty/Android/Sdk/ndk/25.2.9519653", 0x7ffe486354a0, 1023) = -1 EINVAL (Invalid argument)
1846907 readlink("/home/shorty/Android/Sdk/ndk/25.2.9519653/toolchains", 0x7ffe486354a0, 1023) = -1 EINVAL (Invalid argument)
1846907 readlink("/home/shorty/Android/Sdk/ndk/25.2.9519653/toolchains/llvm", 0x7ffe486354a0, 1023) = -1 EINVAL (Invalid argument)
1846907 readlink("/home/shorty/Android/Sdk/ndk/25.2.9519653/toolchains/llvm/prebuilt", 0x7ffe486354a0, 1023) = -1 EINVAL (Invalid argument)
1846907 readlink("/home/shorty/Android/Sdk/ndk/25.2.9519653/toolchains/llvm/prebuilt/linux-x86_64", 0x7ffe486354a0, 1023) = -1 EINVAL (Invalid argument)
1846907 readlink("/home/shorty/Android/Sdk/ndk/25.2.9519653/toolchains/llvm/prebuilt/linux-x86_64/bin", 0x7ffe486354a0, 1023) = -1 EINVAL (Invalid argument)
1846907 readlink("/home/shorty/Android/Sdk/ndk/25.2.9519653/toolchains/llvm/prebuilt/linux-x86_64/bin/clang-14", 0x7ffe486354a0, 1023) = -1 EINVAL (Invalid argument)
1846907 ioctl(2, TCGETS, 0x7ffe48636250) = -1 ENOTTY (Inappropriate ioctl for device)
1846907 gettid()                        = 1846907
1846907 lseek(2, 0, SEEK_CUR)           = 0
1846907 fstat(2, {st_mode=S_IFCHR|0666, st_rdev=makedev(0x1, 0x3), ...}) = 0
1846907 access("/home/shorty/Android/Sdk/ndk/25.2.9519653/toolchains/llvm/prebuilt/linux-x86_64/bin", F_OK) = 0
1846907 rt_sigaction(SIGABRT, {sa_handler=0x47a3f30, sa_mask=[], sa_flags=SA_RESTORER, sa_restorer=0x7f21337c4050}, {sa_handler=0x47d9450, sa_mask=[], sa_flags=SA_RESTORER|SA_ONSTACK|SA_NODEFER|SA_RESETHAND, sa_restorer=0x7f21337c4050}, 8) = 0
1846907 rt_sigaction(SIGBUS, {sa_handler=0x47a3f30, sa_mask=[], sa_flags=SA_RESTORER, sa_restorer=0x7f21337c4050}, {sa_handler=0x47d9450, sa_mask=[], sa_flags=SA_RESTORER|SA_ONSTACK|SA_NODEFER|SA_RESETHAND, sa_restorer=0x7f21337c4050}, 8) = 0
1846907 rt_sigaction(SIGFPE, {sa_handler=0x47a3f30, sa_mask=[], sa_flags=SA_RESTORER, sa_restorer=0x7f21337c4050}, {sa_handler=0x47d9450, sa_mask=[], sa_flags=SA_RESTORER|SA_ONSTACK|SA_NODEFER|SA_RESETHAND, sa_restorer=0x7f21337c4050}, 8) = 0
1846907 rt_sigaction(SIGILL, {sa_handler=0x47a3f30, sa_mask=[], sa_flags=SA_RESTORER, sa_restorer=0x7f21337c4050}, {sa_handler=0x47d9450, sa_mask=[], sa_flags=SA_RESTORER|SA_ONSTACK|SA_NODEFER|SA_RESETHAND, sa_restorer=0x7f21337c4050}, 8) = 0
1846907 rt_sigaction(SIGSEGV, {sa_handler=0x47a3f30, sa_mask=[], sa_flags=SA_RESTORER, sa_restorer=0x7f21337c4050}, {sa_handler=0x47d9450, sa_mask=[], sa_flags=SA_RESTORER|SA_ONSTACK|SA_NODEFER|SA_RESETHAND, sa_restorer=0x7f21337c4050}, 8) = 0
1846907 rt_sigaction(SIGTRAP, {sa_handler=0x47a3f30, sa_mask=[], sa_flags=SA_RESTORER, sa_restorer=0x7f21337c4050}, {sa_handler=0x47d9450, sa_mask=[], sa_flags=SA_RESTORER|SA_ONSTACK|SA_NODEFER|SA_RESETHAND, sa_restorer=0x7f21337c4050}, 8) = 0
1846907 stat("/home/shorty/Android/Sdk/ndk/25.2.9519653/toolchains/llvm/prebuilt/linux-x86_64/lib64/clang/14.0.7/lib/x86_64-unknown-linux-android21", 0x7ffe486360e8) = -1 ENOENT (No such file or directory)
1846907 gettid()                        = 1846907
1846907 stat("/home/shorty/Android/Sdk/ndk/25.2.9519653/toolchains/llvm/prebuilt/linux-x86_64/lib64/clang/14.0.7/lib/x86_64-unknown-linux-android", 0x7ffe486360e8) = -1 ENOENT (No such file or directory)
1846907 stat("/home/shorty/Android/Sdk/ndk/25.2.9519653/toolchains/llvm/prebuilt/linux-x86_64/bin/../lib/x86_64-unknown-linux-android21", 0x7ffe486360e8) = -1 ENOENT (No such file or directory)
1846907 stat("/home/shorty/Android/Sdk/ndk/25.2.9519653/toolchains/llvm/prebuilt/linux-x86_64/lib64/clang/14.0.7/lib/linux/x86_64", {st_mode=S_IFDIR|0755, st_size=122, ...}) = 0
1846907 access("/home/shorty/Android/Sdk/ndk/25.2.9519653/toolchains/llvm/prebuilt/linux-x86_64/bin/ptxas", R_OK|X_OK) = -1 ENOENT (No such file or directory)
1846907 access("/home/shorty/.yarn/bin/ptxas", R_OK|X_OK) = -1 ENOENT (No such file or directory)
1846907 access("/home/shorty/.nvm/versions/node/v22.14.0/bin/ptxas", R_OK|X_OK) = -1 ENOENT (No such file or directory)
1846907 access("/home/shorty/.cargo/bin/ptxas", R_OK|X_OK) = -1 ENOENT (No such file or directory)
1846907 access("/home/shorty/bin/ptxas", R_OK|X_OK) = -1 ENOENT (No such file or directory)
1846907 access("/home/shorty/.local/bin/ptxas", R_OK|X_OK) = -1 ENOENT (No such file or directory)
1846907 access("/usr/games/ptxas", R_OK|X_OK) = -1 ENOENT (No such file or directory)
1846907 access("/usr/lib64/qt-3.3/bin/ptxas", R_OK|X_OK) = -1 ENOENT (No such file or directory)
1846907 access("/usr/lib64/ccache/ptxas", R_OK|X_OK) = -1 ENOENT (No such file or directory)
1846907 access("/usr/local/bin/ptxas", R_OK|X_OK) = -1 ENOENT (No such file or directory)
1846907 access("/usr/bin/ptxas", R_OK|X_OK) = -1 ENOENT (No such file or directory)
1846907 access("/bin/ptxas", R_OK|X_OK) = -1 ENOENT (No such file or directory)
1846907 access("/usr/local/sbin/ptxas", R_OK|X_OK) = -1 ENOENT (No such file or directory)
1846907 access("/usr/sbin/ptxas", R_OK|X_OK) = -1 ENOENT (No such file or directory)
1846907 access("/sbin/ptxas", R_OK|X_OK) = -1 ENOENT (No such file or directory)
1846907 access("/home/shorty/.dotnet/tools/ptxas", R_OK|X_OK) = -1 ENOENT (No such file or directory)
1846907 gettid()                        = 1846907
1846907 openat(AT_FDCWD, "/etc/os-release", O_RDONLY|O_CLOEXEC) = 3
1846907 gettid()                        = 1846907
1846907 access("/proc/self/fd", R_OK)   = 0
1846907 readlink("/proc/self/fd/3", "/usr/lib/os-release", 4096) = 19
1846907 gettid()                        = 1846907
1846907 gettid()                        = 1846907
1846907 fstat(3, {st_mode=S_IFREG|0644, st_size=682, ...}) = 0
1846907 pread64(3, "NAME=\"Fedora Linux\"\nVERSION=\"41 "..., 682, 0) = 682
1846907 rt_sigprocmask(SIG_SETMASK, ~[RTMIN RT_1], [], 8) = 0
1846907 close(3)                        = 0
1846907 rt_sigprocmask(SIG_SETMASK, [], NULL, 8) = 0
1846907 stat("/usr/local/cuda", 0x7ffe48636098) = -1 ENOENT (No such file or directory)
1846907 stat("/usr/local/cuda-8.0", 0x7ffe48636098) = -1 ENOENT (No such file or directory)
1846907 stat("/usr/local/cuda-7.5", 0x7ffe48636098) = -1 ENOENT (No such file or directory)
1846907 stat("/usr/local/cuda-7.0", 0x7ffe48636098) = -1 ENOENT (No such file or directory)
1846907 readlink("/home", 0x7ffe486347f0, 1023) = -1 EINVAL (Invalid argument)
1846907 readlink("/home/shorty", 0x7ffe486347f0, 1023) = -1 EINVAL (Invalid argument)
1846907 readlink("/home/shorty/Android", 0x7ffe486347f0, 1023) = -1 EINVAL (Invalid argument)
1846907 readlink("/home/shorty/Android/Sdk", 0x7ffe486347f0, 1023) = -1 EINVAL (Invalid argument)
1846907 readlink("/home/shorty/Android/Sdk/ndk", 0x7ffe486347f0, 1023) = -1 EINVAL (Invalid argument)
1846907 readlink("/home/shorty/Android/Sdk/ndk/25.2.9519653", 0x7ffe486347f0, 1023) = -1 EINVAL (Invalid argument)
1846907 readlink("/home/shorty/Android/Sdk/ndk/25.2.9519653/toolchains", 0x7ffe486347f0, 1023) = -1 EINVAL (Invalid argument)
1846907 readlink("/home/shorty/Android/Sdk/ndk/25.2.9519653/toolchains/llvm", 0x7ffe486347f0, 1023) = -1 EINVAL (Invalid argument)
1846907 readlink("/home/shorty/Android/Sdk/ndk/25.2.9519653/toolchains/llvm/prebuilt", 0x7ffe486347f0, 1023) = -1 EINVAL (Invalid argument)
1846907 readlink("/home/shorty/Android/Sdk/ndk/25.2.9519653/toolchains/llvm/prebuilt/linux-x86_64", 0x7ffe486347f0, 1023) = -1 EINVAL (Invalid argument)
1846907 readlink("/home/shorty/Android/Sdk/ndk/25.2.9519653/toolchains/llvm/prebuilt/linux-x86_64/bin", 0x7ffe486347f0, 1023) = -1 EINVAL (Invalid argument)
1846907 readlink("/home/shorty/Android/Sdk/ndk/25.2.9519653/toolchains/llvm/prebuilt/linux-x86_64/bin/clang-14", 0x7ffe486347f0, 1023) = -1 EINVAL (Invalid argument)
1846907 openat(AT_FDCWD, "/opt", O_RDONLY|O_NONBLOCK|O_CLOEXEC|O_DIRECTORY) = 3
1846907 fstat(3, {st_mode=S_IFDIR|0755, st_size=68, ...}) = 0
1846907 getdents64(3, 0x37e51810 /* 7 entries */, 32768) = 208
1846907 getdents64(3, 0x37e51810 /* 0 entries */, 32768) = 0
1846907 close(3)                        = 0
1846907 stat("/home/shorty/Android/Sdk/ndk/25.2.9519653/toolchains/llvm/prebuilt/linux-x86_64", {st_mode=S_IFDIR|0755, st_size=374, ...}) = 0
1846907 openat(AT_FDCWD, "/home/shorty/Android/Sdk/ndk/25.2.9519653/toolchains/llvm/prebuilt/linux-x86_64/bin/.hipVersion", O_RDONLY|O_CLOEXEC) = -1 ENOENT (No such file or directory)
1846907 stat("/home/shorty/Android/Sdk/ndk/25.2.9519653/toolchains/llvm/prebuilt/linux-x86_64", {st_mode=S_IFDIR|0755, st_size=374, ...}) = 0
1846907 openat(AT_FDCWD, "/home/shorty/Android/Sdk/ndk/25.2.9519653/toolchains/llvm/prebuilt/linux-x86_64/bin/.hipVersion", O_RDONLY|O_CLOEXEC) = -1 ENOENT (No such file or directory)
1846907 stat("/home/shorty/Android/Sdk/ndk/25.2.9519653/toolchains/llvm/prebuilt/linux-x86_64/lib64/clang/14.0.7", {st_mode=S_IFDIR|0755, st_size=36, ...}) = 0
1846907 openat(AT_FDCWD, "/home/shorty/Android/Sdk/ndk/25.2.9519653/toolchains/llvm/prebuilt/linux-x86_64/lib64/clang/14.0.7/bin/.hipVersion", O_RDONLY|O_CLOEXEC) = -1 ENOENT (No such file or directory)
1846907 stat("/opt/rocm", 0x7ffe48635e88) = -1 ENOENT (No such file or directory)
1846907 stat("/etc/env.d/gcc", 0x7ffe48635d78) = -1 ENOENT (No such file or directory)
1846907 stat("/home/shorty/Android/Sdk/ndk/25.2.9519653/toolchains/llvm/prebuilt/linux-x86_64/bin/..", {st_mode=S_IFDIR|0755, st_size=374, ...}) = 0
1846907 stat("/home/shorty/Android/Sdk/ndk/25.2.9519653/toolchains/llvm/prebuilt/linux-x86_64/bin/../lib64", {st_mode=S_IFDIR|0755, st_size=752, ...}) = 0
1846907 stat("/home/shorty/Android/Sdk/ndk/25.2.9519653/toolchains/llvm/prebuilt/linux-x86_64/bin/../lib64/gcc", 0x7ffe48635d78) = -1 ENOENT (No such file or directory)
1846907 stat("/home/shorty/Android/Sdk/ndk/25.2.9519653/toolchains/llvm/prebuilt/linux-x86_64/bin/../lib64/gcc-cross", 0x7ffe48635d78) = -1 ENOENT (No such file or directory)
1846907 stat("/home/shorty/Android/Sdk/ndk/25.2.9519653/toolchains/llvm/prebuilt/linux-x86_64/bin/../lib", {st_mode=S_IFDIR|0755, st_size=172, ...}) = 0
1846907 stat("/home/shorty/Android/Sdk/ndk/25.2.9519653/toolchains/llvm/prebuilt/linux-x86_64/bin/../lib/gcc", 0x7ffe48635d78) = -1 ENOENT (No such file or directory)
1846907 stat("/home/shorty/Android/Sdk/ndk/25.2.9519653/toolchains/llvm/prebuilt/linux-x86_64/bin/../lib/gcc-cross", 0x7ffe48635d78) = -1 ENOENT (No such file or directory)
1846907 stat("/home/shorty/Android/Sdk/ndk/25.2.9519653/toolchains/llvm/prebuilt/linux-x86_64/bin/../lib32", 0x7ffe48635d78) = -1 ENOENT (No such file or directory)
1846907 stat("/home/shorty/Android/Sdk/ndk/25.2.9519653/toolchains/llvm/prebuilt/linux-x86_64/bin/../lib", {st_mode=S_IFDIR|0755, st_size=172, ...}) = 0
1846907 stat("/home/shorty/Android/Sdk/ndk/25.2.9519653/toolchains/llvm/prebuilt/linux-x86_64/bin/../lib/gcc", 0x7ffe48635d78) = -1 ENOENT (No such file or directory)
1846907 stat("/home/shorty/Android/Sdk/ndk/25.2.9519653/toolchains/llvm/prebuilt/linux-x86_64/bin/../lib/gcc-cross", 0x7ffe48635d78) = -1 ENOENT (No such file or directory)
1846907 stat("/opt/rh/gcc-toolset-10/root/usr", 0x7ffe48635d78) = -1 ENOENT (No such file or directory)
1846907 stat("/opt/rh/devtoolset-10/root/usr", 0x7ffe48635d78) = -1 ENOENT (No such file or directory)
1846907 stat("/opt/rh/devtoolset-9/root/usr", 0x7ffe48635d78) = -1 ENOENT (No such file or directory)
1846907 stat("/opt/rh/devtoolset-8/root/usr", 0x7ffe48635d78) = -1 ENOENT (No such file or directory)
1846907 stat("/opt/rh/devtoolset-7/root/usr", 0x7ffe48635d78) = -1 ENOENT (No such file or directory)
1846907 stat("/opt/rh/devtoolset-6/root/usr", 0x7ffe48635d78) = -1 ENOENT (No such file or directory)
1846907 stat("/opt/rh/devtoolset-4/root/usr", 0x7ffe48635d78) = -1 ENOENT (No such file or directory)
1846907 stat("/opt/rh/devtoolset-3/root/usr", 0x7ffe48635d78) = -1 ENOENT (No such file or directory)
1846907 stat("/opt/rh/devtoolset-2/root/usr", 0x7ffe48635d78) = -1 ENOENT (No such file or directory)
1846907 stat("/usr", {st_mode=S_IFDIR|0755, st_size=228, ...}) = 0
1846907 stat("/usr/lib64", {st_mode=S_IFDIR|0555, st_size=227572, ...}) = 0
1846907 stat("/usr/lib64/gcc", 0x7ffe48635d78) = -1 ENOENT (No such file or directory)
1846907 stat("/usr/lib64/gcc-cross", 0x7ffe48635d78) = -1 ENOENT (No such file or directory)
1846907 stat("/usr/lib", {st_mode=S_IFDIR|0555, st_size=34628, ...}) = 0
1846907 stat("/usr/lib/gcc", {st_mode=S_IFDIR|0755, st_size=140, ...}) = 0
1846907 stat("/usr/lib/gcc-cross", 0x7ffe48635d78) = -1 ENOENT (No such file or directory)
1846907 openat(AT_FDCWD, "/usr/lib/gcc/x86_64-unknown-linux-android21", O_RDONLY|O_NONBLOCK|O_CLOEXEC|O_DIRECTORY) = -1 ENOENT (No such file or directory)
1846907 openat(AT_FDCWD, "/usr/lib/gcc/x86_64-linux-android", O_RDONLY|O_NONBLOCK|O_CLOEXEC|O_DIRECTORY) = -1 ENOENT (No such file or directory)
1846907 stat("/usr/lib32", 0x7ffe48635d78) = -1 ENOENT (No such file or directory)
1846907 stat("/usr/lib", {st_mode=S_IFDIR|0555, st_size=34628, ...}) = 0
1846907 stat("/usr/lib/gcc", {st_mode=S_IFDIR|0755, st_size=140, ...}) = 0
1846907 stat("/usr/lib/gcc-cross", 0x7ffe48635d78) = -1 ENOENT (No such file or directory)
1846907 openat(AT_FDCWD, "/usr/lib/gcc/i686-linux-android", O_RDONLY|O_NONBLOCK|O_CLOEXEC|O_DIRECTORY) = -1 ENOENT (No such file or directory)
1846907 stat("/home/shorty/Android/Sdk/ndk/25.2.9519653/toolchains/llvm/prebuilt/linux-x86_64/bin/../sysroot", {st_mode=S_IFDIR|0755, st_size=18, ...}) = 0
1846907 stat("/home/shorty/Android/Sdk/ndk/25.2.9519653/toolchains/llvm/prebuilt/linux-x86_64/bin/../sysroot/lib/x86_64-linux-android", 0x7ffe48636338) = -1 ENOENT (No such file or directory)
1846907 stat("/home/shorty/Android/Sdk/ndk/25.2.9519653/toolchains/llvm/prebuilt/linux-x86_64/bin/../sysroot/lib/../lib64", 0x7ffe48636338) = -1 ENOENT (No such file or directory)
1846907 stat("/home/shorty/Android/Sdk/ndk/25.2.9519653/toolchains/llvm/prebuilt/linux-x86_64/bin/../sysroot/usr/lib/x86_64-linux-android/21", {st_mode=S_IFDIR|0755, st_size=526, ...}) = 0
1846907 stat("/home/shorty/Android/Sdk/ndk/25.2.9519653/toolchains/llvm/prebuilt/linux-x86_64/bin/../sysroot/usr/lib/x86_64-linux-android", {st_mode=S_IFDIR|0755, st_size=250, ...}) = 0
1846907 stat("/home/shorty/Android/Sdk/ndk/25.2.9519653/toolchains/llvm/prebuilt/linux-x86_64/bin/../sysroot/usr/lib/../lib64", 0x7ffe48636338) = -1 ENOENT (No such file or directory)
1846907 stat("/home/shorty/Android/Sdk/ndk/25.2.9519653/toolchains/llvm/prebuilt/linux-x86_64/bin/../sysroot/lib", 0x7ffe48636338) = -1 ENOENT (No such file or directory)
1846907 stat("/home/shorty/Android/Sdk/ndk/25.2.9519653/toolchains/llvm/prebuilt/linux-x86_64/bin/../sysroot/usr/lib", {st_mode=S_IFDIR|0755, st_size=160, ...}) = 0
1846907 stat("/home/shorty/projects/external/love-android/love/src/jni/LuaJIT-2.1/src", {st_mode=S_IFDIR|0755, st_size=3556, ...}) = 0
1846907 stat(".", {st_mode=S_IFDIR|0755, st_size=3556, ...}) = 0
1846907 stat("/home/shorty/Android/Sdk/ndk/25.2.9519653/toolchains/llvm/prebuilt/linux-x86_64/bin/../sysroot", {st_mode=S_IFDIR|0755, st_size=18, ...}) = 0
1846907 stat("/home/shorty/Android/Sdk/ndk/25.2.9519653/toolchains/llvm/prebuilt/linux-x86_64/bin/../sysroot/usr/include/x86_64-linux-android", {st_mode=S_IFDIR|0755, st_size=6, ...}) = 0
1846907 stat("/home/shorty/projects/external/love-android/love/src/jni/LuaJIT-2.1/src", {st_mode=S_IFDIR|0755, st_size=3556, ...}) = 0
1846907 stat(".", {st_mode=S_IFDIR|0755, st_size=3556, ...}) = 0
1846907 ioctl(2, TCGETS, 0x7ffe48635690) = -1 ENOTTY (Inappropriate ioctl for device)
1846907 gettid()                        = 1846907
1846907 prlimit64(0, RLIMIT_STACK, NULL, {rlim_cur=8192*1024, rlim_max=RLIM64_INFINITY}) = 0
1846907 prlimit64(0, RLIMIT_STACK, NULL, {rlim_cur=8192*1024, rlim_max=RLIM64_INFINITY}) = 0
1846907 openat(AT_FDCWD, "/proc/self/stat", O_RDONLY) = 3
1846907 fstat(3, {st_mode=S_IFREG|0444, st_size=0, ...}) = 0
1846907 read(3, "1846907 (clang) R 1846905 184686"..., 1024) = 309
1846907 close(3)                        = 0
1846907 gettid()                        = 1846907
1846907 gettid()                        = 1846907
1846907 gettid()                        = 1846907
1846907 gettid()                        = 1846907
1846907 mmap(NULL, 200704, PROT_READ|PROT_WRITE, MAP_PRIVATE|MAP_ANONYMOUS, -1, 0) = 0x7f2133748000
1846907 brk(0x37e91000)                 = 0x37e91000
1846907 stat("/home/shorty/Android/Sdk/ndk/25.2.9519653/toolchains/llvm/prebuilt/linux-x86_64/lib64/clang/14.0.7/include", {st_mode=S_IFDIR|0755, st_size=4678, ...}) = 0
1846907 stat("/home/shorty/Android/Sdk/ndk/25.2.9519653/toolchains/llvm/prebuilt/linux-x86_64/bin/../sysroot/usr/local/include", {st_mode=S_IFDIR|0755, st_size=96, ...}) = 0
1846907 stat("/home/shorty/Android/Sdk/ndk/25.2.9519653/toolchains/llvm/prebuilt/linux-x86_64/bin/../sysroot/usr/include/x86_64-linux-android", {st_mode=S_IFDIR|0755, st_size=6, ...}) = 0
1846907 stat("/home/shorty/Android/Sdk/ndk/25.2.9519653/toolchains/llvm/prebuilt/linux-x86_64/bin/../sysroot/include", 0x7ffe48635258) = -1 ENOENT (No such file or directory)
1846907 stat("/home/shorty/Android/Sdk/ndk/25.2.9519653/toolchains/llvm/prebuilt/linux-x86_64/bin/../sysroot", {st_mode=S_IFDIR|0755, st_size=18, ...}) = 0
1846907 stat("/home/shorty/Android/Sdk/ndk/25.2.9519653/toolchains/llvm/prebuilt/linux-x86_64/bin/../sysroot/include", 0x7ffe486351e8) = -1 ENOENT (No such file or directory)
1846907 stat("/home/shorty/Android/Sdk/ndk/25.2.9519653/toolchains/llvm/prebuilt/linux-x86_64/bin/../sysroot/usr/include", {st_mode=S_IFDIR|0755, st_size=1734, ...}) = 0
1846907 read(0, "extern void b(void);int a(void){"..., 16384) = 47
1846907 read(0, "", 16384)              = 0
1846907 stat("<stdin>", 0x7ffe48635598) = -1 ENOENT (No such file or directory)
1846907 gettid()                        = 1846907
1846907 stat("tmpunwind.o", 0x7ffe486354f8) = -1 ENOENT (No such file or directory)
1846907 gettid()                        = 1846907
1846907 openat(AT_FDCWD, "/dev/urandom", O_RDONLY) = 3
1846907 read(3, "9\232\223:", 4)        = 4
1846907 close(3)                        = 0
1846907 openat(AT_FDCWD, "tmpunwind-94cc7b6c.o.tmp", O_RDWR|O_CREAT|O_EXCL|O_CLOEXEC, 0666) = 3
1846907 lseek(3, 0, SEEK_CUR)           = 0
1846907 fstat(3, {st_mode=S_IFREG|0644, st_size=0, ...}) = 0
1846907 brk(0x37eb2000)                 = 0x37eb2000
1846907 brk(0x37ed3000)                 = 0x37ed3000
1846907 brk(0x37ef4000)                 = 0x37ef4000
1846907 brk(0x37f15000)                 = 0x37f15000
1846907 brk(0x37f36000)                 = 0x37f36000
1846907 mmap(NULL, 184320, PROT_READ|PROT_WRITE, MAP_PRIVATE|MAP_ANONYMOUS, -1, 0) = 0x7f213371b000
1846907 brk(0x37f62000)                 = 0x37f62000
1846907 fstat(3, {st_mode=S_IFREG|0644, st_size=0, ...}) = 0
1846907 write(3, "\177ELF\2\1\1\0\0\0\0\0\0\0\0\0\1\0>\0\1\0\0\0\0\0\0\0\0\0\0\0"..., 1112) = 1112
1846907 lseek(3, 40, SEEK_SET)          = 40
1846907 write(3, "\30\2\0\0\0\0\0\0", 8) = 8
1846907 lseek(3, 1112, SEEK_SET)        = 1112
1846907 lseek(3, 60, SEEK_SET)          = 60
1846907 write(3, "\t\0", 2)             = 2
1846907 lseek(3, 1112, SEEK_SET)        = 1112
1846907 rename("tmpunwind-94cc7b6c.o.tmp", "tmpunwind.o") = 0
1846907 close(3)                        = 0
1846907 exit_group(0)                   = ?
1846907 +++ exited with 0 +++
1846905 <... wait4 resumed>[{WIFEXITED(s) && WEXITSTATUS(s) == 0}], 0, NULL) = 1846907
1846905 rt_sigaction(SIGINT, {sa_handler=SIG_DFL, sa_mask=[], sa_flags=SA_RESTORER, sa_restorer=0x7f0964746050}, {sa_handler=0x55925fd55580, sa_mask=[], sa_flags=SA_RESTORER, sa_restorer=0x7f0964746050}, 8) = 0
1846905 ioctl(2, TIOCGWINSZ, 0x7ffc188998a0) = -1 ENOTTY (Inappropriate ioctl for device)
1846905 rt_sigprocmask(SIG_SETMASK, [], NULL, 8) = 0
1846905 --- SIGCHLD {si_signo=SIGCHLD, si_code=CLD_EXITED, si_pid=1846907, si_uid=1000, si_status=0, si_utime=0, si_stime=1 /* 0.01 s */} ---
1846905 wait4(-1, 0x7ffc18898ad0, WNOHANG, NULL) = -1 ECHILD (No child processes)
1846905 rt_sigreturn({mask=[]})         = 0
1846905 read(255, "", 192)              = 0
1846905 rt_sigprocmask(SIG_BLOCK, [CHLD], [], 8) = 0
1846905 rt_sigprocmask(SIG_SETMASK, [], NULL, 8) = 0
1846905 exit_group(0)                   = ?
1846905 +++ exited with 0 +++
1846903 <... wait4 resumed>[{WIFEXITED(s) && WEXITSTATUS(s) == 0}], 0, NULL) = 1846905
1846903 rt_sigaction(SIGINT, {sa_handler=SIG_DFL, sa_mask=[], sa_flags=SA_RESTORER, sa_restorer=0x7f0e20dc5050}, {sa_handler=0x5591bd32b580, sa_mask=[], sa_flags=SA_RESTORER, sa_restorer=0x7f0e20dc5050}, 8) = 0
1846903 ioctl(2, TIOCGWINSZ, 0x7ffecadae6e0) = -1 ENOTTY (Inappropriate ioctl for device)
1846903 rt_sigprocmask(SIG_SETMASK, [CHLD], NULL, 8) = 0
1846903 close(3)                        = -1 EBADF (Bad file descriptor)
1846903 rt_sigprocmask(SIG_SETMASK, [], NULL, 8) = 0
1846903 --- SIGCHLD {si_signo=SIGCHLD, si_code=CLD_EXITED, si_pid=1846904, si_uid=1000, si_status=0, si_utime=0, si_stime=0} ---
1846903 wait4(-1, 0x7ffecadadc90, WNOHANG, NULL) = -1 ECHILD (No child processes)
1846903 rt_sigreturn({mask=[]})         = 0
1846903 newfstatat(AT_FDCWD, ".", {st_mode=S_IFDIR|0755, st_size=3578, ...}, 0) = 0
1846903 newfstatat(AT_FDCWD, "/home/shorty/Android/Sdk/ndk/25.2.9519653/toolchains/llvm/prebuilt/linux-x86_64/bin/grep", 0x7ffecadae520, 0) = -1 ENOENT (No such file or directory)
1846903 newfstatat(AT_FDCWD, "/home/shorty/.yarn/bin/grep", 0x7ffecadae520, 0) = -1 ENOENT (No such file or directory)
1846903 newfstatat(AT_FDCWD, "/home/shorty/.nvm/versions/node/v22.14.0/bin/grep", 0x7ffecadae520, 0) = -1 ENOENT (No such file or directory)
1846903 newfstatat(AT_FDCWD, "/home/shorty/.cargo/bin/grep", 0x7ffecadae520, 0) = -1 ENOENT (No such file or directory)
1846903 newfstatat(AT_FDCWD, "/home/shorty/bin/grep", 0x7ffecadae520, 0) = -1 ENOENT (No such file or directory)
1846903 newfstatat(AT_FDCWD, "/home/shorty/.local/bin/grep", 0x7ffecadae520, 0) = -1 ENOENT (No such file or directory)
1846903 newfstatat(AT_FDCWD, "/usr/games/grep", 0x7ffecadae520, 0) = -1 ENOENT (No such file or directory)
1846903 newfstatat(AT_FDCWD, "/usr/lib64/qt-3.3/bin/grep", 0x7ffecadae520, 0) = -1 ENOENT (No such file or directory)
1846903 newfstatat(AT_FDCWD, "/usr/lib64/ccache/grep", 0x7ffecadae520, 0) = -1 ENOENT (No such file or directory)
1846903 newfstatat(AT_FDCWD, "/usr/local/bin/grep", 0x7ffecadae520, 0) = -1 ENOENT (No such file or directory)
1846903 newfstatat(AT_FDCWD, "/usr/bin/grep", {st_mode=S_IFREG|0755, st_size=169992, ...}, 0) = 0
1846903 newfstatat(AT_FDCWD, "/usr/bin/grep", {st_mode=S_IFREG|0755, st_size=169992, ...}, 0) = 0
1846903 geteuid()                       = 1000
1846903 getegid()                       = 1000
1846903 getuid()                        = 1000
1846903 getgid()                        = 1000
1846903 access("/usr/bin/grep", X_OK)   = 0
1846903 newfstatat(AT_FDCWD, "/usr/bin/grep", {st_mode=S_IFREG|0755, st_size=169992, ...}, 0) = 0
1846903 geteuid()                       = 1000
1846903 getegid()                       = 1000
1846903 getuid()                        = 1000
1846903 getgid()                        = 1000
1846903 access("/usr/bin/grep", R_OK)   = 0
1846903 rt_sigprocmask(SIG_BLOCK, NULL, [], 8) = 0
1846903 rt_sigprocmask(SIG_BLOCK, [INT TERM CHLD], [], 8) = 0
1846903 clone(child_stack=NULL, flags=CLONE_CHILD_CLEARTID|CLONE_CHILD_SETTID|SIGCHLD, child_tidptr=0x7f0e20da8a10) = 1846908
1846903 rt_sigprocmask(SIG_SETMASK, [],  <unfinished ...>
1846908 set_robust_list(0x7f0e20da8a20, 24 <unfinished ...>
1846903 <... rt_sigprocmask resumed>NULL, 8) = 0
1846908 <... set_robust_list resumed>)  = 0
1846903 rt_sigprocmask(SIG_BLOCK, [CHLD],  <unfinished ...>
1846908 getpid( <unfinished ...>
1846903 <... rt_sigprocmask resumed>[], 8) = 0
1846908 <... getpid resumed>)           = 1846908
1846908 rt_sigprocmask(SIG_SETMASK, [],  <unfinished ...>
1846903 rt_sigprocmask(SIG_SETMASK, [],  <unfinished ...>
1846908 <... rt_sigprocmask resumed>NULL, 8) = 0
1846903 <... rt_sigprocmask resumed>NULL, 8) = 0
1846908 rt_sigaction(SIGTSTP, {sa_handler=SIG_DFL, sa_mask=[], sa_flags=SA_RESTORER, sa_restorer=0x7f0e20dc5050},  <unfinished ...>
1846903 rt_sigprocmask(SIG_BLOCK, [CHLD],  <unfinished ...>
1846908 <... rt_sigaction resumed>{sa_handler=SIG_DFL, sa_mask=[], sa_flags=SA_RESTORER, sa_restorer=0x7f0e20dc5050}, 8) = 0
1846903 <... rt_sigprocmask resumed>[], 8) = 0
1846908 rt_sigaction(SIGTTIN, {sa_handler=SIG_DFL, sa_mask=[], sa_flags=SA_RESTORER, sa_restorer=0x7f0e20dc5050},  <unfinished ...>
1846903 rt_sigaction(SIGINT, {sa_handler=0x5591bd32b580, sa_mask=[], sa_flags=SA_RESTORER, sa_restorer=0x7f0e20dc5050},  <unfinished ...>
1846908 <... rt_sigaction resumed>{sa_handler=SIG_DFL, sa_mask=[], sa_flags=SA_RESTORER, sa_restorer=0x7f0e20dc5050}, 8) = 0
1846903 <... rt_sigaction resumed>{sa_handler=SIG_DFL, sa_mask=[], sa_flags=SA_RESTORER, sa_restorer=0x7f0e20dc5050}, 8) = 0
1846908 rt_sigaction(SIGTTOU, {sa_handler=SIG_DFL, sa_mask=[], sa_flags=SA_RESTORER, sa_restorer=0x7f0e20dc5050},  <unfinished ...>
1846903 wait4(-1,  <unfinished ...>
1846908 <... rt_sigaction resumed>{sa_handler=SIG_DFL, sa_mask=[], sa_flags=SA_RESTORER, sa_restorer=0x7f0e20dc5050}, 8) = 0
1846908 rt_sigaction(SIGINT, {sa_handler=SIG_DFL, sa_mask=[], sa_flags=SA_RESTORER, sa_restorer=0x7f0e20dc5050}, {sa_handler=SIG_DFL, sa_mask=[], sa_flags=SA_RESTORER, sa_restorer=0x7f0e20dc5050}, 8) = 0
1846908 rt_sigaction(SIGQUIT, {sa_handler=SIG_DFL, sa_mask=[], sa_flags=SA_RESTORER, sa_restorer=0x7f0e20dc5050}, {sa_handler=SIG_IGN, sa_mask=[], sa_flags=SA_RESTORER, sa_restorer=0x7f0e20dc5050}, 8) = 0
1846908 rt_sigaction(SIGCHLD, {sa_handler=SIG_DFL, sa_mask=[], sa_flags=SA_RESTORER|SA_RESTART, sa_restorer=0x7f0e20dc5050}, {sa_handler=0x5591bd328140, sa_mask=[], sa_flags=SA_RESTORER|SA_RESTART, sa_restorer=0x7f0e20dc5050}, 8) = 0
1846908 execve("/usr/bin/grep", ["grep", "-qa", "-e", "eh_frame", "-e", "__unwind_info", "tmpunwind.o"], 0x5591cf93a9a0 /* 113 vars */) = 0
1846908 brk(NULL)                       = 0x562077fb7000
1846908 access("/etc/ld.so.preload", R_OK) = -1 ENOENT (No such file or directory)
1846908 openat(AT_FDCWD, "/etc/ld.so.cache", O_RDONLY|O_CLOEXEC) = 3
1846908 fstat(3, {st_mode=S_IFREG|0644, st_size=171419, ...}) = 0
1846908 mmap(NULL, 171419, PROT_READ, MAP_PRIVATE, 3, 0) = 0x7f717d670000
1846908 close(3)                        = 0
1846908 mmap(NULL, 8192, PROT_READ|PROT_WRITE, MAP_PRIVATE|MAP_ANONYMOUS, -1, 0) = 0x7f717d66e000
1846908 openat(AT_FDCWD, "/lib64/libpcre2-8.so.0", O_RDONLY|O_CLOEXEC) = 3
1846908 read(3, "\177ELF\2\1\1\0\0\0\0\0\0\0\0\0\3\0>\0\1\0\0\0\0\0\0\0\0\0\0\0"..., 832) = 832
1846908 fstat(3, {st_mode=S_IFREG|0755, st_size=653408, ...}) = 0
1846908 mmap(NULL, 651512, PROT_READ, MAP_PRIVATE|MAP_DENYWRITE, 3, 0) = 0x7f717d5ce000
1846908 mmap(0x7f717d5d0000, 471040, PROT_READ|PROT_EXEC, MAP_PRIVATE|MAP_FIXED|MAP_DENYWRITE, 3, 0x2000) = 0x7f717d5d0000
1846908 mmap(0x7f717d643000, 167936, PROT_READ, MAP_PRIVATE|MAP_FIXED|MAP_DENYWRITE, 3, 0x75000) = 0x7f717d643000
1846908 mmap(0x7f717d66c000, 8192, PROT_READ|PROT_WRITE, MAP_PRIVATE|MAP_FIXED|MAP_DENYWRITE, 3, 0x9d000) = 0x7f717d66c000
1846908 close(3)                        = 0
1846908 openat(AT_FDCWD, "/lib64/libc.so.6", O_RDONLY|O_CLOEXEC) = 3
1846908 read(3, "\177ELF\2\1\1\3\0\0\0\0\0\0\0\0\3\0>\0\1\0\0\0 4\0\0\0\0\0\0"..., 832) = 832
1846908 pread64(3, "\6\0\0\0\4\0\0\0@\0\0\0\0\0\0\0@\0\0\0\0\0\0\0@\0\0\0\0\0\0\0"..., 784, 64) = 784
1846908 fstat(3, {st_mode=S_IFREG|0755, st_size=2454144, ...}) = 0
1846908 pread64(3, "\6\0\0\0\4\0\0\0@\0\0\0\0\0\0\0@\0\0\0\0\0\0\0@\0\0\0\0\0\0\0"..., 784, 64) = 784
1846908 mmap(NULL, 2042904, PROT_READ, MAP_PRIVATE|MAP_DENYWRITE, 3, 0) = 0x7f717d3db000
1846908 mmap(0x7f717d3dc000, 1503232, PROT_READ|PROT_EXEC, MAP_PRIVATE|MAP_FIXED|MAP_DENYWRITE, 3, 0x1000) = 0x7f717d3dc000
1846908 mmap(0x7f717d54b000, 479232, PROT_READ, MAP_PRIVATE|MAP_FIXED|MAP_DENYWRITE, 3, 0x170000) = 0x7f717d54b000
1846908 mmap(0x7f717d5c0000, 24576, PROT_READ|PROT_WRITE, MAP_PRIVATE|MAP_FIXED|MAP_DENYWRITE, 3, 0x1e5000) = 0x7f717d5c0000
1846908 mmap(0x7f717d5c6000, 31768, PROT_READ|PROT_WRITE, MAP_PRIVATE|MAP_FIXED|MAP_ANONYMOUS, -1, 0) = 0x7f717d5c6000
1846908 close(3)                        = 0
1846908 mmap(NULL, 12288, PROT_READ|PROT_WRITE, MAP_PRIVATE|MAP_ANONYMOUS, -1, 0) = 0x7f717d3d8000
1846908 arch_prctl(ARCH_SET_FS, 0x7f717d3d8740) = 0
1846908 set_tid_address(0x7f717d3d8a10) = 1846908
1846908 set_robust_list(0x7f717d3d8a20, 24) = 0
1846908 rseq(0x7f717d3d9060, 0x20, 0, 0x53053053) = 0
1846908 mprotect(0x7f717d5c0000, 16384, PROT_READ) = 0
1846908 mprotect(0x7f717d66c000, 4096, PROT_READ) = 0
1846908 mprotect(0x56205bae8000, 8192, PROT_READ) = 0
1846908 mprotect(0x7f717d6d5000, 8192, PROT_READ) = 0
1846908 prlimit64(0, RLIMIT_STACK, NULL, {rlim_cur=8192*1024, rlim_max=RLIM64_INFINITY}) = 0
1846908 munmap(0x7f717d670000, 171419)  = 0
1846908 getrandom("\xa9\x48\xfd\xcb\x52\xf5\x50\xd9", 8, GRND_NONBLOCK) = 8
1846908 brk(NULL)                       = 0x562077fb7000
1846908 brk(0x562077fd8000)             = 0x562077fd8000
1846908 openat(AT_FDCWD, "/usr/lib/locale/locale-archive", O_RDONLY|O_CLOEXEC) = 3
1846908 fstat(3, {st_mode=S_IFREG|0644, st_size=232351648, ...}) = 0
1846908 mmap(NULL, 232351648, PROT_READ, MAP_PRIVATE, 3, 0) = 0x7f716f600000
1846908 close(3)                        = 0
1846908 openat(AT_FDCWD, "/usr/lib64/gconv/gconv-modules.cache", O_RDONLY|O_CLOEXEC) = 3
1846908 fstat(3, {st_mode=S_IFREG|0644, st_size=27012, ...}) = 0
1846908 mmap(NULL, 27012, PROT_READ, MAP_SHARED, 3, 0) = 0x7f717d693000
1846908 close(3)                        = 0
1846908 futex(0x7f717d5c572c, FUTEX_WAKE_PRIVATE, 2147483647) = 0
1846908 openat(AT_FDCWD, "/usr/share/locale/locale.alias", O_RDONLY|O_CLOEXEC) = 3
1846908 fstat(3, {st_mode=S_IFREG|0644, st_size=2998, ...}) = 0
1846908 read(3, "# Locale name alias data base.\n#"..., 4096) = 2998
1846908 read(3, "", 4096)               = 0
1846908 close(3)                        = 0
1846908 openat(AT_FDCWD, "/usr/share/locale/en_CA.UTF-8/LC_MESSAGES/grep.mo", O_RDONLY) = -1 ENOENT (No such file or directory)
1846908 openat(AT_FDCWD, "/usr/share/locale/en_CA.utf8/LC_MESSAGES/grep.mo", O_RDONLY) = -1 ENOENT (No such file or directory)
1846908 openat(AT_FDCWD, "/usr/share/locale/en_CA/LC_MESSAGES/grep.mo", O_RDONLY) = -1 ENOENT (No such file or directory)
1846908 openat(AT_FDCWD, "/usr/share/locale/en.UTF-8/LC_MESSAGES/grep.mo", O_RDONLY) = -1 ENOENT (No such file or directory)
1846908 openat(AT_FDCWD, "/usr/share/locale/en.utf8/LC_MESSAGES/grep.mo", O_RDONLY) = -1 ENOENT (No such file or directory)
1846908 openat(AT_FDCWD, "/usr/share/locale/en/LC_MESSAGES/grep.mo", O_RDONLY) = -1 ENOENT (No such file or directory)
1846908 openat(AT_FDCWD, "/proc/self/maps", O_RDONLY) = 3
1846908 mmap(NULL, 8192, PROT_READ|PROT_WRITE, MAP_PRIVATE|MAP_ANONYMOUS, -1, 0) = 0x7f717d691000
1846908 lseek(3, 0, SEEK_SET)           = 0
1846908 read(3, "56205bac1000-56205bac4000 r--p 0"..., 8192) = 2906
1846908 read(3, "", 5286)               = 0
1846908 close(3)                        = 0
1846908 munmap(0x7f717d691000, 8192)    = 0
1846908 sigaltstack({ss_sp=0x56205baea1a0, ss_flags=0, ss_size=65536}, NULL) = 0
1846908 rt_sigaction(SIGSEGV, {sa_handler=0x56205bad4660, sa_mask=[HUP INT QUIT USR1 USR2 PIPE ALRM TERM CHLD URG XCPU XFSZ VTALRM PROF WINCH IO PWR], sa_flags=SA_RESTORER|SA_ONSTACK|SA_SIGINFO, sa_restorer=0x7f717d3f5050}, NULL, 8) = 0
1846908 rt_sigaction(SIGSEGV, {sa_handler=0x56205bad4660, sa_mask=[HUP INT QUIT USR1 USR2 PIPE ALRM TERM CHLD URG XCPU XFSZ VTALRM PROF WINCH IO PWR], sa_flags=SA_RESTORER|SA_ONSTACK|SA_SIGINFO, sa_restorer=0x7f717d3f5050}, NULL, 8) = 0
1846908 openat(AT_FDCWD, "tmpunwind.o", O_RDONLY|O_NOCTTY) = 3
1846908 fstat(3, {st_mode=S_IFREG|0644, st_size=1112, ...}) = 0
1846908 read(3, "\177ELF\2\1\1\0\0\0\0\0\0\0\0\0\1\0>\0\1\0\0\0\0\0\0\0\0\0\0\0"..., 98304) = 1112
1846908 read(3, "", 94208)              = 0
1846908 close(1)                        = 0
1846908 close(2)                        = 0
1846908 exit_group(0)                   = ?
1846908 +++ exited with 0 +++
1846903 <... wait4 resumed>[{WIFEXITED(s) && WEXITSTATUS(s) == 0}], 0, NULL) = 1846908
1846903 rt_sigaction(SIGINT, {sa_handler=SIG_DFL, sa_mask=[], sa_flags=SA_RESTORER, sa_restorer=0x7f0e20dc5050}, {sa_handler=0x5591bd32b580, sa_mask=[], sa_flags=SA_RESTORER, sa_restorer=0x7f0e20dc5050}, 8) = 0
1846903 ioctl(2, TIOCGWINSZ, 0x7ffecadae740) = -1 ENOTTY (Inappropriate ioctl for device)
1846903 rt_sigprocmask(SIG_SETMASK, [], NULL, 8) = 0
1846903 --- SIGCHLD {si_signo=SIGCHLD, si_code=CLD_EXITED, si_pid=1846908, si_uid=1000, si_status=0, si_utime=0, si_stime=0} ---
1846903 wait4(-1, 0x7ffecadad950, WNOHANG, NULL) = -1 ECHILD (No child processes)
1846903 rt_sigreturn({mask=[]})         = 0
1846903 fstat(1, {st_mode=S_IFIFO|0600, st_size=0, ...}) = 0
1846903 write(1, "E\n", 2)              = 2
1846903 newfstatat(AT_FDCWD, ".", {st_mode=S_IFDIR|0755, st_size=3578, ...}, 0) = 0
1846903 newfstatat(AT_FDCWD, "/home/shorty/Android/Sdk/ndk/25.2.9519653/toolchains/llvm/prebuilt/linux-x86_64/bin/rm",  <unfinished ...>
1846894 <... read resumed>"E\n", 200)   = 2
1846903 <... newfstatat resumed>0x7ffecadaeae0, 0) = -1 ENOENT (No such file or directory)
1846903 newfstatat(AT_FDCWD, "/home/shorty/.yarn/bin/rm",  <unfinished ...>
1846894 read(6,  <unfinished ...>
1846903 <... newfstatat resumed>0x7ffecadaeae0, 0) = -1 ENOENT (No such file or directory)
1846903 newfstatat(AT_FDCWD, "/home/shorty/.nvm/versions/node/v22.14.0/bin/rm", 0x7ffecadaeae0, 0) = -1 ENOENT (No such file or directory)
1846903 newfstatat(AT_FDCWD, "/home/shorty/.cargo/bin/rm", 0x7ffecadaeae0, 0) = -1 ENOENT (No such file or directory)
1846903 newfstatat(AT_FDCWD, "/home/shorty/bin/rm", 0x7ffecadaeae0, 0) = -1 ENOENT (No such file or directory)
1846903 newfstatat(AT_FDCWD, "/home/shorty/.local/bin/rm", 0x7ffecadaeae0, 0) = -1 ENOENT (No such file or directory)
1846903 newfstatat(AT_FDCWD, "/usr/games/rm", 0x7ffecadaeae0, 0) = -1 ENOENT (No such file or directory)
1846903 newfstatat(AT_FDCWD, "/usr/lib64/qt-3.3/bin/rm", 0x7ffecadaeae0, 0) = -1 ENOENT (No such file or directory)
1846903 newfstatat(AT_FDCWD, "/usr/lib64/ccache/rm", 0x7ffecadaeae0, 0) = -1 ENOENT (No such file or directory)
1846903 newfstatat(AT_FDCWD, "/usr/local/bin/rm", 0x7ffecadaeae0, 0) = -1 ENOENT (No such file or directory)
1846903 newfstatat(AT_FDCWD, "/usr/bin/rm", {st_mode=S_IFREG|0755, st_size=66144, ...}, 0) = 0
1846903 newfstatat(AT_FDCWD, "/usr/bin/rm", {st_mode=S_IFREG|0755, st_size=66144, ...}, 0) = 0
1846903 geteuid()                       = 1000
1846903 getegid()                       = 1000
1846903 getuid()                        = 1000
1846903 getgid()                        = 1000
1846903 access("/usr/bin/rm", X_OK)     = 0
1846903 newfstatat(AT_FDCWD, "/usr/bin/rm", {st_mode=S_IFREG|0755, st_size=66144, ...}, 0) = 0
1846903 geteuid()                       = 1000
1846903 getegid()                       = 1000
1846903 getuid()                        = 1000
1846903 getgid()                        = 1000
1846903 access("/usr/bin/rm", R_OK)     = 0
1846903 rt_sigaction(SIGINT, {sa_handler=SIG_DFL, sa_mask=[], sa_flags=SA_RESTORER, sa_restorer=0x7f0e20dc5050}, {sa_handler=SIG_DFL, sa_mask=[], sa_flags=SA_RESTORER, sa_restorer=0x7f0e20dc5050}, 8) = 0
1846903 rt_sigaction(SIGQUIT, {sa_handler=SIG_DFL, sa_mask=[], sa_flags=SA_RESTORER, sa_restorer=0x7f0e20dc5050}, {sa_handler=SIG_IGN, sa_mask=[], sa_flags=SA_RESTORER, sa_restorer=0x7f0e20dc5050}, 8) = 0
1846903 rt_sigaction(SIGCHLD, {sa_handler=SIG_DFL, sa_mask=[], sa_flags=SA_RESTORER|SA_RESTART, sa_restorer=0x7f0e20dc5050}, {sa_handler=0x5591bd328140, sa_mask=[], sa_flags=SA_RESTORER|SA_RESTART, sa_restorer=0x7f0e20dc5050}, 8) = 0
1846903 execve("/usr/bin/rm", ["rm", "-f", "tmpunwind.o"], 0x5591cf93a9a0 /* 113 vars */) = 0
1846903 brk(NULL)                       = 0x55a137b87000
1846903 access("/etc/ld.so.preload", R_OK) = -1 ENOENT (No such file or directory)
1846903 openat(AT_FDCWD, "/etc/ld.so.cache", O_RDONLY|O_CLOEXEC) = 3
1846903 fstat(3, {st_mode=S_IFREG|0644, st_size=171419, ...}) = 0
1846903 mmap(NULL, 171419, PROT_READ, MAP_PRIVATE, 3, 0) = 0x7fd950d26000
1846903 close(3)                        = 0
1846903 mmap(NULL, 8192, PROT_READ|PROT_WRITE, MAP_PRIVATE|MAP_ANONYMOUS, -1, 0) = 0x7fd950d24000
1846903 openat(AT_FDCWD, "/lib64/libc.so.6", O_RDONLY|O_CLOEXEC) = 3
1846903 read(3, "\177ELF\2\1\1\3\0\0\0\0\0\0\0\0\3\0>\0\1\0\0\0 4\0\0\0\0\0\0"..., 832) = 832
1846903 pread64(3, "\6\0\0\0\4\0\0\0@\0\0\0\0\0\0\0@\0\0\0\0\0\0\0@\0\0\0\0\0\0\0"..., 784, 64) = 784
1846903 fstat(3, {st_mode=S_IFREG|0755, st_size=2454144, ...}) = 0
1846903 pread64(3, "\6\0\0\0\4\0\0\0@\0\0\0\0\0\0\0@\0\0\0\0\0\0\0@\0\0\0\0\0\0\0"..., 784, 64) = 784
1846903 mmap(NULL, 2042904, PROT_READ, MAP_PRIVATE|MAP_DENYWRITE, 3, 0) = 0x7fd950b31000
1846903 mmap(0x7fd950b32000, 1503232, PROT_READ|PROT_EXEC, MAP_PRIVATE|MAP_FIXED|MAP_DENYWRITE, 3, 0x1000) = 0x7fd950b32000
1846903 mmap(0x7fd950ca1000, 479232, PROT_READ, MAP_PRIVATE|MAP_FIXED|MAP_DENYWRITE, 3, 0x170000) = 0x7fd950ca1000
1846903 mmap(0x7fd950d16000, 24576, PROT_READ|PROT_WRITE, MAP_PRIVATE|MAP_FIXED|MAP_DENYWRITE, 3, 0x1e5000) = 0x7fd950d16000
1846903 mmap(0x7fd950d1c000, 31768, PROT_READ|PROT_WRITE, MAP_PRIVATE|MAP_FIXED|MAP_ANONYMOUS, -1, 0) = 0x7fd950d1c000
1846903 close(3)                        = 0
1846903 mmap(NULL, 12288, PROT_READ|PROT_WRITE, MAP_PRIVATE|MAP_ANONYMOUS, -1, 0) = 0x7fd950b2e000
1846903 arch_prctl(ARCH_SET_FS, 0x7fd950b2e740) = 0
1846903 set_tid_address(0x7fd950b2ea10) = 1846903
1846903 set_robust_list(0x7fd950b2ea20, 24) = 0
1846903 rseq(0x7fd950b2f060, 0x20, 0, 0x53053053) = 0
1846903 mprotect(0x7fd950d16000, 16384, PROT_READ) = 0
1846903 mprotect(0x55a0fc051000, 4096, PROT_READ) = 0
1846903 mprotect(0x7fd950d8b000, 8192, PROT_READ) = 0
1846903 prlimit64(0, RLIMIT_STACK, NULL, {rlim_cur=8192*1024, rlim_max=RLIM64_INFINITY}) = 0
1846903 munmap(0x7fd950d26000, 171419)  = 0
1846903 getrandom("\xf1\xf1\x83\xe4\x01\xcb\xb1\x97", 8, GRND_NONBLOCK) = 8
1846903 brk(NULL)                       = 0x55a137b87000
1846903 brk(0x55a137ba8000)             = 0x55a137ba8000
1846903 openat(AT_FDCWD, "/usr/lib/locale/locale-archive", O_RDONLY|O_CLOEXEC) = 3
1846903 fstat(3, {st_mode=S_IFREG|0644, st_size=232351648, ...}) = 0
1846903 mmap(NULL, 232351648, PROT_READ, MAP_PRIVATE, 3, 0) = 0x7fd942c00000
1846903 close(3)                        = 0
1846903 ioctl(0, TCGETS, {c_iflag=ICRNL|IUTF8, c_oflag=NL0|CR0|TAB0|BS0|VT0|FF0|OPOST|ONLCR, c_cflag=B38400|CS8|CREAD, c_lflag=ISIG|ICANON|ECHO|ECHOE|ECHOK|IEXTEN|ECHOCTL|ECHOKE, ...}) = 0
1846903 newfstatat(AT_FDCWD, "tmpunwind.o", {st_mode=S_IFREG|0644, st_size=1112, ...}, AT_SYMLINK_NOFOLLOW) = 0
1846903 unlinkat(AT_FDCWD, "tmpunwind.o", 0) = 0
1846903 lseek(0, 0, SEEK_CUR)           = -1 ESPIPE (Illegal seek)
1846903 close(0)                        = 0
1846903 close(1)                        = 0
1846903 close(2)                        = 0
1846903 exit_group(0)                   = ?
1846894 <... read resumed>"", 198)      = 0
1846894 close(6 <unfinished ...>
1846903 +++ exited with 0 +++
1846894 <... close resumed>)            = 0
1846894 wait4(-1, [{WIFEXITED(s) && WEXITSTATUS(s) == 0}], 0, NULL) = 1846903
1846894 read(5, "  DASM_AFLAGS+= -D GPR64\n  endif"..., 4096) = 4096
1846894 read(5, "= @:\n\n##########################"..., 4096) = 3778
1846894 newfstatat(AT_FDCWD, "../.git/HEAD", 0x7ffc11d08d30, AT_SYMLINK_NOFOLLOW) = -1 ENOENT (No such file or directory)
1846894 newfstatat(AT_FDCWD, "../.git/refs/heads", 0x7ffc11d08ba0, 0) = -1 ENOENT (No such file or directory)
1846894 newfstatat(AT_FDCWD, "../dynasm", {st_mode=S_IFDIR|0755, st_size=330, ...}, 0) = 0
1846894 openat(AT_FDCWD, "../dynasm", O_RDONLY|O_NONBLOCK|O_CLOEXEC|O_DIRECTORY) = 6
1846894 fstat(6, {st_mode=S_IFDIR|0755, st_size=330, ...}) = 0
1846894 getdents64(6, 0x5567e700b880 /* 16 entries */, 32768) = 520
1846894 getdents64(6, 0x5567e700b880 /* 0 entries */, 32768) = 0
1846894 close(6)                        = 0
1846894 openat(AT_FDCWD, "/usr/lib64/gconv/gconv-modules.cache", O_RDONLY|O_CLOEXEC) = 6
1846894 fstat(6, {st_mode=S_IFREG|0644, st_size=27012, ...}) = 0
1846894 mmap(NULL, 27012, PROT_READ, MAP_SHARED, 6, 0) = 0x7f23e5a04000
1846894 close(6)                        = 0
1846894 futex(0x7f23e59d672c, FUTEX_WAKE_PRIVATE, 2147483647) = 0
1846894 openat(AT_FDCWD, "Makefile.dep", O_RDONLY) = 6
1846894 fcntl(6, F_GETFD)               = 0
1846894 fcntl(6, F_SETFD, FD_CLOEXEC)   = 0
1846894 fstat(6, {st_mode=S_IFREG|0644, st_size=16285, ...}) = 0
1846894 read(6, "lib_aux.o: lib_aux.c lua.h luaco"..., 4096) = 4096
1846894 brk(0x5567e7036000)             = 0x5567e7036000
1846894 newfstatat(AT_FDCWD, ".", {st_mode=S_IFDIR|0755, st_size=3556, ...}, 0) = 0
1846894 openat(AT_FDCWD, ".", O_RDONLY|O_NONBLOCK|O_CLOEXEC|O_DIRECTORY) = 7
1846894 fstat(7, {st_mode=S_IFDIR|0755, st_size=3556, ...}) = 0
1846894 getdents64(7, 0x5567e70153e0 /* 171 entries */, 32768) = 5720
1846894 getdents64(7, 0x5567e70153e0 /* 0 entries */, 32768) = 0
1846894 close(7)                        = 0
1846894 read(6, "_str.h lj_bc.h lj_ctype.h lj_dis"..., 4096) = 4096
1846894 read(6, "j.h lua.h luaconf.h lj_def.h lj_"..., 4096) = 4096
1846894 read(6, "j_bc.h lj_ctype.h lj_trace.h lj_"..., 4096) = 3997
1846894 read(6, "", 4096)               = 0
1846894 close(6)                        = 0
1846894 read(5, "", 4096)               = 0
1846894 close(5)                        = 0
1846894 brk(0x5567e7057000)             = 0x5567e7057000
1846894 newfstatat(AT_FDCWD, "RCS", 0x7ffc11d09ed0, 0) = -1 ENOENT (No such file or directory)
1846894 newfstatat(AT_FDCWD, "SCCS", 0x7ffc11d09ed0, 0) = -1 ENOENT (No such file or directory)
1846894 newfstatat(AT_FDCWD, "Makefile", {st_mode=S_IFREG|0644, st_size=24258, ...}, 0) = 0
1846894 newfstatat(AT_FDCWD, "Makefile.dep", {st_mode=S_IFREG|0644, st_size=16285, ...}, 0) = 0
1846894 newfstatat(AT_FDCWD, "luajit", 0x7ffc11d07c90, 0) = -1 ENOENT (No such file or directory)
1846894 newfstatat(AT_FDCWD, "libluajit.a", 0x7ffc11d07b10, 0) = -1 ENOENT (No such file or directory)
1846894 newfstatat(AT_FDCWD, "lj_vm.o", 0x7ffc11d07990, 0) = -1 ENOENT (No such file or directory)
1846894 newfstatat(AT_FDCWD, "lj_vm.S", 0x7ffc11d07810, 0) = -1 ENOENT (No such file or directory)
1846894 newfstatat(AT_FDCWD, "host/buildvm", 0x7ffc11d07690, 0) = -1 ENOENT (No such file or directory)
1846894 newfstatat(AT_FDCWD, "host/buildvm.o", {st_mode=S_IFREG|0644, st_size=223776, ...}, 0) = 0
1846894 newfstatat(AT_FDCWD, "host/buildvm.c", {st_mode=S_IFREG|0644, st_size=13267, ...}, 0) = 0
1846894 newfstatat(AT_FDCWD, "host", {st_mode=S_IFDIR|0755, st_size=462, ...}, 0) = 0
1846894 openat(AT_FDCWD, "host", O_RDONLY|O_NONBLOCK|O_CLOEXEC|O_DIRECTORY) = 5
1846894 fstat(5, {st_mode=S_IFDIR|0755, st_size=462, ...}) = 0
1846894 getdents64(5, 0x5567e703ccc0 /* 21 entries */, 32768) = 752
1846894 getdents64(5, 0x5567e703ccc0 /* 0 entries */, 32768) = 0
1846894 close(5)                        = 0
1846894 newfstatat(AT_FDCWD, "host/RCS", 0x7ffc11d08100, 0) = -1 ENOENT (No such file or directory)
1846894 newfstatat(AT_FDCWD, "host/SCCS", 0x7ffc11d08100, 0) = -1 ENOENT (No such file or directory)
1846894 newfstatat(AT_FDCWD, "../dynasm/dasm_arm64.h", {st_mode=S_IFREG|0644, st_size=16118, ...}, 0) = 0
1846894 newfstatat(AT_FDCWD, "../dynasm/RCS", 0x7ffc11d080f0, 0) = -1 ENOENT (No such file or directory)
1846894 newfstatat(AT_FDCWD, "../dynasm/SCCS", 0x7ffc11d080f0, 0) = -1 ENOENT (No such file or directory)
1846894 newfstatat(AT_FDCWD, "../dynasm/dasm_arm.h", {st_mode=S_IFREG|0644, st_size=13338, ...}, 0) = 0
1846894 newfstatat(AT_FDCWD, "../dynasm/dasm_mips.h", {st_mode=S_IFREG|0644, st_size=12235, ...}, 0) = 0
1846894 newfstatat(AT_FDCWD, "../dynasm/dasm_ppc.h", {st_mode=S_IFREG|0644, st_size=12212, ...}, 0) = 0
1846894 newfstatat(AT_FDCWD, "../dynasm/dasm_proto.h", {st_mode=S_IFREG|0644, st_size=2062, ...}, 0) = 0
1846894 newfstatat(AT_FDCWD, "../dynasm/dasm_x86.h", {st_mode=S_IFREG|0644, st_size=16503, ...}, 0) = 0
1846894 newfstatat(AT_FDCWD, "host/buildvm.h", {st_mode=S_IFREG|0644, st_size=2592, ...}, 0) = 0
1846894 newfstatat(AT_FDCWD, "lj_def.h", {st_mode=S_IFREG|0644, st_size=12122, ...}, 0) = 0
1846894 newfstatat(AT_FDCWD, "lua.h", {st_mode=S_IFREG|0644, st_size=12324, ...}, 0) = 0
1846894 newfstatat(AT_FDCWD, "luaconf.h", {st_mode=S_IFREG|0644, st_size=4585, ...}, 0) = 0
1846894 newfstatat(AT_FDCWD, "lj_arch.h", {st_mode=S_IFREG|0644, st_size=19259, ...}, 0) = 0
1846894 newfstatat(AT_FDCWD, "lj_obj.h", {st_mode=S_IFREG|0644, st_size=36720, ...}, 0) = 0
1846894 newfstatat(AT_FDCWD, "lj_gc.h", {st_mode=S_IFREG|0644, st_size=4989, ...}, 0) = 0
1846894 newfstatat(AT_FDCWD, "lj_bc.h", {st_mode=S_IFREG|0644, st_size=8363, ...}, 0) = 0
1846894 newfstatat(AT_FDCWD, "lj_ir.h", {st_mode=S_IFREG|0644, st_size=20105, ...}, 0) = 0
1846894 newfstatat(AT_FDCWD, "lj_ircall.h", {st_mode=S_IFREG|0644, st_size=12805, ...}, 0) = 0
1846894 newfstatat(AT_FDCWD, "lj_jit.h", {st_mode=S_IFREG|0644, st_size=17847, ...}, 0) = 0
1846894 newfstatat(AT_FDCWD, "lj_frame.h", {st_mode=S_IFREG|0644, st_size=9109, ...}, 0) = 0
1846894 newfstatat(AT_FDCWD, "lj_dispatch.h", {st_mode=S_IFREG|0644, st_size=5433, ...}, 0) = 0
1846894 newfstatat(AT_FDCWD, "lj_ctype.h", {st_mode=S_IFREG|0644, st_size=17562, ...}, 0) = 0
1846894 newfstatat(AT_FDCWD, "lj_ccall.h", {st_mode=S_IFREG|0644, st_size=4984, ...}, 0) = 0
1846894 newfstatat(AT_FDCWD, "luajit.h", {st_mode=S_IFREG|0644, st_size=2985, ...}, 0) = 0
1846894 newfstatat(AT_FDCWD, "luajit_rolling.h", {st_mode=S_IFREG|0644, st_size=2979, ...}, 0) = 0
1846894 newfstatat(AT_FDCWD, "host/buildvm_arch.h", {st_mode=S_IFREG|0644, st_size=244292, ...}, 0) = 0
1846894 newfstatat(AT_FDCWD, "vm_x64.dasc", {st_mode=S_IFREG|0644, st_size=135134, ...}, 0) = 0
1846894 newfstatat(AT_FDCWD, "lj_traceerr.h", {st_mode=S_IFREG|0644, st_size=2101, ...}, 0) = 0
1846894 newfstatat(AT_FDCWD, "host/buildvm_asm.o", {st_mode=S_IFREG|0644, st_size=25480, ...}, 0) = 0
1846894 newfstatat(AT_FDCWD, "host/buildvm_asm.c", {st_mode=S_IFREG|0644, st_size=9334, ...}, 0) = 0
1846894 newfstatat(AT_FDCWD, "host/buildvm_peobj.o", {st_mode=S_IFREG|0644, st_size=9328, ...}, 0) = 0
1846894 newfstatat(AT_FDCWD, "host/buildvm_peobj.c", {st_mode=S_IFREG|0644, st_size=15095, ...}, 0) = 0
1846894 newfstatat(AT_FDCWD, "host/buildvm_lib.o", {st_mode=S_IFREG|0644, st_size=54864, ...}, 0) = 0
1846894 newfstatat(AT_FDCWD, "host/buildvm_lib.c", {st_mode=S_IFREG|0644, st_size=12330, ...}, 0) = 0
1846894 newfstatat(AT_FDCWD, "lj_lib.h", {st_mode=S_IFREG|0644, st_size=3817, ...}, 0) = 0
1846894 newfstatat(AT_FDCWD, "host/buildvm_libbc.h", {st_mode=S_IFREG|0644, st_size=4370, ...}, 0) = 0
1846894 newfstatat(AT_FDCWD, "host/buildvm_fold.o", {st_mode=S_IFREG|0644, st_size=36072, ...}, 0) = 0
1846894 newfstatat(AT_FDCWD, "host/buildvm_fold.c", {st_mode=S_IFREG|0644, st_size=6554, ...}, 0) = 0
1846894 rt_sigprocmask(SIG_BLOCK, [HUP INT QUIT PIPE TERM XCPU XFSZ], NULL, 8) = 0
1846894 newfstatat(AT_FDCWD, "/bin/sh", {st_mode=S_IFREG|0755, st_size=1414688, ...}, 0) = 0
1846894 geteuid()                       = 1000
1846894 getegid()                       = 1000
1846894 getuid()                        = 1000
1846894 getgid()                        = 1000
1846894 access("/bin/sh", X_OK)         = 0
1846894 newfstatat(AT_FDCWD, "/bin/sh", {st_mode=S_IFREG|0755, st_size=1414688, ...}, 0) = 0
1846894 mmap(NULL, 36864, PROT_READ|PROT_WRITE, MAP_PRIVATE|MAP_ANONYMOUS|MAP_STACK, -1, 0) = 0x7f23e59fb000
1846894 rt_sigprocmask(SIG_BLOCK, ~[], [HUP INT QUIT PIPE TERM CHLD XCPU XFSZ], 8) = 0
1846894 clone3({flags=CLONE_VM|CLONE_VFORK|CLONE_CLEAR_SIGHAND, exit_signal=SIGCHLD, stack=0x7f23e59fb000, stack_size=0x9000}, 88 <unfinished ...>
1846909 rt_sigprocmask(SIG_BLOCK, NULL, ~[KILL STOP], 8) = 0
1846909 rt_sigprocmask(SIG_SETMASK, [], NULL, 8) = 0
1846909 execve("/bin/sh", ["/bin/sh", "-c", "echo \"HOSTLINK  host/buildvm\""], 0x5567e7038880 /* 113 vars */ <unfinished ...>
1846894 <... clone3 resumed>)           = 1846909
1846894 munmap(0x7f23e59fb000, 36864)   = 0
1846894 rt_sigprocmask(SIG_SETMASK, [HUP INT QUIT PIPE TERM CHLD XCPU XFSZ], NULL, 8) = 0
1846894 rt_sigprocmask(SIG_UNBLOCK, [HUP INT QUIT PIPE TERM XCPU XFSZ],  <unfinished ...>
1846909 <... execve resumed>)           = 0
1846894 <... rt_sigprocmask resumed>NULL, 8) = 0
1846894 newfstatat(AT_FDCWD, "ljamalg.o", 0x7ffc11d07990, 0) = -1 ENOENT (No such file or directory)
1846909 brk(NULL <unfinished ...>
1846894 newfstatat(AT_FDCWD, "ljamalg.c",  <unfinished ...>
1846909 <... brk resumed>)              = 0x55a26f05f000
1846894 <... newfstatat resumed>{st_mode=S_IFREG|0644, st_size=1942, ...}, 0) = 0
1846894 newfstatat(AT_FDCWD, "lauxlib.h",  <unfinished ...>
1846909 access("/etc/ld.so.preload", R_OK <unfinished ...>
1846894 <... newfstatat resumed>{st_mode=S_IFREG|0644, st_size=6152, ...}, 0) = 0
1846909 <... access resumed>)           = -1 ENOENT (No such file or directory)
1846894 newfstatat(AT_FDCWD, "lj_assert.c",  <unfinished ...>
1846909 openat(AT_FDCWD, "/etc/ld.so.cache", O_RDONLY|O_CLOEXEC <unfinished ...>
1846894 <... newfstatat resumed>{st_mode=S_IFREG|0644, st_size=610, ...}, 0) = 0
1846909 <... openat resumed>)           = 3
1846909 fstat(3, {st_mode=S_IFREG|0644, st_size=171419, ...}) = 0
1846894 newfstatat(AT_FDCWD, "lj_gc.c",  <unfinished ...>
1846909 mmap(NULL, 171419, PROT_READ, MAP_PRIVATE, 3, 0 <unfinished ...>
1846894 <... newfstatat resumed>{st_mode=S_IFREG|0644, st_size=29019, ...}, 0) = 0
1846909 <... mmap resumed>)             = 0x7f8f9dfee000
1846909 close(3 <unfinished ...>
1846894 newfstatat(AT_FDCWD, "lj_err.h",  <unfinished ...>
1846909 <... close resumed>)            = 0
1846894 <... newfstatat resumed>{st_mode=S_IFREG|0644, st_size=2060, ...}, 0) = 0
1846909 mmap(NULL, 8192, PROT_READ|PROT_WRITE, MAP_PRIVATE|MAP_ANONYMOUS, -1, 0 <unfinished ...>
1846894 newfstatat(AT_FDCWD, "lj_errmsg.h",  <unfinished ...>
1846909 <... mmap resumed>)             = 0x7f8f9dfec000
1846894 <... newfstatat resumed>{st_mode=S_IFREG|0644, st_size=8231, ...}, 0) = 0
1846909 openat(AT_FDCWD, "/lib64/libtinfo.so.6", O_RDONLY|O_CLOEXEC <unfinished ...>
1846894 newfstatat(AT_FDCWD, "lj_buf.h",  <unfinished ...>
1846909 <... openat resumed>)           = 3
1846894 <... newfstatat resumed>{st_mode=S_IFREG|0644, st_size=5897, ...}, 0) = 0
1846909 read(3, "\177ELF\2\1\1\0\0\0\0\0\0\0\0\0\3\0>\0\1\0\0\0\0\0\0\0\0\0\0\0"..., 832) = 832
1846894 newfstatat(AT_FDCWD, "lj_str.h",  <unfinished ...>
1846909 fstat(3,  <unfinished ...>
1846894 <... newfstatat resumed>{st_mode=S_IFREG|0644, st_size=940, ...}, 0) = 0
1846909 <... fstat resumed>{st_mode=S_IFREG|0755, st_size=187416, ...}) = 0
1846894 newfstatat(AT_FDCWD, "lj_tab.h",  <unfinished ...>
1846909 mmap(NULL, 186656, PROT_READ, MAP_PRIVATE|MAP_DENYWRITE, 3, 0 <unfinished ...>
1846894 <... newfstatat resumed>{st_mode=S_IFREG|0644, st_size=3370, ...}, 0) = 0
1846909 <... mmap resumed>)             = 0x7f8f9dfbe000
1846894 newfstatat(AT_FDCWD, "lj_func.h",  <unfinished ...>
1846909 mmap(0x7f8f9dfc4000, 86016, PROT_READ|PROT_EXEC, MAP_PRIVATE|MAP_FIXED|MAP_DENYWRITE, 3, 0x6000 <unfinished ...>
1846894 <... newfstatat resumed>{st_mode=S_IFREG|0644, st_size=776, ...}, 0) = 0
1846909 <... mmap resumed>)             = 0x7f8f9dfc4000
1846894 newfstatat(AT_FDCWD, "lj_udata.h",  <unfinished ...>
1846909 mmap(0x7f8f9dfd9000, 57344, PROT_READ, MAP_PRIVATE|MAP_FIXED|MAP_DENYWRITE, 3, 0x1b000 <unfinished ...>
1846894 <... newfstatat resumed>{st_mode=S_IFREG|0644, st_size=393, ...}, 0) = 0
1846909 <... mmap resumed>)             = 0x7f8f9dfd9000
1846909 mmap(0x7f8f9dfe7000, 20480, PROT_READ|PROT_WRITE, MAP_PRIVATE|MAP_FIXED|MAP_DENYWRITE, 3, 0x28000 <unfinished ...>
1846894 newfstatat(AT_FDCWD, "lj_meta.h",  <unfinished ...>
1846909 <... mmap resumed>)             = 0x7f8f9dfe7000
1846894 <... newfstatat resumed>{st_mode=S_IFREG|0644, st_size=1519, ...}, 0) = 0
1846909 close(3 <unfinished ...>
1846894 newfstatat(AT_FDCWD, "lj_state.h",  <unfinished ...>
1846909 <... close resumed>)            = 0
1846894 <... newfstatat resumed>{st_mode=S_IFREG|0644, st_size=1267, ...}, 0) = 0
1846909 openat(AT_FDCWD, "/lib64/libc.so.6", O_RDONLY|O_CLOEXEC) = 3
1846894 newfstatat(AT_FDCWD, "lj_cdata.h",  <unfinished ...>
1846909 read(3,  <unfinished ...>
1846894 <... newfstatat resumed>{st_mode=S_IFREG|0644, st_size=2298, ...}, 0) = 0
1846909 <... read resumed>"\177ELF\2\1\1\3\0\0\0\0\0\0\0\0\3\0>\0\1\0\0\0 4\0\0\0\0\0\0"..., 832) = 832
1846909 pread64(3,  <unfinished ...>
1846894 newfstatat(AT_FDCWD, "lj_trace.h",  <unfinished ...>
1846909 <... pread64 resumed>"\6\0\0\0\4\0\0\0@\0\0\0\0\0\0\0@\0\0\0\0\0\0\0@\0\0\0\0\0\0\0"..., 784, 64) = 784
1846894 <... newfstatat resumed>{st_mode=S_IFREG|0644, st_size=1765, ...}, 0) = 0
1846909 fstat(3, {st_mode=S_IFREG|0755, st_size=2454144, ...}) = 0
1846894 newfstatat(AT_FDCWD, "lj_vm.h",  <unfinished ...>
1846909 pread64(3,  <unfinished ...>
1846894 <... newfstatat resumed>{st_mode=S_IFREG|0644, st_size=3592, ...}, 0) = 0
1846909 <... pread64 resumed>"\6\0\0\0\4\0\0\0@\0\0\0\0\0\0\0@\0\0\0\0\0\0\0@\0\0\0\0\0\0\0"..., 784, 64) = 784
1846894 newfstatat(AT_FDCWD, "lj_vmevent.h",  <unfinished ...>
1846909 mmap(NULL, 2042904, PROT_READ, MAP_PRIVATE|MAP_DENYWRITE, 3, 0 <unfinished ...>
1846894 <... newfstatat resumed>{st_mode=S_IFREG|0644, st_size=1606, ...}, 0) = 0
1846909 <... mmap resumed>)             = 0x7f8f9ddcb000
1846909 mmap(0x7f8f9ddcc000, 1503232, PROT_READ|PROT_EXEC, MAP_PRIVATE|MAP_FIXED|MAP_DENYWRITE, 3, 0x1000 <unfinished ...>
1846894 newfstatat(AT_FDCWD, "lj_err.c",  <unfinished ...>
1846909 <... mmap resumed>)             = 0x7f8f9ddcc000
1846894 <... newfstatat resumed>{st_mode=S_IFREG|0644, st_size=35210, ...}, 0) = 0
1846909 mmap(0x7f8f9df3b000, 479232, PROT_READ, MAP_PRIVATE|MAP_FIXED|MAP_DENYWRITE, 3, 0x170000) = 0x7f8f9df3b000
1846894 newfstatat(AT_FDCWD, "lj_debug.h",  <unfinished ...>
1846909 mmap(0x7f8f9dfb0000, 24576, PROT_READ|PROT_WRITE, MAP_PRIVATE|MAP_FIXED|MAP_DENYWRITE, 3, 0x1e5000 <unfinished ...>
1846894 <... newfstatat resumed>{st_mode=S_IFREG|0644, st_size=1943, ...}, 0) = 0
1846909 <... mmap resumed>)             = 0x7f8f9dfb0000
1846909 mmap(0x7f8f9dfb6000, 31768, PROT_READ|PROT_WRITE, MAP_PRIVATE|MAP_FIXED|MAP_ANONYMOUS, -1, 0 <unfinished ...>
1846894 newfstatat(AT_FDCWD, "lj_ff.h",  <unfinished ...>
1846909 <... mmap resumed>)             = 0x7f8f9dfb6000
1846894 <... newfstatat resumed>{st_mode=S_IFREG|0644, st_size=364, ...}, 0) = 0
1846909 close(3 <unfinished ...>
1846894 newfstatat(AT_FDCWD, "lj_ffdef.h",  <unfinished ...>
1846909 <... close resumed>)            = 0
1846894 <... newfstatat resumed>0x7ffc11d07810, 0) = -1 ENOENT (No such file or directory)
1846909 mmap(NULL, 12288, PROT_READ|PROT_WRITE, MAP_PRIVATE|MAP_ANONYMOUS, -1, 0 <unfinished ...>
1846894 newfstatat(AT_FDCWD, "lib_base.c",  <unfinished ...>
1846909 <... mmap resumed>)             = 0x7f8f9ddc8000
1846894 <... newfstatat resumed>{st_mode=S_IFREG|0644, st_size=17647, ...}, 0) = 0
1846909 arch_prctl(ARCH_SET_FS, 0x7f8f9ddc8740 <unfinished ...>
1846894 newfstatat(AT_FDCWD, "lib_math.c",  <unfinished ...>
1846909 <... arch_prctl resumed>)       = 0
1846894 <... newfstatat resumed>{st_mode=S_IFREG|0644, st_size=5213, ...}, 0) = 0
1846909 set_tid_address(0x7f8f9ddc8a10) = 1846909
1846894 newfstatat(AT_FDCWD, "lib_bit.c",  <unfinished ...>
1846909 set_robust_list(0x7f8f9ddc8a20, 24 <unfinished ...>
1846894 <... newfstatat resumed>{st_mode=S_IFREG|0644, st_size=4393, ...}, 0) = 0
1846909 <... set_robust_list resumed>)  = 0
1846909 rseq(0x7f8f9ddc9060, 0x20, 0, 0x53053053) = 0
1846894 newfstatat(AT_FDCWD, "lib_string.c", {st_mode=S_IFREG|0644, st_size=17739, ...}, 0) = 0
1846909 mprotect(0x7f8f9dfb0000, 16384, PROT_READ <unfinished ...>
1846894 newfstatat(AT_FDCWD, "lib_table.c",  <unfinished ...>
1846909 <... mprotect resumed>)         = 0
1846894 <... newfstatat resumed>{st_mode=S_IFREG|0644, st_size=7922, ...}, 0) = 0
1846909 mprotect(0x7f8f9dfe7000, 16384, PROT_READ <unfinished ...>
1846894 newfstatat(AT_FDCWD, "lib_io.c",  <unfinished ...>
1846909 <... mprotect resumed>)         = 0
1846894 <... newfstatat resumed>{st_mode=S_IFREG|0644, st_size=13889, ...}, 0) = 0
1846894 newfstatat(AT_FDCWD, "lib_os.c",  <unfinished ...>
1846909 mprotect(0x55a25481f000, 16384, PROT_READ <unfinished ...>
1846894 <... newfstatat resumed>{st_mode=S_IFREG|0644, st_size=6604, ...}, 0) = 0
1846909 <... mprotect resumed>)         = 0
1846909 mprotect(0x7f8f9e053000, 8192, PROT_READ <unfinished ...>
1846894 newfstatat(AT_FDCWD, "lib_package.c",  <unfinished ...>
1846909 <... mprotect resumed>)         = 0
1846894 <... newfstatat resumed>{st_mode=S_IFREG|0644, st_size=18224, ...}, 0) = 0
1846909 prlimit64(0, RLIMIT_STACK, NULL,  <unfinished ...>
1846894 newfstatat(AT_FDCWD, "lib_debug.c",  <unfinished ...>
1846909 <... prlimit64 resumed>{rlim_cur=8192*1024, rlim_max=RLIM64_INFINITY}) = 0
1846894 <... newfstatat resumed>{st_mode=S_IFREG|0644, st_size=9548, ...}, 0) = 0
1846909 munmap(0x7f8f9dfee000, 171419 <unfinished ...>
1846894 newfstatat(AT_FDCWD, "lib_jit.c",  <unfinished ...>
1846909 <... munmap resumed>)           = 0
1846894 <... newfstatat resumed>{st_mode=S_IFREG|0644, st_size=20024, ...}, 0) = 0
1846909 openat(AT_FDCWD, "/dev/tty", O_RDWR|O_NONBLOCK <unfinished ...>
1846894 newfstatat(AT_FDCWD, "lib_ffi.c",  <unfinished ...>
1846909 <... openat resumed>)           = 3
1846894 <... newfstatat resumed>{st_mode=S_IFREG|0644, st_size=22806, ...}, 0) = 0
1846909 close(3)                        = 0
1846894 newfstatat(AT_FDCWD, "lib_buffer.c",  <unfinished ...>
1846909 getrandom( <unfinished ...>
1846894 <... newfstatat resumed>{st_mode=S_IFREG|0644, st_size=9065, ...}, 0) = 0
1846909 <... getrandom resumed>"\x23\x02\x68\x9a\x4b\xf6\x12\xa4", 8, GRND_NONBLOCK) = 8
1846909 brk(NULL <unfinished ...>
1846894 newfstatat(AT_FDCWD, "lj_strfmt.h",  <unfinished ...>
1846909 <... brk resumed>)              = 0x55a26f05f000
1846894 <... newfstatat resumed>{st_mode=S_IFREG|0644, st_size=4705, ...}, 0) = 0
1846909 brk(0x55a26f080000 <unfinished ...>
1846894 newfstatat(AT_FDCWD, "lj_char.c",  <unfinished ...>
1846909 <... brk resumed>)              = 0x55a26f080000
1846894 <... newfstatat resumed>{st_mode=S_IFREG|0644, st_size=1980, ...}, 0) = 0
1846909 openat(AT_FDCWD, "/usr/lib/locale/locale-archive", O_RDONLY|O_CLOEXEC <unfinished ...>
1846894 newfstatat(AT_FDCWD, "lj_char.h",  <unfinished ...>
1846909 <... openat resumed>)           = 3
1846894 <... newfstatat resumed>{st_mode=S_IFREG|0644, st_size=1437, ...}, 0) = 0
1846909 fstat(3, {st_mode=S_IFREG|0644, st_size=232351648, ...}) = 0
1846894 newfstatat(AT_FDCWD, "lj_bc.c",  <unfinished ...>
1846909 mmap(NULL, 232351648, PROT_READ, MAP_PRIVATE, 3, 0 <unfinished ...>
1846894 <... newfstatat resumed>{st_mode=S_IFREG|0644, st_size=261, ...}, 0) = 0
1846909 <... mmap resumed>)             = 0x7f8f90000000
1846909 close(3 <unfinished ...>
1846894 newfstatat(AT_FDCWD, "lj_bcdef.h",  <unfinished ...>
1846909 <... close resumed>)            = 0
1846894 <... newfstatat resumed>0x7ffc11d07810, 0) = -1 ENOENT (No such file or directory)
1846894 newfstatat(AT_FDCWD, "lj_obj.c",  <unfinished ...>
1846909 openat(AT_FDCWD, "/usr/lib64/gconv/gconv-modules.cache", O_RDONLY|O_CLOEXEC <unfinished ...>
1846894 <... newfstatat resumed>{st_mode=S_IFREG|0644, st_size=1342, ...}, 0) = 0
1846909 <... openat resumed>)           = 3
1846909 fstat(3, {st_mode=S_IFREG|0644, st_size=27012, ...}) = 0
1846894 newfstatat(AT_FDCWD, "lj_buf.c",  <unfinished ...>
1846909 mmap(NULL, 27012, PROT_READ, MAP_SHARED, 3, 0 <unfinished ...>
1846894 <... newfstatat resumed>{st_mode=S_IFREG|0644, st_size=7633, ...}, 0) = 0
1846909 <... mmap resumed>)             = 0x7f8f9e011000
1846894 newfstatat(AT_FDCWD, "lj_str.c",  <unfinished ...>
1846909 close(3 <unfinished ...>
1846894 <... newfstatat resumed>{st_mode=S_IFREG|0644, st_size=10777, ...}, 0) = 0
1846909 <... close resumed>)            = 0
1846909 futex(0x7f8f9dfb572c, FUTEX_WAKE_PRIVATE, 2147483647 <unfinished ...>
1846894 newfstatat(AT_FDCWD, "lj_prng.h",  <unfinished ...>
1846909 <... futex resumed>)            = 0
1846894 <... newfstatat resumed>{st_mode=S_IFREG|0644, st_size=649, ...}, 0) = 0
1846909 getuid( <unfinished ...>
1846894 newfstatat(AT_FDCWD, "lj_tab.c",  <unfinished ...>
1846909 <... getuid resumed>)           = 1000
1846894 <... newfstatat resumed>{st_mode=S_IFREG|0644, st_size=19713, ...}, 0) = 0
1846909 getgid()                        = 1000
1846894 newfstatat(AT_FDCWD, "lj_func.c",  <unfinished ...>
1846909 geteuid( <unfinished ...>
1846894 <... newfstatat resumed>{st_mode=S_IFREG|0644, st_size=5935, ...}, 0) = 0
1846909 <... geteuid resumed>)          = 1000
1846909 getegid()                       = 1000
1846894 newfstatat(AT_FDCWD, "lj_udata.c",  <unfinished ...>
1846909 rt_sigprocmask(SIG_BLOCK, NULL,  <unfinished ...>
1846894 <... newfstatat resumed>{st_mode=S_IFREG|0644, st_size=1757, ...}, 0) = 0
1846909 <... rt_sigprocmask resumed>[], 8) = 0
1846894 newfstatat(AT_FDCWD, "lj_meta.c", {st_mode=S_IFREG|0644, st_size=15371, ...}, 0) = 0
1846909 rt_sigaction(SIGCHLD, {sa_handler=SIG_DFL, sa_mask=[], sa_flags=SA_RESTORER|SA_RESTART, sa_restorer=0x7f8f9dde5050},  <unfinished ...>
1846894 newfstatat(AT_FDCWD, "lj_strscan.h", {st_mode=S_IFREG|0644, st_size=1106, ...}, 0) = 0
1846909 <... rt_sigaction resumed>{sa_handler=SIG_DFL, sa_mask=[], sa_flags=0}, 8) = 0
1846894 newfstatat(AT_FDCWD, "lj_debug.c",  <unfinished ...>
1846909 rt_sigaction(SIGCHLD, {sa_handler=SIG_DFL, sa_mask=[], sa_flags=SA_RESTORER|SA_RESTART, sa_restorer=0x7f8f9dde5050},  <unfinished ...>
1846894 <... newfstatat resumed>{st_mode=S_IFREG|0644, st_size=20191, ...}, 0) = 0
1846909 <... rt_sigaction resumed>{sa_handler=SIG_DFL, sa_mask=[], sa_flags=SA_RESTORER|SA_RESTART, sa_restorer=0x7f8f9dde5050}, 8) = 0
1846909 rt_sigaction(SIGINT, {sa_handler=SIG_DFL, sa_mask=[], sa_flags=SA_RESTORER, sa_restorer=0x7f8f9dde5050},  <unfinished ...>
1846894 newfstatat(AT_FDCWD, "lj_prng.c", {st_mode=S_IFREG|0644, st_size=6843, ...}, 0) = 0
1846909 <... rt_sigaction resumed>{sa_handler=SIG_DFL, sa_mask=[], sa_flags=0}, 8) = 0
1846894 newfstatat(AT_FDCWD, "lj_state.c",  <unfinished ...>
1846909 rt_sigaction(SIGINT, {sa_handler=SIG_DFL, sa_mask=[], sa_flags=SA_RESTORER, sa_restorer=0x7f8f9dde5050},  <unfinished ...>
1846894 <... newfstatat resumed>{st_mode=S_IFREG|0644, st_size=11191, ...}, 0) = 0
1846909 <... rt_sigaction resumed>{sa_handler=SIG_DFL, sa_mask=[], sa_flags=SA_RESTORER, sa_restorer=0x7f8f9dde5050}, 8) = 0
1846909 rt_sigaction(SIGQUIT, {sa_handler=SIG_DFL, sa_mask=[], sa_flags=SA_RESTORER, sa_restorer=0x7f8f9dde5050}, {sa_handler=SIG_DFL, sa_mask=[], sa_flags=0}, 8) = 0
1846894 newfstatat(AT_FDCWD, "lj_lex.h",  <unfinished ...>
1846909 rt_sigaction(SIGQUIT, {sa_handler=SIG_DFL, sa_mask=[], sa_flags=SA_RESTORER, sa_restorer=0x7f8f9dde5050},  <unfinished ...>
1846894 <... newfstatat resumed>{st_mode=S_IFREG|0644, st_size=3368, ...}, 0) = 0
1846909 <... rt_sigaction resumed>{sa_handler=SIG_DFL, sa_mask=[], sa_flags=SA_RESTORER, sa_restorer=0x7f8f9dde5050}, 8) = 0
1846894 newfstatat(AT_FDCWD, "lj_alloc.h",  <unfinished ...>
1846909 rt_sigaction(SIGTSTP, {sa_handler=SIG_DFL, sa_mask=[], sa_flags=SA_RESTORER, sa_restorer=0x7f8f9dde5050},  <unfinished ...>
1846894 <... newfstatat resumed>{st_mode=S_IFREG|0644, st_size=396, ...}, 0) = 0
1846909 <... rt_sigaction resumed>{sa_handler=SIG_DFL, sa_mask=[], sa_flags=0}, 8) = 0
1846909 rt_sigaction(SIGTSTP, {sa_handler=SIG_DFL, sa_mask=[], sa_flags=SA_RESTORER, sa_restorer=0x7f8f9dde5050},  <unfinished ...>
1846894 newfstatat(AT_FDCWD, "lj_dispatch.c",  <unfinished ...>
1846909 <... rt_sigaction resumed>{sa_handler=SIG_DFL, sa_mask=[], sa_flags=SA_RESTORER, sa_restorer=0x7f8f9dde5050}, 8) = 0
1846894 <... newfstatat resumed>{st_mode=S_IFREG|0644, st_size=16973, ...}, 0) = 0
1846909 rt_sigaction(SIGTTIN, {sa_handler=SIG_DFL, sa_mask=[], sa_flags=SA_RESTORER, sa_restorer=0x7f8f9dde5050}, {sa_handler=SIG_DFL, sa_mask=[], sa_flags=0}, 8) = 0
1846909 rt_sigaction(SIGTTIN, {sa_handler=SIG_DFL, sa_mask=[], sa_flags=SA_RESTORER, sa_restorer=0x7f8f9dde5050},  <unfinished ...>
1846894 newfstatat(AT_FDCWD, "lj_ccallback.h",  <unfinished ...>
1846909 <... rt_sigaction resumed>{sa_handler=SIG_DFL, sa_mask=[], sa_flags=SA_RESTORER, sa_restorer=0x7f8f9dde5050}, 8) = 0
1846894 <... newfstatat resumed>{st_mode=S_IFREG|0644, st_size=631, ...}, 0) = 0
1846909 rt_sigaction(SIGTTOU, {sa_handler=SIG_DFL, sa_mask=[], sa_flags=SA_RESTORER, sa_restorer=0x7f8f9dde5050}, {sa_handler=SIG_DFL, sa_mask=[], sa_flags=0}, 8) = 0
1846894 newfstatat(AT_FDCWD, "lj_profile.h",  <unfinished ...>
1846909 rt_sigaction(SIGTTOU, {sa_handler=SIG_DFL, sa_mask=[], sa_flags=SA_RESTORER, sa_restorer=0x7f8f9dde5050},  <unfinished ...>
1846894 <... newfstatat resumed>{st_mode=S_IFREG|0644, st_size=430, ...}, 0) = 0
1846909 <... rt_sigaction resumed>{sa_handler=SIG_DFL, sa_mask=[], sa_flags=SA_RESTORER, sa_restorer=0x7f8f9dde5050}, 8) = 0
1846909 rt_sigprocmask(SIG_BLOCK, NULL,  <unfinished ...>
1846894 newfstatat(AT_FDCWD, "lj_vmevent.c",  <unfinished ...>
1846909 <... rt_sigprocmask resumed>[], 8) = 0
1846894 <... newfstatat resumed>{st_mode=S_IFREG|0644, st_size=1552, ...}, 0) = 0
1846909 rt_sigaction(SIGQUIT, {sa_handler=SIG_IGN, sa_mask=[], sa_flags=SA_RESTORER, sa_restorer=0x7f8f9dde5050}, {sa_handler=SIG_DFL, sa_mask=[], sa_flags=SA_RESTORER, sa_restorer=0x7f8f9dde5050}, 8) = 0
1846909 uname( <unfinished ...>
1846894 newfstatat(AT_FDCWD, "lj_vmmath.c",  <unfinished ...>
1846909 <... uname resumed>{sysname="Linux", nodename="Shorty-Laptop", ...}) = 0
1846894 <... newfstatat resumed>{st_mode=S_IFREG|0644, st_size=3638, ...}, 0) = 0
1846894 newfstatat(AT_FDCWD, "lj_strscan.c", {st_mode=S_IFREG|0644, st_size=17205, ...}, 0) = 0
1846894 newfstatat(AT_FDCWD, "lj_strfmt.c",  <unfinished ...>
1846909 newfstatat(AT_FDCWD, "/home/shorty/projects/external/love-android/love/src/jni/LuaJIT-2.1/src",  <unfinished ...>
1846894 <... newfstatat resumed>{st_mode=S_IFREG|0644, st_size=16610, ...}, 0) = 0
1846909 <... newfstatat resumed>{st_mode=S_IFDIR|0755, st_size=3556, ...}, 0) = 0
1846909 newfstatat(AT_FDCWD, ".",  <unfinished ...>
1846894 newfstatat(AT_FDCWD, "lj_strfmt_num.c",  <unfinished ...>
1846909 <... newfstatat resumed>{st_mode=S_IFDIR|0755, st_size=3556, ...}, 0) = 0
1846894 <... newfstatat resumed>{st_mode=S_IFREG|0644, st_size=20410, ...}, 0) = 0
1846909 newfstatat(AT_FDCWD, "/home", {st_mode=S_IFDIR|0755, st_size=12, ...}, 0) = 0
1846909 newfstatat(AT_FDCWD, "/home/shorty",  <unfinished ...>
1846894 newfstatat(AT_FDCWD, "lj_serialize.c",  <unfinished ...>
1846909 <... newfstatat resumed>{st_mode=S_IFDIR|0750, st_size=7224, ...}, 0) = 0
1846894 <... newfstatat resumed>{st_mode=S_IFREG|0644, st_size=15654, ...}, 0) = 0
1846909 newfstatat(AT_FDCWD, "/home/shorty/projects", {st_mode=S_IFDIR|0755, st_size=2500, ...}, 0) = 0
1846909 newfstatat(AT_FDCWD, "/home/shorty/projects/external",  <unfinished ...>
1846894 newfstatat(AT_FDCWD, "lj_serialize.h",  <unfinished ...>
1846909 <... newfstatat resumed>{st_mode=S_IFDIR|0755, st_size=1214, ...}, 0) = 0
1846894 <... newfstatat resumed>{st_mode=S_IFREG|0644, st_size=816, ...}, 0) = 0
1846909 newfstatat(AT_FDCWD, "/home/shorty/projects/external/love-android", {st_mode=S_IFDIR|0755, st_size=504, ...}, 0) = 0
1846894 newfstatat(AT_FDCWD, "lj_api.c",  <unfinished ...>
1846909 newfstatat(AT_FDCWD, "/home/shorty/projects/external/love-android/love",  <unfinished ...>
1846894 <... newfstatat resumed>{st_mode=S_IFREG|0644, st_size=32285, ...}, 0) = 0
1846909 <... newfstatat resumed>{st_mode=S_IFDIR|0755, st_size=76, ...}, 0) = 0
1846909 newfstatat(AT_FDCWD, "/home/shorty/projects/external/love-android/love/src", {st_mode=S_IFDIR|0755, st_size=36, ...}, 0) = 0
1846894 newfstatat(AT_FDCWD, "lj_profile.c",  <unfinished ...>
1846909 newfstatat(AT_FDCWD, "/home/shorty/projects/external/love-android/love/src/jni",  <unfinished ...>
1846894 <... newfstatat resumed>{st_mode=S_IFREG|0644, st_size=9259, ...}, 0) = 0
1846909 <... newfstatat resumed>{st_mode=S_IFDIR|0755, st_size=538, ...}, 0) = 0
1846909 newfstatat(AT_FDCWD, "/home/shorty/projects/external/love-android/love/src/jni/LuaJIT-2.1", {st_mode=S_IFDIR|0755, st_size=274, ...}, 0) = 0
1846894 newfstatat(AT_FDCWD, "lj_lex.c",  <unfinished ...>
1846909 newfstatat(AT_FDCWD, "/home/shorty/projects/external/love-android/love/src/jni/LuaJIT-2.1/src",  <unfinished ...>
1846894 <... newfstatat resumed>{st_mode=S_IFREG|0644, st_size=13668, ...}, 0) = 0
1846909 <... newfstatat resumed>{st_mode=S_IFDIR|0755, st_size=3556, ...}, 0) = 0
1846909 getpid()                        = 1846909
1846894 newfstatat(AT_FDCWD, "lualib.h", {st_mode=S_IFREG|0644, st_size=1165, ...}, 0) = 0
1846909 getppid()                       = 1846894
1846894 newfstatat(AT_FDCWD, "lj_parse.h", {st_mode=S_IFREG|0644, st_size=417, ...}, 0) = 0
1846909 getpid()                        = 1846909
1846894 newfstatat(AT_FDCWD, "lj_parse.c",  <unfinished ...>
1846909 getppid( <unfinished ...>
1846894 <... newfstatat resumed>{st_mode=S_IFREG|0644, st_size=80954, ...}, 0) = 0
1846909 <... getppid resumed>)          = 1846894
1846909 getpid()                        = 1846909
1846909 getppid( <unfinished ...>
1846894 newfstatat(AT_FDCWD, "lj_bcread.c",  <unfinished ...>
1846909 <... getppid resumed>)          = 1846894
1846894 <... newfstatat resumed>{st_mode=S_IFREG|0644, st_size=13101, ...}, 0) = 0
1846909 getpgrp()                       = 1846868
1846894 newfstatat(AT_FDCWD, "lj_bcdump.h",  <unfinished ...>
1846909 ioctl(2, TIOCGPGRP <unfinished ...>
1846894 <... newfstatat resumed>{st_mode=S_IFREG|0644, st_size=2011, ...}, 0) = 0
1846909 <... ioctl resumed>, [1846868]) = 0
1846909 rt_sigaction(SIGCHLD, {sa_handler=0x55a25470e140, sa_mask=[], sa_flags=SA_RESTORER|SA_RESTART, sa_restorer=0x7f8f9dde5050},  <unfinished ...>
1846894 newfstatat(AT_FDCWD, "lj_bcwrite.c",  <unfinished ...>
1846909 <... rt_sigaction resumed>{sa_handler=SIG_DFL, sa_mask=[], sa_flags=SA_RESTORER|SA_RESTART, sa_restorer=0x7f8f9dde5050}, 8) = 0
1846894 <... newfstatat resumed>{st_mode=S_IFREG|0644, st_size=10708, ...}, 0) = 0
1846909 prlimit64(0, RLIMIT_NPROC, NULL, {rlim_cur=126640, rlim_max=126640}) = 0
1846894 newfstatat(AT_FDCWD, "lj_load.c", {st_mode=S_IFREG|0644, st_size=4310, ...}, 0) = 0
1846894 newfstatat(AT_FDCWD, "lj_ctype.c", {st_mode=S_IFREG|0644, st_size=18926, ...}, 0) = 0
1846909 rt_sigprocmask(SIG_BLOCK, NULL, [], 8) = 0
1846894 newfstatat(AT_FDCWD, "lj_cdata.c", {st_mode=S_IFREG|0644, st_size=9413, ...}, 0) = 0
1846909 rt_sigprocmask(SIG_BLOCK, NULL, [], 8) = 0
1846894 newfstatat(AT_FDCWD, "lj_cconv.h", {st_mode=S_IFREG|0644, st_size=2101, ...}, 0) = 0
1846909 fstat(1, {st_mode=S_IFCHR|0600, st_rdev=makedev(0x88, 0x4), ...}) = 0
1846894 newfstatat(AT_FDCWD, "lj_cconv.c",  <unfinished ...>
1846909 write(1, "HOSTLINK  host/buildvm\n", 23 <unfinished ...>
1846894 <... newfstatat resumed>{st_mode=S_IFREG|0644, st_size=25488, ...}, 0) = 0
1846909 <... write resumed>)            = 23
1846909 rt_sigprocmask(SIG_BLOCK, [CHLD],  <unfinished ...>
1846894 newfstatat(AT_FDCWD, "lj_ccall.c",  <unfinished ...>
1846909 <... rt_sigprocmask resumed>[], 8) = 0
1846894 <... newfstatat resumed>{st_mode=S_IFREG|0644, st_size=36746, ...}, 0) = 0
1846909 rt_sigprocmask(SIG_SETMASK, [], NULL, 8) = 0
1846894 newfstatat(AT_FDCWD, "lj_ccallback.c",  <unfinished ...>
1846909 exit_group(0 <unfinished ...>
1846894 <... newfstatat resumed>{st_mode=S_IFREG|0644, st_size=22614, ...}, 0) = 0
1846909 <... exit_group resumed>)       = ?
1846894 newfstatat(AT_FDCWD, "lj_target.h", {st_mode=S_IFREG|0644, st_size=6060, ...}, 0) = 0
1846894 newfstatat(AT_FDCWD, "lj_target_arm64.h", {st_mode=S_IFREG|0644, st_size=9927, ...}, 0) = 0
1846894 newfstatat(AT_FDCWD, "lj_target_arm.h", {st_mode=S_IFREG|0644, st_size=7128, ...}, 0) = 0
1846894 newfstatat(AT_FDCWD, "lj_target_mips.h", {st_mode=S_IFREG|0644, st_size=10852, ...}, 0) = 0
1846894 newfstatat(AT_FDCWD, "lj_target_ppc.h", {st_mode=S_IFREG|0644, st_size=7518, ...}, 0) = 0
1846909 +++ exited with 0 +++
1846894 newfstatat(AT_FDCWD, "lj_target_x86.h", {st_mode=S_IFREG|0644, st_size=10598, ...}, 0) = 0
1846894 newfstatat(AT_FDCWD, "lj_mcode.h", {st_mode=S_IFREG|0644, st_size=691, ...}, 0) = 0
1846894 newfstatat(AT_FDCWD, "lj_carith.c", {st_mode=S_IFREG|0644, st_size=12754, ...}, 0) = 0
1846894 newfstatat(AT_FDCWD, "lj_carith.h", {st_mode=S_IFREG|0644, st_size=1123, ...}, 0) = 0
1846894 newfstatat(AT_FDCWD, "lj_clib.c", {st_mode=S_IFREG|0644, st_size=11073, ...}, 0) = 0
1846894 newfstatat(AT_FDCWD, "lj_clib.h", {st_mode=S_IFREG|0644, st_size=754, ...}, 0) = 0
1846894 newfstatat(AT_FDCWD, "lj_cparse.c", {st_mode=S_IFREG|0644, st_size=57924, ...}, 0) = 0
1846894 newfstatat(AT_FDCWD, "lj_cparse.h", {st_mode=S_IFREG|0644, st_size=2247, ...}, 0) = 0
1846894 newfstatat(AT_FDCWD, "lj_lib.c", {st_mode=S_IFREG|0644, st_size=9292, ...}, 0) = 0
1846894 newfstatat(AT_FDCWD, "lj_ir.c", {st_mode=S_IFREG|0644, st_size=13269, ...}, 0) = 0
1846894 newfstatat(AT_FDCWD, "lj_iropt.h", {st_mode=S_IFREG|0644, st_size=5986, ...}, 0) = 0
1846894 newfstatat(AT_FDCWD, "lj_opt_mem.c", {st_mode=S_IFREG|0644, st_size=33324, ...}, 0) = 0
1846894 newfstatat(AT_FDCWD, "lj_opt_fold.c", {st_mode=S_IFREG|0644, st_size=73262, ...}, 0) = 0
1846894 newfstatat(AT_FDCWD, "lj_folddef.h", 0x7ffc11d07810, 0) = -1 ENOENT (No such file or directory)
1846894 newfstatat(AT_FDCWD, "lj_opt_narrow.c", {st_mode=S_IFREG|0644, st_size=24360, ...}, 0) = 0
1846894 newfstatat(AT_FDCWD, "lj_opt_dce.c", {st_mode=S_IFREG|0644, st_size=1915, ...}, 0) = 0
1846894 newfstatat(AT_FDCWD, "lj_opt_loop.c", {st_mode=S_IFREG|0644, st_size=15617, ...}, 0) = 0
1846894 newfstatat(AT_FDCWD, "lj_snap.h", {st_mode=S_IFREG|0644, st_size=939, ...}, 0) = 0
1846894 newfstatat(AT_FDCWD, "lj_opt_split.c", {st_mode=S_IFREG|0644, st_size=26258, ...}, 0) = 0
1846894 newfstatat(AT_FDCWD, "lj_opt_sink.c", {st_mode=S_IFREG|0644, st_size=7572, ...}, 0) = 0
1846894 newfstatat(AT_FDCWD, "lj_mcode.c", {st_mode=S_IFREG|0644, st_size=10204, ...}, 0) = 0
1846894 newfstatat(AT_FDCWD, "lj_snap.c", {st_mode=S_IFREG|0644, st_size=32571, ...}, 0) = 0
1846894 newfstatat(AT_FDCWD, "lj_record.c", {st_mode=S_IFREG|0644, st_size=95779, ...}, 0) = 0
1846894 newfstatat(AT_FDCWD, "lj_record.h", {st_mode=S_IFREG|0644, st_size=1788, ...}, 0) = 0
1846894 newfstatat(AT_FDCWD, "lj_ffrecord.h", {st_mode=S_IFREG|0644, st_size=637, ...}, 0) = 0
1846894 newfstatat(AT_FDCWD, "lj_crecord.c", {st_mode=S_IFREG|0644, st_size=64359, ...}, 0) = 0
1846894 newfstatat(AT_FDCWD, "lj_crecord.h", {st_mode=S_IFREG|0644, st_size=1979, ...}, 0) = 0
1846894 newfstatat(AT_FDCWD, "lj_ffrecord.c", {st_mode=S_IFREG|0644, st_size=50979, ...}, 0) = 0
1846894 newfstatat(AT_FDCWD, "lj_recdef.h", 0x7ffc11d07810, 0) = -1 ENOENT (No such file or directory)
1846894 newfstatat(AT_FDCWD, "lj_asm.c", {st_mode=S_IFREG|0644, st_size=79858, ...}, 0) = 0
1846894 newfstatat(AT_FDCWD, "lj_asm.h", {st_mode=S_IFREG|0644, st_size=356, ...}, 0) = 0
1846894 newfstatat(AT_FDCWD, "lj_emit_arm64.h", {st_mode=S_IFREG|0644, st_size=14161, ...}, 0) = 0
1846894 newfstatat(AT_FDCWD, "lj_emit_arm.h", {st_mode=S_IFREG|0644, st_size=11226, ...}, 0) = 0
1846894 newfstatat(AT_FDCWD, "lj_emit_mips.h", {st_mode=S_IFREG|0644, st_size=9134, ...}, 0) = 0
1846894 newfstatat(AT_FDCWD, "lj_emit_ppc.h", {st_mode=S_IFREG|0644, st_size=7180, ...}, 0) = 0
1846894 newfstatat(AT_FDCWD, "lj_emit_x86.h", {st_mode=S_IFREG|0644, st_size=15525, ...}, 0) = 0
1846894 newfstatat(AT_FDCWD, "lj_asm_arm64.h", {st_mode=S_IFREG|0644, st_size=68718, ...}, 0) = 0
1846894 newfstatat(AT_FDCWD, "lj_asm_arm.h", {st_mode=S_IFREG|0644, st_size=74531, ...}, 0) = 0
1846894 newfstatat(AT_FDCWD, "lj_asm_mips.h", {st_mode=S_IFREG|0644, st_size=90790, ...}, 0) = 0
1846894 newfstatat(AT_FDCWD, "lj_asm_ppc.h", {st_mode=S_IFREG|0644, st_size=75799, ...}, 0) = 0
1846894 newfstatat(AT_FDCWD, "lj_asm_x86.h", {st_mode=S_IFREG|0644, st_size=105289, ...}, 0) = 0
1846894 newfstatat(AT_FDCWD, "lj_trace.c", {st_mode=S_IFREG|0644, st_size=29696, ...}, 0) = 0
1846894 newfstatat(AT_FDCWD, "lj_gdbjit.h", {st_mode=S_IFREG|0644, st_size=464, ...}, 0) = 0
1846894 newfstatat(AT_FDCWD, "lj_gdbjit.c", {st_mode=S_IFREG|0644, st_size=22143, ...}, 0) = 0
1846894 newfstatat(AT_FDCWD, "lj_alloc.c", {st_mode=S_IFREG|0644, st_size=42205, ...}, 0) = 0
1846894 newfstatat(AT_FDCWD, "lib_aux.c", {st_mode=S_IFREG|0644, st_size=10132, ...}, 0) = 0
1846894 newfstatat(AT_FDCWD, "lj_libdef.h", 0x7ffc11d07810, 0) = -1 ENOENT (No such file or directory)
1846894 newfstatat(AT_FDCWD, "lib_init.c", {st_mode=S_IFREG|0644, st_size=1355, ...}, 0) = 0
1846894 newfstatat(AT_FDCWD, "luajit.o", {st_mode=S_IFREG|0644, st_size=54288, ...}, 0) = 0
1846894 newfstatat(AT_FDCWD, "luajit.c", {st_mode=S_IFREG|0644, st_size=14870, ...}, 0) = 0
1846894 newfstatat(AT_FDCWD, "jit/vmdef.lua", 0x7ffc11d07b10, 0) = -1 ENOENT (No such file or directory)
1846894 newfstatat(AT_FDCWD, "libluajit.so", 0x7ffc11d07b10, 0) = -1 ENOENT (No such file or directory)
1846894 wait4(-1, [{WIFEXITED(s) && WEXITSTATUS(s) == 0}], 0, NULL) = 1846909
1846894 rt_sigprocmask(SIG_BLOCK, [HUP INT QUIT PIPE TERM XCPU XFSZ], NULL, 8) = 0
1846894 newfstatat(AT_FDCWD, "/home/shorty/Android/Sdk/ndk/25.2.9519653/toolchains/llvm/prebuilt/linux-x86_64/bin/gcc", 0x7ffc11d099a0, 0) = -1 ENOENT (No such file or directory)
1846894 newfstatat(AT_FDCWD, "/home/shorty/.yarn/bin/gcc", 0x7ffc11d099a0, 0) = -1 ENOENT (No such file or directory)
1846894 newfstatat(AT_FDCWD, "/home/shorty/.nvm/versions/node/v22.14.0/bin/gcc", 0x7ffc11d099a0, 0) = -1 ENOENT (No such file or directory)
1846894 newfstatat(AT_FDCWD, "/home/shorty/.cargo/bin/gcc", 0x7ffc11d099a0, 0) = -1 ENOENT (No such file or directory)
1846894 newfstatat(AT_FDCWD, "/home/shorty/bin/gcc", 0x7ffc11d099a0, 0) = -1 ENOENT (No such file or directory)
1846894 newfstatat(AT_FDCWD, "/home/shorty/.local/bin/gcc", 0x7ffc11d099a0, 0) = -1 ENOENT (No such file or directory)
1846894 newfstatat(AT_FDCWD, "/usr/games/gcc", 0x7ffc11d099a0, 0) = -1 ENOENT (No such file or directory)
1846894 newfstatat(AT_FDCWD, "/usr/lib64/qt-3.3/bin/gcc", 0x7ffc11d099a0, 0) = -1 ENOENT (No such file or directory)
1846894 newfstatat(AT_FDCWD, "/usr/lib64/ccache/gcc", {st_mode=S_IFREG|0755, st_size=1263624, ...}, 0) = 0
1846894 geteuid()                       = 1000
1846894 getegid()                       = 1000
1846894 getuid()                        = 1000
1846894 getgid()                        = 1000
1846894 access("/usr/lib64/ccache/gcc", X_OK) = 0
1846894 newfstatat(AT_FDCWD, "/usr/lib64/ccache/gcc", {st_mode=S_IFREG|0755, st_size=1263624, ...}, 0) = 0
1846894 mmap(NULL, 36864, PROT_READ|PROT_WRITE, MAP_PRIVATE|MAP_ANONYMOUS|MAP_STACK, -1, 0) = 0x7f23e59fb000
1846894 rt_sigprocmask(SIG_BLOCK, ~[], [HUP INT QUIT PIPE TERM CHLD XCPU XFSZ], 8) = 0
1846894 clone3({flags=CLONE_VM|CLONE_VFORK|CLONE_CLEAR_SIGHAND, exit_signal=SIGCHLD, stack=0x7f23e59fb000, stack_size=0x9000}, 88 <unfinished ...>
1846910 rt_sigprocmask(SIG_BLOCK, NULL, ~[KILL STOP], 8) = 0
1846910 rt_sigprocmask(SIG_SETMASK, [], NULL, 8) = 0
1846910 execve("/usr/lib64/ccache/gcc", ["gcc", "-g", "-o", "host/buildvm", "host/buildvm.o", "host/buildvm_asm.o", "host/buildvm_peobj.o", "host/buildvm_lib.o", "host/buildvm_fold.o"], 0x5567e7038880 /* 113 vars */ <unfinished ...>
1846894 <... clone3 resumed>)           = 1846910
1846894 munmap(0x7f23e59fb000, 36864)   = 0
1846894 rt_sigprocmask(SIG_SETMASK, [HUP INT QUIT PIPE TERM CHLD XCPU XFSZ], NULL, 8) = 0
1846894 rt_sigprocmask(SIG_UNBLOCK, [HUP INT QUIT PIPE TERM XCPU XFSZ],  <unfinished ...>
1846910 <... execve resumed>)           = 0
1846894 <... rt_sigprocmask resumed>NULL, 8) = 0
1846894 wait4(-1,  <unfinished ...>
1846910 brk(NULL)                       = 0x563f90299000
1846910 access("/etc/ld.so.preload", R_OK) = -1 ENOENT (No such file or directory)
1846910 openat(AT_FDCWD, "/etc/ld.so.cache", O_RDONLY|O_CLOEXEC) = 3
1846910 fstat(3, {st_mode=S_IFREG|0644, st_size=171419, ...}) = 0
1846910 mmap(NULL, 171419, PROT_READ, MAP_PRIVATE, 3, 0) = 0x7f32479b2000
1846910 close(3)                        = 0
1846910 mmap(NULL, 8192, PROT_READ|PROT_WRITE, MAP_PRIVATE|MAP_ANONYMOUS, -1, 0) = 0x7f32479b0000
1846910 openat(AT_FDCWD, "/lib64/libfmt.so.11", O_RDONLY|O_CLOEXEC) = 3
1846910 read(3, "\177ELF\2\1\1\0\0\0\0\0\0\0\0\0\3\0>\0\1\0\0\0\0\0\0\0\0\0\0\0"..., 832) = 832
1846910 fstat(3, {st_mode=S_IFREG|0755, st_size=153344, ...}) = 0
1846910 mmap(NULL, 147496, PROT_READ|PROT_EXEC, MAP_PRIVATE|MAP_DENYWRITE, 3, 0) = 0x7f324798b000
1846910 mmap(0x7f32479a7000, 28672, PROT_READ, MAP_PRIVATE|MAP_FIXED|MAP_DENYWRITE, 3, 0x1c000) = 0x7f32479a7000
1846910 mmap(0x7f32479ae000, 8192, PROT_READ|PROT_WRITE, MAP_PRIVATE|MAP_FIXED|MAP_DENYWRITE, 3, 0x23000) = 0x7f32479ae000
1846910 close(3)                        = 0
1846910 openat(AT_FDCWD, "/lib64/libxxhash.so.0", O_RDONLY|O_CLOEXEC) = 3
1846910 read(3, "\177ELF\2\1\1\0\0\0\0\0\0\0\0\0\3\0>\0\1\0\0\0\0\0\0\0\0\0\0\0"..., 832) = 832
1846910 fstat(3, {st_mode=S_IFREG|0755, st_size=71864, ...}) = 0
1846910 mmap(NULL, 73824, PROT_READ, MAP_PRIVATE|MAP_DENYWRITE, 3, 0) = 0x7f3247978000
1846910 mmap(0x7f3247979000, 53248, PROT_READ|PROT_EXEC, MAP_PRIVATE|MAP_FIXED|MAP_DENYWRITE, 3, 0x1000) = 0x7f3247979000
1846910 mmap(0x7f3247986000, 12288, PROT_READ, MAP_PRIVATE|MAP_FIXED|MAP_DENYWRITE, 3, 0xe000) = 0x7f3247986000
1846910 mmap(0x7f3247989000, 4096, PROT_READ|PROT_WRITE, MAP_PRIVATE|MAP_FIXED|MAP_DENYWRITE, 3, 0x10000) = 0x7f3247989000
1846910 mmap(0x7f324798a000, 96, PROT_READ|PROT_WRITE, MAP_PRIVATE|MAP_FIXED|MAP_ANONYMOUS, -1, 0) = 0x7f324798a000
1846910 close(3)                        = 0
1846910 openat(AT_FDCWD, "/lib64/libzstd.so.1", O_RDONLY|O_CLOEXEC) = 3
1846910 read(3, "\177ELF\2\1\1\0\0\0\0\0\0\0\0\0\3\0>\0\1\0\0\0\0\0\0\0\0\0\0\0"..., 832) = 832
1846910 fstat(3, {st_mode=S_IFREG|0755, st_size=803552, ...}) = 0
1846910 mmap(NULL, 798760, PROT_READ, MAP_PRIVATE|MAP_DENYWRITE, 3, 0) = 0x7f32478b4000
1846910 mmap(0x7f32478b5000, 720896, PROT_READ|PROT_EXEC, MAP_PRIVATE|MAP_FIXED|MAP_DENYWRITE, 3, 0x1000) = 0x7f32478b5000
1846910 mmap(0x7f3247965000, 69632, PROT_READ, MAP_PRIVATE|MAP_FIXED|MAP_DENYWRITE, 3, 0xb1000) = 0x7f3247965000
1846910 mmap(0x7f3247976000, 4096, PROT_READ|PROT_WRITE, MAP_PRIVATE|MAP_FIXED|MAP_DENYWRITE, 3, 0xc1000) = 0x7f3247976000
1846910 mmap(0x7f3247977000, 40, PROT_READ|PROT_WRITE, MAP_PRIVATE|MAP_FIXED|MAP_ANONYMOUS, -1, 0) = 0x7f3247977000
1846910 close(3)                        = 0
1846910 openat(AT_FDCWD, "/lib64/libhiredis.so.1.1.0", O_RDONLY|O_CLOEXEC) = 3
1846910 read(3, "\177ELF\2\1\1\0\0\0\0\0\0\0\0\0\3\0>\0\1\0\0\0\0\0\0\0\0\0\0\0"..., 832) = 832
1846910 fstat(3, {st_mode=S_IFREG|0755, st_size=86944, ...}) = 0
1846910 mmap(NULL, 82160, PROT_READ, MAP_PRIVATE|MAP_DENYWRITE, 3, 0) = 0x7f324789f000
1846910 mmap(0x7f32478a2000, 53248, PROT_READ|PROT_EXEC, MAP_PRIVATE|MAP_FIXED|MAP_DENYWRITE, 3, 0x3000) = 0x7f32478a2000
1846910 mmap(0x7f32478af000, 12288, PROT_READ, MAP_PRIVATE|MAP_FIXED|MAP_DENYWRITE, 3, 0x10000) = 0x7f32478af000
1846910 mmap(0x7f32478b2000, 8192, PROT_READ|PROT_WRITE, MAP_PRIVATE|MAP_FIXED|MAP_DENYWRITE, 3, 0x13000) = 0x7f32478b2000
1846910 close(3)                        = 0
1846910 openat(AT_FDCWD, "/lib64/libstdc++.so.6", O_RDONLY|O_CLOEXEC) = 3
1846910 read(3, "\177ELF\2\1\1\3\0\0\0\0\0\0\0\0\3\0>\0\1\0\0\0\0\0\0\0\0\0\0\0"..., 832) = 832
1846910 fstat(3, {st_mode=S_IFREG|0755, st_size=2481312, ...}) = 0
1846910 mmap(NULL, 2498624, PROT_READ, MAP_PRIVATE|MAP_DENYWRITE, 3, 0) = 0x7f3247600000
1846910 mmap(0x7f3247601000, 1273856, PROT_READ|PROT_EXEC, MAP_PRIVATE|MAP_FIXED|MAP_DENYWRITE, 3, 0x1000) = 0x7f3247601000
1846910 mmap(0x7f3247738000, 1150976, PROT_READ, MAP_PRIVATE|MAP_FIXED|MAP_DENYWRITE, 3, 0x138000) = 0x7f3247738000
1846910 mmap(0x7f3247851000, 57344, PROT_READ|PROT_WRITE, MAP_PRIVATE|MAP_FIXED|MAP_DENYWRITE, 3, 0x250000) = 0x7f3247851000
1846910 mmap(0x7f324785f000, 12352, PROT_READ|PROT_WRITE, MAP_PRIVATE|MAP_FIXED|MAP_ANONYMOUS, -1, 0) = 0x7f324785f000
1846910 close(3)                        = 0
1846910 openat(AT_FDCWD, "/lib64/libm.so.6", O_RDONLY|O_CLOEXEC) = 3
1846910 read(3, "\177ELF\2\1\1\3\0\0\0\0\0\0\0\0\3\0>\0\1\0\0\0\0\0\0\0\0\0\0\0"..., 832) = 832
1846910 fstat(3, {st_mode=S_IFREG|0755, st_size=956824, ...}) = 0
1846910 mmap(NULL, 938000, PROT_READ, MAP_PRIVATE|MAP_DENYWRITE, 3, 0) = 0x7f324751a000
1846910 mmap(0x7f324751b000, 495616, PROT_READ|PROT_EXEC, MAP_PRIVATE|MAP_FIXED|MAP_DENYWRITE, 3, 0x1000) = 0x7f324751b000
1846910 mmap(0x7f3247594000, 434176, PROT_READ, MAP_PRIVATE|MAP_FIXED|MAP_DENYWRITE, 3, 0x7a000) = 0x7f3247594000
1846910 mmap(0x7f32475fe000, 8192, PROT_READ|PROT_WRITE, MAP_PRIVATE|MAP_FIXED|MAP_DENYWRITE, 3, 0xe3000) = 0x7f32475fe000
1846910 close(3)                        = 0
1846910 openat(AT_FDCWD, "/lib64/libgcc_s.so.1", O_RDONLY|O_CLOEXEC) = 3
1846910 read(3, "\177ELF\2\1\1\0\0\0\0\0\0\0\0\0\3\0>\0\1\0\0\0\0\0\0\0\0\0\0\0"..., 832) = 832
1846910 fstat(3, {st_mode=S_IFREG|0755, st_size=186800, ...}) = 0
1846910 mmap(NULL, 8192, PROT_READ|PROT_WRITE, MAP_PRIVATE|MAP_ANONYMOUS, -1, 0) = 0x7f324789d000
1846910 mmap(NULL, 188872, PROT_READ, MAP_PRIVATE|MAP_DENYWRITE, 3, 0) = 0x7f324786e000
1846910 mmap(0x7f324786f000, 147456, PROT_READ|PROT_EXEC, MAP_PRIVATE|MAP_FIXED|MAP_DENYWRITE, 3, 0x1000) = 0x7f324786f000
1846910 mmap(0x7f3247893000, 32768, PROT_READ, MAP_PRIVATE|MAP_FIXED|MAP_DENYWRITE, 3, 0x25000) = 0x7f3247893000
1846910 mmap(0x7f324789b000, 4096, PROT_READ|PROT_WRITE, MAP_PRIVATE|MAP_FIXED|MAP_DENYWRITE, 3, 0x2c000) = 0x7f324789b000
1846910 mmap(0x7f324789c000, 456, PROT_READ|PROT_WRITE, MAP_PRIVATE|MAP_FIXED|MAP_ANONYMOUS, -1, 0) = 0x7f324789c000
1846910 close(3)                        = 0
1846910 openat(AT_FDCWD, "/lib64/libc.so.6", O_RDONLY|O_CLOEXEC) = 3
1846910 read(3, "\177ELF\2\1\1\3\0\0\0\0\0\0\0\0\3\0>\0\1\0\0\0 4\0\0\0\0\0\0"..., 832) = 832
1846910 pread64(3, "\6\0\0\0\4\0\0\0@\0\0\0\0\0\0\0@\0\0\0\0\0\0\0@\0\0\0\0\0\0\0"..., 784, 64) = 784
1846910 fstat(3, {st_mode=S_IFREG|0755, st_size=2454144, ...}) = 0
1846910 pread64(3, "\6\0\0\0\4\0\0\0@\0\0\0\0\0\0\0@\0\0\0\0\0\0\0@\0\0\0\0\0\0\0"..., 784, 64) = 784
1846910 mmap(NULL, 2042904, PROT_READ, MAP_PRIVATE|MAP_DENYWRITE, 3, 0) = 0x7f3247327000
1846910 mmap(0x7f3247328000, 1503232, PROT_READ|PROT_EXEC, MAP_PRIVATE|MAP_FIXED|MAP_DENYWRITE, 3, 0x1000) = 0x7f3247328000
1846910 mmap(0x7f3247497000, 479232, PROT_READ, MAP_PRIVATE|MAP_FIXED|MAP_DENYWRITE, 3, 0x170000) = 0x7f3247497000
1846910 mmap(0x7f324750c000, 24576, PROT_READ|PROT_WRITE, MAP_PRIVATE|MAP_FIXED|MAP_DENYWRITE, 3, 0x1e5000) = 0x7f324750c000
1846910 mmap(0x7f3247512000, 31768, PROT_READ|PROT_WRITE, MAP_PRIVATE|MAP_FIXED|MAP_ANONYMOUS, -1, 0) = 0x7f3247512000
1846910 close(3)                        = 0
1846910 mmap(NULL, 8192, PROT_READ|PROT_WRITE, MAP_PRIVATE|MAP_ANONYMOUS, -1, 0) = 0x7f324786c000
1846910 arch_prctl(ARCH_SET_FS, 0x7f324786d2c0) = 0
1846910 set_tid_address(0x7f324786d590) = 1846910
1846910 set_robust_list(0x7f324786d5a0, 24) = 0
1846910 rseq(0x7f324786dbe0, 0x20, 0, 0x53053053) = 0
1846910 mprotect(0x7f324750c000, 16384, PROT_READ) = 0
1846910 mprotect(0x7f324789b000, 4096, PROT_READ) = 0
1846910 mprotect(0x7f32475fe000, 4096, PROT_READ) = 0
1846910 mmap(NULL, 8192, PROT_READ|PROT_WRITE, MAP_PRIVATE|MAP_ANONYMOUS, -1, 0) = 0x7f324786a000
1846910 mprotect(0x7f3247851000, 53248, PROT_READ) = 0
1846910 mprotect(0x7f32478b2000, 4096, PROT_READ) = 0
1846910 mprotect(0x7f3247976000, 4096, PROT_READ) = 0
1846910 mprotect(0x7f3247989000, 4096, PROT_READ) = 0
1846910 mprotect(0x7f32479ae000, 4096, PROT_READ) = 0
1846910 mprotect(0x563f62dfe000, 12288, PROT_READ) = 0
1846910 mprotect(0x7f3247a17000, 8192, PROT_READ) = 0
1846910 prlimit64(0, RLIMIT_STACK, NULL, {rlim_cur=8192*1024, rlim_max=RLIM64_INFINITY}) = 0
1846910 munmap(0x7f32479b2000, 171419)  = 0
1846910 futex(0x7f324785f6bc, FUTEX_WAKE_PRIVATE, 2147483647) = 0
1846910 getrandom("\xab\x3b\xa2\x49\x7f\xa2\x7e\xee", 8, GRND_NONBLOCK) = 8
1846910 brk(NULL)                       = 0x563f90299000
1846910 brk(0x563f902ba000)             = 0x563f902ba000
1846910 umask(000)                      = 022
1846910 umask(022)                      = 000
1846910 openat(AT_FDCWD, "/etc/localtime", O_RDONLY|O_CLOEXEC) = 3
1846910 fstat(3, {st_mode=S_IFREG|0644, st_size=2332, ...}) = 0
1846910 fstat(3, {st_mode=S_IFREG|0644, st_size=2332, ...}) = 0
1846910 read(3, "TZif2\0\0\0\0\0\0\0\0\0\0\0\0\0\0\0\0\0\0\5\0\0\0\5\0\0\0\0"..., 4096) = 2332
1846910 lseek(3, -1478, SEEK_CUR)       = 854
1846910 read(3, "TZif2\0\0\0\0\0\0\0\0\0\0\0\0\0\0\0\0\0\0\5\0\0\0\5\0\0\0\0"..., 4096) = 1478
1846910 close(3)                        = 0
1846910 getcwd("/home/shorty/projects/external/love-android/love/src/jni/LuaJIT-2.1/src", 4096) = 72
1846910 newfstatat(AT_FDCWD, "/home/shorty/projects/external/love-android/love/src/jni/LuaJIT-2.1/src", {st_mode=S_IFDIR|0755, st_size=3556, ...}, AT_SYMLINK_NOFOLLOW) = 0
1846910 newfstatat(AT_FDCWD, "/home/shorty/projects/external/love-android/love/src/jni/LuaJIT-2.1/src", {st_mode=S_IFDIR|0755, st_size=3556, ...}, AT_SYMLINK_NOFOLLOW) = 0
1846910 getpid()                        = 1846910
1846910 newfstatat(AT_FDCWD, "/home/shorty/.ccache", 0x7ffc6a5eaaf0, AT_SYMLINK_NOFOLLOW) = -1 ENOENT (No such file or directory)
1846910 openat(AT_FDCWD, "/etc/ccache.conf", O_RDONLY) = -1 ENOENT (No such file or directory)
1846910 openat(AT_FDCWD, "/home/shorty/.config/ccache/ccache.conf", O_RDONLY) = -1 ENOENT (No such file or directory)
1846910 newfstatat(AT_FDCWD, "/run/user/1000", {st_mode=S_IFDIR|0700, st_size=740, ...}, AT_SYMLINK_NOFOLLOW) = 0
1846910 newfstatat(AT_FDCWD, "/run/user/1000/ccache-tmp", {st_mode=S_IFDIR|0755, st_size=80, ...}, 0) = 0
1846910 access("/run/user/1000/ccache-tmp", W_OK) = 0
1846910 rt_sigaction(SIGINT, {sa_handler=0x563f62d17b30, sa_mask=[HUP INT QUIT TERM], sa_flags=SA_RESTORER|SA_RESTART, sa_restorer=0x7f3247341050}, NULL, 8) = 0
1846910 rt_sigaction(SIGTERM, {sa_handler=0x563f62d17b30, sa_mask=[HUP INT QUIT TERM], sa_flags=SA_RESTORER|SA_RESTART, sa_restorer=0x7f3247341050}, NULL, 8) = 0
1846910 rt_sigaction(SIGHUP, {sa_handler=0x563f62d17b30, sa_mask=[HUP INT QUIT TERM], sa_flags=SA_RESTORER|SA_RESTART, sa_restorer=0x7f3247341050}, NULL, 8) = 0
1846910 rt_sigaction(SIGQUIT, {sa_handler=0x563f62d17b30, sa_mask=[HUP INT QUIT TERM], sa_flags=SA_RESTORER|SA_RESTART, sa_restorer=0x7f3247341050}, NULL, 8) = 0
1846910 rt_sigaction(SIGPIPE, {sa_handler=SIG_IGN, sa_mask=[PIPE], sa_flags=SA_RESTORER|SA_RESTART, sa_restorer=0x7f3247341050}, {sa_handler=SIG_DFL, sa_mask=[], sa_flags=0}, 8) = 0
1846910 getcwd("/home/shorty/projects/external/love-android/love/src/jni/LuaJIT-2.1/src", 4096) = 72
1846910 readlink("/home", 0x7ffc6a5ea0d0, 1023) = -1 EINVAL (Invalid argument)
1846910 readlink("/home/shorty", 0x7ffc6a5ea0d0, 1023) = -1 EINVAL (Invalid argument)
1846910 readlink("/home/shorty/projects", 0x7ffc6a5ea0d0, 1023) = -1 EINVAL (Invalid argument)
1846910 readlink("/home/shorty/projects/external", 0x7ffc6a5ea0d0, 1023) = -1 EINVAL (Invalid argument)
1846910 readlink("/home/shorty/projects/external/love-android", 0x7ffc6a5ea0d0, 1023) = -1 EINVAL (Invalid argument)
1846910 readlink("/home/shorty/projects/external/love-android/love", 0x7ffc6a5ea0d0, 1023) = -1 EINVAL (Invalid argument)
1846910 readlink("/home/shorty/projects/external/love-android/love/src", 0x7ffc6a5ea0d0, 1023) = -1 EINVAL (Invalid argument)
1846910 readlink("/home/shorty/projects/external/love-android/love/src/jni", 0x7ffc6a5ea0d0, 1023) = -1 EINVAL (Invalid argument)
1846910 readlink("/home/shorty/projects/external/love-android/love/src/jni/LuaJIT-2.1", 0x7ffc6a5ea0d0, 1023) = -1 EINVAL (Invalid argument)
1846910 readlink("/home/shorty/projects/external/love-android/love/src/jni/LuaJIT-2.1/src", 0x7ffc6a5ea0d0, 1023) = -1 EINVAL (Invalid argument)
1846910 readlink("/home/shorty/projects/external/love-android/love/src/jni/LuaJIT-2.1/src/gcc", 0x7ffc6a5ea0d0, 1023) = -1 ENOENT (No such file or directory)
1846910 access("/home/shorty/Android/Sdk/ndk/25.2.9519653/toolchains/llvm/prebuilt/linux-x86_64/bin/gcc", X_OK) = -1 ENOENT (No such file or directory)
1846910 access("/home/shorty/.yarn/bin/gcc", X_OK) = -1 ENOENT (No such file or directory)
1846910 access("/home/shorty/.nvm/versions/node/v22.14.0/bin/gcc", X_OK) = -1 ENOENT (No such file or directory)
1846910 access("/home/shorty/.cargo/bin/gcc", X_OK) = -1 ENOENT (No such file or directory)
1846910 access("/home/shorty/bin/gcc", X_OK) = -1 ENOENT (No such file or directory)
1846910 access("/home/shorty/.local/bin/gcc", X_OK) = -1 ENOENT (No such file or directory)
1846910 access("/usr/games/gcc", X_OK)  = -1 ENOENT (No such file or directory)
1846910 access("/usr/lib64/qt-3.3/bin/gcc", X_OK) = -1 ENOENT (No such file or directory)
1846910 access("/usr/lib64/ccache/gcc", X_OK) = 0
1846910 readlink("/usr", 0x7ffc6a5ea0d0, 1023) = -1 EINVAL (Invalid argument)
1846910 readlink("/usr/lib64", 0x7ffc6a5ea0d0, 1023) = -1 EINVAL (Invalid argument)
1846910 readlink("/usr/lib64/ccache", 0x7ffc6a5ea0d0, 1023) = -1 EINVAL (Invalid argument)
1846910 readlink("/usr/lib64/ccache/gcc", "../../bin/ccache", 1023) = 16
1846910 readlink("/usr/bin", 0x7ffc6a5ea0d0, 1023) = -1 EINVAL (Invalid argument)
1846910 readlink("/usr/bin/ccache", 0x7ffc6a5ea0d0, 1023) = -1 EINVAL (Invalid argument)
1846910 access("/usr/local/bin/gcc", X_OK) = -1 ENOENT (No such file or directory)
1846910 access("/usr/bin/gcc", X_OK)    = 0
1846910 readlink("/usr", 0x7ffc6a5ea0d0, 1023) = -1 EINVAL (Invalid argument)
1846910 readlink("/usr/bin", 0x7ffc6a5ea0d0, 1023) = -1 EINVAL (Invalid argument)
1846910 readlink("/usr/bin/gcc", 0x7ffc6a5ea0d0, 1023) = -1 EINVAL (Invalid argument)
1846910 newfstatat(AT_FDCWD, "host/buildvm.o", {st_mode=S_IFREG|0644, st_size=223776, ...}, AT_SYMLINK_NOFOLLOW) = 0
1846910 newfstatat(AT_FDCWD, "host/buildvm.o", {st_mode=S_IFREG|0644, st_size=223776, ...}, 0) = 0
1846910 newfstatat(AT_FDCWD, "host/buildvm_asm.o", {st_mode=S_IFREG|0644, st_size=25480, ...}, AT_SYMLINK_NOFOLLOW) = 0
1846910 newfstatat(AT_FDCWD, "host/buildvm_asm.o", {st_mode=S_IFREG|0644, st_size=25480, ...}, 0) = 0
1846910 newfstatat(AT_FDCWD, "host/buildvm_peobj.o", {st_mode=S_IFREG|0644, st_size=9328, ...}, AT_SYMLINK_NOFOLLOW) = 0
1846910 newfstatat(AT_FDCWD, "host/buildvm_peobj.o", {st_mode=S_IFREG|0644, st_size=9328, ...}, 0) = 0
1846910 newfstatat(AT_FDCWD, "host/buildvm_lib.o", {st_mode=S_IFREG|0644, st_size=54864, ...}, AT_SYMLINK_NOFOLLOW) = 0
1846910 newfstatat(AT_FDCWD, "host/buildvm_lib.o", {st_mode=S_IFREG|0644, st_size=54864, ...}, 0) = 0
1846910 newfstatat(AT_FDCWD, "host/buildvm_fold.o", {st_mode=S_IFREG|0644, st_size=36072, ...}, AT_SYMLINK_NOFOLLOW) = 0
1846910 newfstatat(AT_FDCWD, "host/buildvm_fold.o", {st_mode=S_IFREG|0644, st_size=36072, ...}, 0) = 0
1846910 getpid()                        = 1846910
1846910 uname({sysname="Linux", nodename="Shorty-Laptop", ...}) = 0
1846910 getpid()                        = 1846910
1846910 newfstatat(AT_FDCWD, "/home/shorty/.cache/ccache/7/e/stats.alive", 0x7ffc6a5e8b40, AT_SYMLINK_NOFOLLOW) = -1 ENOENT (No such file or directory)
1846910 symlink("Shorty-Laptop-1846910-139853925110464-1745119359.500171338", "/home/shorty/.cache/ccache/7/e/stats.lock") = 0
1846910 unlink("/home/shorty/.cache/ccache/7/e/stats.alive") = -1 ENOENT (No such file or directory)
1846910 openat(AT_FDCWD, "/home/shorty/.cache/ccache/7/e/stats.alive", O_WRONLY|O_CREAT|O_TRUNC, 0666) = 3
1846910 close(3)                        = 0
1846910 openat(AT_FDCWD, "/home/shorty/.cache/ccache/7/e/stats", O_RDONLY) = 3
1846910 fstat(3, {st_mode=S_IFREG|0644, st_size=185, ...}) = 0
1846910 read(3, "0\n0\n1\n0\n110\n0\n0\n0\n4\n0\n21\n0\n0\n0\n0"..., 1024) = 185
1846910 read(3, "", 839)                = 0
1846910 close(3)                        = 0
1846910 newfstatat(AT_FDCWD, "/home/shorty/.cache/ccache/7/e", {st_mode=S_IFDIR|0755, st_size=14516, ...}, 0) = 0
1846910 rt_sigprocmask(SIG_BLOCK, ~[], [], 8) = 0
1846910 mmap(NULL, 4096, PROT_READ|PROT_WRITE, MAP_DROPPABLE|MAP_ANONYMOUS, -1, 0) = 0x7f32479db000
1846910 mmap(NULL, 4096, PROT_READ|PROT_WRITE, MAP_PRIVATE|MAP_ANONYMOUS, -1, 0) = 0x7f32479da000
1846910 rt_sigprocmask(SIG_SETMASK, [], NULL, 8) = 0
1846910 getrandom("\x58\x1b\xda\xb9\xb6\x9e\x06\x17\x43\x72\xfb\xe9\x3b\xb6\x8f\x83\x33\x66\x27\xb7\x71\xb1\xd1\x32\x6d\xc3\xbd\x1f\x98\x89\xf0\x56", 32, 0) = 32
1846910 openat(AT_FDCWD, "/home/shorty/.cache/ccache/7/e/stats.tmp.p59I1r.tmp", O_RDWR|O_CREAT|O_EXCL, 0600) = 3
1846910 fcntl(3, F_GETFD)               = 0
1846910 fcntl(3, F_SETFD, FD_CLOEXEC)   = 0
1846910 fchmod(3, 0644)                 = 0
1846910 fcntl(3, F_GETFL)               = 0x8002 (flags O_RDWR|O_LARGEFILE)
1846910 fstat(3, {st_mode=S_IFREG|0644, st_size=0, ...}) = 0
1846910 write(3, "0\n0\n1\n0\n110\n0\n0\n0\n4\n0\n22\n0\n0\n0\n0"..., 185) = 185
1846910 close(3)                        = 0
1846910 rename("/home/shorty/.cache/ccache/7/e/stats.tmp.p59I1r.tmp", "/home/shorty/.cache/ccache/7/e/stats") = 0
1846910 unlink("/home/shorty/.cache/ccache/7/e/stats.alive") = 0
1846910 unlink("/home/shorty/.cache/ccache/7/e/stats.lock") = 0
1846910 newfstatat(AT_FDCWD, "/run/user/1000/ccache-tmp/.cleaned", {st_mode=S_IFREG|0644, st_size=0, ...}, AT_SYMLINK_NOFOLLOW) = 0
1846910 rt_sigaction(SIGINT, {sa_handler=SIG_DFL, sa_mask=[], sa_flags=SA_RESTORER, sa_restorer=0x7f3247341050}, NULL, 8) = 0
1846910 rt_sigaction(SIGTERM, {sa_handler=SIG_DFL, sa_mask=[], sa_flags=SA_RESTORER, sa_restorer=0x7f3247341050}, NULL, 8) = 0
1846910 rt_sigaction(SIGHUP, {sa_handler=SIG_DFL, sa_mask=[], sa_flags=SA_RESTORER, sa_restorer=0x7f3247341050}, NULL, 8) = 0
1846910 rt_sigaction(SIGQUIT, {sa_handler=SIG_DFL, sa_mask=[], sa_flags=SA_RESTORER, sa_restorer=0x7f3247341050}, NULL, 8) = 0
1846910 rt_sigprocmask(SIG_BLOCK, [HUP INT QUIT TERM], NULL, 8) = 0
1846910 rt_sigprocmask(SIG_SETMASK, [], NULL, 8) = 0
1846910 execve("/usr/bin/gcc", ["/usr/bin/gcc", "-g", "-o", "host/buildvm", "host/buildvm.o", "host/buildvm_asm.o", "host/buildvm_peobj.o", "host/buildvm_lib.o", "host/buildvm_fold.o"], 0x563f902b3650 /* 114 vars */) = 0
1846910 brk(NULL)                       = 0x1b6e2000
1846910 access("/etc/ld.so.preload", R_OK) = -1 ENOENT (No such file or directory)
1846910 openat(AT_FDCWD, "/etc/ld.so.cache", O_RDONLY|O_CLOEXEC) = 3
1846910 fstat(3, {st_mode=S_IFREG|0644, st_size=171419, ...}) = 0
1846910 mmap(NULL, 171419, PROT_READ, MAP_PRIVATE, 3, 0) = 0x7f044b00a000
1846910 close(3)                        = 0
1846910 mmap(NULL, 8192, PROT_READ|PROT_WRITE, MAP_PRIVATE|MAP_ANONYMOUS, -1, 0) = 0x7f044b008000
1846910 openat(AT_FDCWD, "/lib64/libm.so.6", O_RDONLY|O_CLOEXEC) = 3
1846910 read(3, "\177ELF\2\1\1\3\0\0\0\0\0\0\0\0\3\0>\0\1\0\0\0\0\0\0\0\0\0\0\0"..., 832) = 832
1846910 fstat(3, {st_mode=S_IFREG|0755, st_size=956824, ...}) = 0
1846910 mmap(NULL, 938000, PROT_READ, MAP_PRIVATE|MAP_DENYWRITE, 3, 0) = 0x7f044af22000
1846910 mmap(0x7f044af23000, 495616, PROT_READ|PROT_EXEC, MAP_PRIVATE|MAP_FIXED|MAP_DENYWRITE, 3, 0x1000) = 0x7f044af23000
1846910 mmap(0x7f044af9c000, 434176, PROT_READ, MAP_PRIVATE|MAP_FIXED|MAP_DENYWRITE, 3, 0x7a000) = 0x7f044af9c000
1846910 mmap(0x7f044b006000, 8192, PROT_READ|PROT_WRITE, MAP_PRIVATE|MAP_FIXED|MAP_DENYWRITE, 3, 0xe3000) = 0x7f044b006000
1846910 close(3)                        = 0
1846910 openat(AT_FDCWD, "/lib64/libc.so.6", O_RDONLY|O_CLOEXEC) = 3
1846910 read(3, "\177ELF\2\1\1\3\0\0\0\0\0\0\0\0\3\0>\0\1\0\0\0 4\0\0\0\0\0\0"..., 832) = 832
1846910 pread64(3, "\6\0\0\0\4\0\0\0@\0\0\0\0\0\0\0@\0\0\0\0\0\0\0@\0\0\0\0\0\0\0"..., 784, 64) = 784
1846910 fstat(3, {st_mode=S_IFREG|0755, st_size=2454144, ...}) = 0
1846910 pread64(3, "\6\0\0\0\4\0\0\0@\0\0\0\0\0\0\0@\0\0\0\0\0\0\0@\0\0\0\0\0\0\0"..., 784, 64) = 784
1846910 mmap(NULL, 2042904, PROT_READ, MAP_PRIVATE|MAP_DENYWRITE, 3, 0) = 0x7f044ad2f000
1846910 mmap(0x7f044ad30000, 1503232, PROT_READ|PROT_EXEC, MAP_PRIVATE|MAP_FIXED|MAP_DENYWRITE, 3, 0x1000) = 0x7f044ad30000
1846910 mmap(0x7f044ae9f000, 479232, PROT_READ, MAP_PRIVATE|MAP_FIXED|MAP_DENYWRITE, 3, 0x170000) = 0x7f044ae9f000
1846910 mmap(0x7f044af14000, 24576, PROT_READ|PROT_WRITE, MAP_PRIVATE|MAP_FIXED|MAP_DENYWRITE, 3, 0x1e5000) = 0x7f044af14000
1846910 mmap(0x7f044af1a000, 31768, PROT_READ|PROT_WRITE, MAP_PRIVATE|MAP_FIXED|MAP_ANONYMOUS, -1, 0) = 0x7f044af1a000
1846910 close(3)                        = 0
1846910 mmap(NULL, 12288, PROT_READ|PROT_WRITE, MAP_PRIVATE|MAP_ANONYMOUS, -1, 0) = 0x7f044ad2c000
1846910 arch_prctl(ARCH_SET_FS, 0x7f044ad2c740) = 0
1846910 set_tid_address(0x7f044ad2ca10) = 1846910
1846910 set_robust_list(0x7f044ad2ca20, 24) = 0
1846910 rseq(0x7f044ad2d060, 0x20, 0, 0x53053053) = 0
1846910 mprotect(0x7f044af14000, 16384, PROT_READ) = 0
1846910 mprotect(0x7f044b006000, 4096, PROT_READ) = 0
1846910 mprotect(0x51c000, 8192, PROT_READ) = 0
1846910 mprotect(0x7f044b06f000, 8192, PROT_READ) = 0
1846910 prlimit64(0, RLIMIT_STACK, NULL, {rlim_cur=8192*1024, rlim_max=RLIM64_INFINITY}) = 0
1846910 munmap(0x7f044b00a000, 171419)  = 0
1846910 getrandom("\xbe\x4d\x57\x1a\xa9\x89\x82\x24", 8, GRND_NONBLOCK) = 8
1846910 brk(NULL)                       = 0x1b6e2000
1846910 brk(0x1b703000)                 = 0x1b703000
1846910 brk(0x1b725000)                 = 0x1b725000
1846910 openat(AT_FDCWD, "/usr/lib/locale/locale-archive", O_RDONLY|O_CLOEXEC) = 3
1846910 fstat(3, {st_mode=S_IFREG|0644, st_size=232351648, ...}) = 0
1846910 mmap(NULL, 232351648, PROT_READ, MAP_PRIVATE, 3, 0) = 0x7f043ce00000
1846910 close(3)                        = 0
1846910 openat(AT_FDCWD, "/usr/share/locale/locale.alias", O_RDONLY|O_CLOEXEC) = 3
1846910 fstat(3, {st_mode=S_IFREG|0644, st_size=2998, ...}) = 0
1846910 read(3, "# Locale name alias data base.\n#"..., 4096) = 2998
1846910 read(3, "", 4096)               = 0
1846910 close(3)                        = 0
1846910 openat(AT_FDCWD, "/usr/share/locale/en_CA.UTF-8/LC_MESSAGES/gcc.mo", O_RDONLY) = -1 ENOENT (No such file or directory)
1846910 openat(AT_FDCWD, "/usr/share/locale/en_CA.utf8/LC_MESSAGES/gcc.mo", O_RDONLY) = -1 ENOENT (No such file or directory)
1846910 openat(AT_FDCWD, "/usr/share/locale/en_CA/LC_MESSAGES/gcc.mo", O_RDONLY) = -1 ENOENT (No such file or directory)
1846910 openat(AT_FDCWD, "/usr/share/locale/en.UTF-8/LC_MESSAGES/gcc.mo", O_RDONLY) = -1 ENOENT (No such file or directory)
1846910 openat(AT_FDCWD, "/usr/share/locale/en.utf8/LC_MESSAGES/gcc.mo", O_RDONLY) = -1 ENOENT (No such file or directory)
1846910 openat(AT_FDCWD, "/usr/share/locale/en/LC_MESSAGES/gcc.mo", O_RDONLY) = -1 ENOENT (No such file or directory)
1846910 ioctl(2, TCGETS, {c_iflag=ICRNL|IUTF8, c_oflag=NL0|CR0|TAB0|BS0|VT0|FF0|OPOST|ONLCR, c_cflag=B38400|CS8|CREAD, c_lflag=ISIG|ICANON|ECHO|ECHOE|ECHOK|IEXTEN|ECHOCTL|ECHOKE, ...}) = 0
1846910 ioctl(0, TIOCGWINSZ, {ws_row=24, ws_col=222, ws_xpixel=1776, ws_ypixel=449}) = 0
1846910 ioctl(2, TCGETS, {c_iflag=ICRNL|IUTF8, c_oflag=NL0|CR0|TAB0|BS0|VT0|FF0|OPOST|ONLCR, c_cflag=B38400|CS8|CREAD, c_lflag=ISIG|ICANON|ECHO|ECHOE|ECHOK|IEXTEN|ECHOCTL|ECHOKE, ...}) = 0
1846910 ioctl(2, TCGETS, {c_iflag=ICRNL|IUTF8, c_oflag=NL0|CR0|TAB0|BS0|VT0|FF0|OPOST|ONLCR, c_cflag=B38400|CS8|CREAD, c_lflag=ISIG|ICANON|ECHO|ECHOE|ECHOK|IEXTEN|ECHOCTL|ECHOKE, ...}) = 0
1846910 rt_sigaction(SIGINT, {sa_handler=SIG_IGN, sa_mask=[INT], sa_flags=SA_RESTORER|SA_RESTART, sa_restorer=0x7f044ad49050}, {sa_handler=SIG_DFL, sa_mask=[], sa_flags=0}, 8) = 0
1846910 rt_sigaction(SIGINT, {sa_handler=0x410258, sa_mask=[INT], sa_flags=SA_RESTORER|SA_RESTART, sa_restorer=0x7f044ad49050}, {sa_handler=SIG_IGN, sa_mask=[INT], sa_flags=SA_RESTORER|SA_RESTART, sa_restorer=0x7f044ad49050}, 8) = 0
1846910 rt_sigaction(SIGHUP, {sa_handler=SIG_IGN, sa_mask=[HUP], sa_flags=SA_RESTORER|SA_RESTART, sa_restorer=0x7f044ad49050}, {sa_handler=SIG_DFL, sa_mask=[], sa_flags=0}, 8) = 0
1846910 rt_sigaction(SIGHUP, {sa_handler=0x410258, sa_mask=[HUP], sa_flags=SA_RESTORER|SA_RESTART, sa_restorer=0x7f044ad49050}, {sa_handler=SIG_IGN, sa_mask=[HUP], sa_flags=SA_RESTORER|SA_RESTART, sa_restorer=0x7f044ad49050}, 8) = 0
1846910 rt_sigaction(SIGTERM, {sa_handler=SIG_IGN, sa_mask=[TERM], sa_flags=SA_RESTORER|SA_RESTART, sa_restorer=0x7f044ad49050}, {sa_handler=SIG_DFL, sa_mask=[], sa_flags=0}, 8) = 0
1846910 rt_sigaction(SIGTERM, {sa_handler=0x410258, sa_mask=[TERM], sa_flags=SA_RESTORER|SA_RESTART, sa_restorer=0x7f044ad49050}, {sa_handler=SIG_IGN, sa_mask=[TERM], sa_flags=SA_RESTORER|SA_RESTART, sa_restorer=0x7f044ad49050}, 8) = 0
1846910 rt_sigaction(SIGPIPE, {sa_handler=SIG_IGN, sa_mask=[PIPE], sa_flags=SA_RESTORER|SA_RESTART, sa_restorer=0x7f044ad49050}, {sa_handler=SIG_IGN, sa_mask=[], sa_flags=0}, 8) = 0
1846910 rt_sigaction(SIGCHLD, {sa_handler=SIG_DFL, sa_mask=[CHLD], sa_flags=SA_RESTORER|SA_RESTART, sa_restorer=0x7f044ad49050}, {sa_handler=SIG_DFL, sa_mask=[], sa_flags=0}, 8) = 0
1846910 prlimit64(0, RLIMIT_STACK, NULL, {rlim_cur=8192*1024, rlim_max=RLIM64_INFINITY}) = 0
1846910 prlimit64(0, RLIMIT_STACK, {rlim_cur=65536*1024, rlim_max=RLIM64_INFINITY}, NULL) = 0
1846910 readlink("/usr", 0x7ffde7148130, 1023) = -1 EINVAL (Invalid argument)
1846910 readlink("/usr/bin", 0x7ffde7148130, 1023) = -1 EINVAL (Invalid argument)
1846910 readlink("/usr/bin/gcc", 0x7ffde7148130, 1023) = -1 EINVAL (Invalid argument)
1846910 readlink("/usr", 0x7ffde7148130, 1023) = -1 EINVAL (Invalid argument)
1846910 readlink("/usr/bin", 0x7ffde7148130, 1023) = -1 EINVAL (Invalid argument)
1846910 readlink("/usr/bin/gcc", 0x7ffde7148130, 1023) = -1 EINVAL (Invalid argument)
1846910 getcwd("/home/shorty/projects/external/love-android/love/src/jni/LuaJIT-2.1/src", 1024) = 72
1846910 readlink("/home/shorty/projects/external/love-android/love/src/jni/LuaJIT-2.1/src/host", 0x7ffde7148240, 1023) = -1 EINVAL (Invalid argument)
1846910 readlink("/home/shorty/projects/external/love-android/love/src/jni/LuaJIT-2.1/src/host/buildvm.o", 0x7ffde7148240, 1023) = -1 EINVAL (Invalid argument)
1846910 getcwd("/home/shorty/projects/external/love-android/love/src/jni/LuaJIT-2.1/src", 1024) = 72
1846910 readlink("/home/shorty/projects/external/love-android/love/src/jni/LuaJIT-2.1/src/host", 0x7ffde7148240, 1023) = -1 EINVAL (Invalid argument)
1846910 readlink("/home/shorty/projects/external/love-android/love/src/jni/LuaJIT-2.1/src/host/buildvm", 0x7ffde7148240, 1023) = -1 ENOENT (No such file or directory)
1846910 getcwd("/home/shorty/projects/external/love-android/love/src/jni/LuaJIT-2.1/src", 1024) = 72
1846910 readlink("/home/shorty/projects/external/love-android/love/src/jni/LuaJIT-2.1/src/host", 0x7ffde7148240, 1023) = -1 EINVAL (Invalid argument)
1846910 readlink("/home/shorty/projects/external/love-android/love/src/jni/LuaJIT-2.1/src/host/buildvm_asm.o", 0x7ffde7148240, 1023) = -1 EINVAL (Invalid argument)
1846910 getcwd("/home/shorty/projects/external/love-android/love/src/jni/LuaJIT-2.1/src", 1024) = 72
1846910 readlink("/home/shorty/projects/external/love-android/love/src/jni/LuaJIT-2.1/src/host", 0x7ffde7148240, 1023) = -1 EINVAL (Invalid argument)
1846910 readlink("/home/shorty/projects/external/love-android/love/src/jni/LuaJIT-2.1/src/host/buildvm", 0x7ffde7148240, 1023) = -1 ENOENT (No such file or directory)
1846910 getcwd("/home/shorty/projects/external/love-android/love/src/jni/LuaJIT-2.1/src", 1024) = 72
1846910 readlink("/home/shorty/projects/external/love-android/love/src/jni/LuaJIT-2.1/src/host", 0x7ffde7148240, 1023) = -1 EINVAL (Invalid argument)
1846910 readlink("/home/shorty/projects/external/love-android/love/src/jni/LuaJIT-2.1/src/host/buildvm_peobj.o", 0x7ffde7148240, 1023) = -1 EINVAL (Invalid argument)
1846910 getcwd("/home/shorty/projects/external/love-android/love/src/jni/LuaJIT-2.1/src", 1024) = 72
1846910 readlink("/home/shorty/projects/external/love-android/love/src/jni/LuaJIT-2.1/src/host", 0x7ffde7148240, 1023) = -1 EINVAL (Invalid argument)
1846910 readlink("/home/shorty/projects/external/love-android/love/src/jni/LuaJIT-2.1/src/host/buildvm", 0x7ffde7148240, 1023) = -1 ENOENT (No such file or directory)
1846910 getcwd("/home/shorty/projects/external/love-android/love/src/jni/LuaJIT-2.1/src", 1024) = 72
1846910 readlink("/home/shorty/projects/external/love-android/love/src/jni/LuaJIT-2.1/src/host", 0x7ffde7148240, 1023) = -1 EINVAL (Invalid argument)
1846910 readlink("/home/shorty/projects/external/love-android/love/src/jni/LuaJIT-2.1/src/host/buildvm_lib.o", 0x7ffde7148240, 1023) = -1 EINVAL (Invalid argument)
1846910 getcwd("/home/shorty/projects/external/love-android/love/src/jni/LuaJIT-2.1/src", 1024) = 72
1846910 readlink("/home/shorty/projects/external/love-android/love/src/jni/LuaJIT-2.1/src/host", 0x7ffde7148240, 1023) = -1 EINVAL (Invalid argument)
1846910 readlink("/home/shorty/projects/external/love-android/love/src/jni/LuaJIT-2.1/src/host/buildvm", 0x7ffde7148240, 1023) = -1 ENOENT (No such file or directory)
1846910 getcwd("/home/shorty/projects/external/love-android/love/src/jni/LuaJIT-2.1/src", 1024) = 72
1846910 readlink("/home/shorty/projects/external/love-android/love/src/jni/LuaJIT-2.1/src/host", 0x7ffde7148240, 1023) = -1 EINVAL (Invalid argument)
1846910 readlink("/home/shorty/projects/external/love-android/love/src/jni/LuaJIT-2.1/src/host/buildvm_fold.o", 0x7ffde7148240, 1023) = -1 EINVAL (Invalid argument)
1846910 getcwd("/home/shorty/projects/external/love-android/love/src/jni/LuaJIT-2.1/src", 1024) = 72
1846910 readlink("/home/shorty/projects/external/love-android/love/src/jni/LuaJIT-2.1/src/host", 0x7ffde7148240, 1023) = -1 EINVAL (Invalid argument)
1846910 readlink("/home/shorty/projects/external/love-android/love/src/jni/LuaJIT-2.1/src/host/buildvm", 0x7ffde7148240, 1023) = -1 ENOENT (No such file or directory)
1846910 access("/usr/lib/gcc/x86_64-redhat-linux/14/", X_OK) = 0
1846910 access("/usr/lib/gcc/x86_64-redhat-linux/14/", X_OK) = 0
1846910 access("/usr/lib/gcc/x86_64-redhat-linux/14/specs", R_OK) = -1 ENOENT (No such file or directory)
1846910 access("/usr/lib/gcc/x86_64-redhat-linux/14/../../../../x86_64-redhat-linux/lib/x86_64-redhat-linux/14/specs", R_OK) = -1 ENOENT (No such file or directory)
1846910 access("/usr/lib/gcc/x86_64-redhat-linux/14/../../../../x86_64-redhat-linux/lib/specs", R_OK) = -1 ENOENT (No such file or directory)
1846910 access("/usr/lib/gcc/x86_64-redhat-linux/specs", R_OK) = -1 ENOENT (No such file or directory)
1846910 access("/usr/lib/gcc/x86_64-redhat-linux/14/", X_OK) = 0
1846910 newfstatat(AT_FDCWD, "/usr/libexec/gcc/x86_64-redhat-linux/14/lto-wrapper", {st_mode=S_IFREG|0755, st_size=983472, ...}, 0) = 0
1846910 access("/usr/libexec/gcc/x86_64-redhat-linux/14/lto-wrapper", X_OK) = 0
1846910 newfstatat(AT_FDCWD, "/usr/libexec/gcc/x86_64-redhat-linux/14/collect2", {st_mode=S_IFREG|0755, st_size=438696, ...}, 0) = 0
1846910 access("/usr/libexec/gcc/x86_64-redhat-linux/14/collect2", X_OK) = 0
1846910 access("/usr/libexec/gcc/x86_64-redhat-linux/14/liblto_plugin.so", R_OK) = 0
1846910 newfstatat(AT_FDCWD, "/usr/libexec/gcc/x86_64-redhat-linux/14/.", {st_mode=S_IFDIR|0755, st_size=132, ...}, 0) = 0
1846910 newfstatat(AT_FDCWD, "/usr/libexec/gcc/x86_64-redhat-linux/14/.", {st_mode=S_IFDIR|0755, st_size=132, ...}, 0) = 0
1846910 newfstatat(AT_FDCWD, "/usr/libexec/gcc/x86_64-redhat-linux/.", {st_mode=S_IFDIR|0755, st_size=4, ...}, 0) = 0
1846910 newfstatat(AT_FDCWD, "/usr/lib/gcc/x86_64-redhat-linux/14/.", {st_mode=S_IFDIR|0755, st_size=934, ...}, 0) = 0
1846910 newfstatat(AT_FDCWD, "/usr/lib/gcc/x86_64-redhat-linux/.", {st_mode=S_IFDIR|0755, st_size=4, ...}, 0) = 0
1846910 newfstatat(AT_FDCWD, "/usr/lib/gcc/x86_64-redhat-linux/14/../../../../x86_64-redhat-linux/bin/x86_64-redhat-linux/14/.", 0x7ffde7149420, 0) = -1 ENOENT (No such file or directory)
1846910 newfstatat(AT_FDCWD, "/usr/lib/gcc/x86_64-redhat-linux/14/../../../../x86_64-redhat-linux/bin/.", 0x7ffde7149420, 0) = -1 ENOENT (No such file or directory)
1846910 newfstatat(AT_FDCWD, "/usr/lib/gcc/x86_64-redhat-linux/14/.", {st_mode=S_IFDIR|0755, st_size=934, ...}, 0) = 0
1846910 newfstatat(AT_FDCWD, "/usr/lib/gcc/x86_64-redhat-linux/14/../../../../x86_64-redhat-linux/lib/x86_64-redhat-linux/14/.", 0x7ffde7149420, 0) = -1 ENOENT (No such file or directory)
1846910 newfstatat(AT_FDCWD, "/usr/lib/gcc/x86_64-redhat-linux/14/../../../../x86_64-redhat-linux/lib/../lib64/.", 0x7ffde7149420, 0) = -1 ENOENT (No such file or directory)
1846910 newfstatat(AT_FDCWD, "/usr/lib/gcc/x86_64-redhat-linux/14/../../../x86_64-redhat-linux/14/.", 0x7ffde7149420, 0) = -1 ENOENT (No such file or directory)
1846910 newfstatat(AT_FDCWD, "/usr/lib/gcc/x86_64-redhat-linux/14/../../../../lib64/.", {st_mode=S_IFDIR|0555, st_size=227572, ...}, 0) = 0
1846910 newfstatat(AT_FDCWD, "/lib/x86_64-redhat-linux/14/.", 0x7ffde7149420, 0) = -1 ENOENT (No such file or directory)
1846910 newfstatat(AT_FDCWD, "/lib/../lib64/.", {st_mode=S_IFDIR|0555, st_size=227572, ...}, 0) = 0
1846910 newfstatat(AT_FDCWD, "/usr/lib/x86_64-redhat-linux/14/.", 0x7ffde7149420, 0) = -1 ENOENT (No such file or directory)
1846910 newfstatat(AT_FDCWD, "/usr/lib/../lib64/.", {st_mode=S_IFDIR|0555, st_size=227572, ...}, 0) = 0
1846910 newfstatat(AT_FDCWD, "/usr/lib/gcc/x86_64-redhat-linux/14/../../../../x86_64-redhat-linux/lib/.", 0x7ffde7149420, 0) = -1 ENOENT (No such file or directory)
1846910 newfstatat(AT_FDCWD, "/usr/lib/gcc/x86_64-redhat-linux/14/../../../.", {st_mode=S_IFDIR|0555, st_size=34628, ...}, 0) = 0
1846910 newfstatat(AT_FDCWD, "/lib/.", {st_mode=S_IFDIR|0555, st_size=34628, ...}, 0) = 0
1846910 newfstatat(AT_FDCWD, "/usr/lib/.", {st_mode=S_IFDIR|0555, st_size=34628, ...}, 0) = 0
1846910 access("/tmp", R_OK|W_OK|X_OK)  = 0
1846910 newfstatat(AT_FDCWD, "/tmp", {st_mode=S_IFDIR|S_ISVTX|0777, st_size=1260, ...}, 0) = 0
1846910 rt_sigprocmask(SIG_BLOCK, ~[], [], 8) = 0
1846910 mmap(NULL, 4096, PROT_READ|PROT_WRITE, MAP_DROPPABLE|MAP_ANONYMOUS, -1, 0) = 0x7f044b033000
1846910 mmap(NULL, 4096, PROT_READ|PROT_WRITE, MAP_PRIVATE|MAP_ANONYMOUS, -1, 0) = 0x7f044b032000
1846910 rt_sigprocmask(SIG_SETMASK, [], NULL, 8) = 0
1846910 getrandom("\xa7\xf4\xa4\x8d\x53\xa2\x8c\xaa\xd0\x96\x6f\x89\x00\xdf\x40\xb9\x7b\xda\x47\x05\x9e\x40\xd1\x96\x4a\x51\x6a\xcd\xd8\x88\x12\x7b", 32, 0) = 32
1846910 openat(AT_FDCWD, "/tmp/ccE0V4me.res", O_RDWR|O_CREAT|O_EXCL, 0600) = 3
1846910 close(3)                        = 0
1846910 access("/usr/lib/gcc/x86_64-redhat-linux/14/crt1.o", R_OK) = -1 ENOENT (No such file or directory)
1846910 access("/usr/lib/gcc/x86_64-redhat-linux/14/../../../../x86_64-redhat-linux/lib/x86_64-redhat-linux/14/crt1.o", R_OK) = -1 ENOENT (No such file or directory)
1846910 access("/usr/lib/gcc/x86_64-redhat-linux/14/../../../../x86_64-redhat-linux/lib/../lib64/crt1.o", R_OK) = -1 ENOENT (No such file or directory)
1846910 access("/usr/lib/gcc/x86_64-redhat-linux/14/../../../x86_64-redhat-linux/14/crt1.o", R_OK) = -1 ENOENT (No such file or directory)
1846910 access("/usr/lib/gcc/x86_64-redhat-linux/14/../../../../lib64/crt1.o", R_OK) = 0
1846910 access("/usr/lib/gcc/x86_64-redhat-linux/14/crti.o", R_OK) = -1 ENOENT (No such file or directory)
1846910 access("/usr/lib/gcc/x86_64-redhat-linux/14/../../../../x86_64-redhat-linux/lib/x86_64-redhat-linux/14/crti.o", R_OK) = -1 ENOENT (No such file or directory)
1846910 access("/usr/lib/gcc/x86_64-redhat-linux/14/../../../../x86_64-redhat-linux/lib/../lib64/crti.o", R_OK) = -1 ENOENT (No such file or directory)
1846910 access("/usr/lib/gcc/x86_64-redhat-linux/14/../../../x86_64-redhat-linux/14/crti.o", R_OK) = -1 ENOENT (No such file or directory)
1846910 access("/usr/lib/gcc/x86_64-redhat-linux/14/../../../../lib64/crti.o", R_OK) = 0
1846910 access("/usr/lib/gcc/x86_64-redhat-linux/14/crtbegin.o", R_OK) = 0
1846910 newfstatat(AT_FDCWD, "/usr/lib/gcc/x86_64-redhat-linux/14/.", {st_mode=S_IFDIR|0755, st_size=934, ...}, 0) = 0
1846910 newfstatat(AT_FDCWD, "/usr/lib/gcc/x86_64-redhat-linux/14/../../../../x86_64-redhat-linux/lib/x86_64-redhat-linux/14/.", 0x7ffde7148700, 0) = -1 ENOENT (No such file or directory)
1846910 newfstatat(AT_FDCWD, "/usr/lib/gcc/x86_64-redhat-linux/14/../../../../x86_64-redhat-linux/lib/../lib64/.", 0x7ffde7148700, 0) = -1 ENOENT (No such file or directory)
1846910 newfstatat(AT_FDCWD, "/usr/lib/gcc/x86_64-redhat-linux/14/../../../x86_64-redhat-linux/14/.", 0x7ffde7148700, 0) = -1 ENOENT (No such file or directory)
1846910 newfstatat(AT_FDCWD, "/usr/lib/gcc/x86_64-redhat-linux/14/../../../../lib64/.", {st_mode=S_IFDIR|0555, st_size=227572, ...}, 0) = 0
1846910 newfstatat(AT_FDCWD, "/lib/x86_64-redhat-linux/14/.", 0x7ffde7148700, 0) = -1 ENOENT (No such file or directory)
1846910 newfstatat(AT_FDCWD, "/lib/../lib64/.", {st_mode=S_IFDIR|0555, st_size=227572, ...}, 0) = 0
1846910 newfstatat(AT_FDCWD, "/usr/lib/x86_64-redhat-linux/14/.", 0x7ffde7148700, 0) = -1 ENOENT (No such file or directory)
1846910 newfstatat(AT_FDCWD, "/usr/lib/../lib64/.", {st_mode=S_IFDIR|0555, st_size=227572, ...}, 0) = 0
1846910 newfstatat(AT_FDCWD, "/usr/lib/gcc/x86_64-redhat-linux/14/../../../../x86_64-redhat-linux/lib/.", 0x7ffde7148700, 0) = -1 ENOENT (No such file or directory)
1846910 newfstatat(AT_FDCWD, "/usr/lib/gcc/x86_64-redhat-linux/14/../../../.", {st_mode=S_IFDIR|0555, st_size=34628, ...}, 0) = 0
1846910 access("/usr/lib/gcc/x86_64-redhat-linux/14/crtend.o", R_OK) = 0
1846910 access("/usr/lib/gcc/x86_64-redhat-linux/14/crtn.o", R_OK) = -1 ENOENT (No such file or directory)
1846910 access("/usr/lib/gcc/x86_64-redhat-linux/14/../../../../x86_64-redhat-linux/lib/x86_64-redhat-linux/14/crtn.o", R_OK) = -1 ENOENT (No such file or directory)
1846910 access("/usr/lib/gcc/x86_64-redhat-linux/14/../../../../x86_64-redhat-linux/lib/../lib64/crtn.o", R_OK) = -1 ENOENT (No such file or directory)
1846910 access("/usr/lib/gcc/x86_64-redhat-linux/14/../../../x86_64-redhat-linux/14/crtn.o", R_OK) = -1 ENOENT (No such file or directory)
1846910 access("/usr/lib/gcc/x86_64-redhat-linux/14/../../../../lib64/crtn.o", R_OK) = 0
1846910 newfstatat(AT_FDCWD, "/usr/libexec/gcc/x86_64-redhat-linux/14/collect2", {st_mode=S_IFREG|0755, st_size=438696, ...}, 0) = 0
1846910 access("/usr/libexec/gcc/x86_64-redhat-linux/14/collect2", X_OK) = 0
1846910 mmap(NULL, 36864, PROT_READ|PROT_WRITE, MAP_PRIVATE|MAP_ANONYMOUS|MAP_STACK, -1, 0) = 0x7f044b029000
1846910 rt_sigprocmask(SIG_BLOCK, ~[], [], 8) = 0
1846910 clone3({flags=CLONE_VM|CLONE_VFORK|CLONE_CLEAR_SIGHAND, exit_signal=SIGCHLD, stack=0x7f044b029000, stack_size=0x9000}, 88 <unfinished ...>
1846911 rt_sigprocmask(SIG_BLOCK, NULL, ~[KILL STOP], 8) = 0
1846911 rt_sigprocmask(SIG_SETMASK, [], NULL, 8) = 0
1846911 execve("/usr/libexec/gcc/x86_64-redhat-linux/14/collect2", ["/usr/libexec/gcc/x86_64-redhat-l"..., "-plugin", "/usr/libexec/gcc/x86_64-redhat-l"..., "-plugin-opt=/usr/libexec/gcc/x86"..., "-plugin-opt=-fresolution=/tmp/cc"..., "-plugin-opt=-pass-through=-lgcc", "-plugin-opt=-pass-through=-lgcc_"..., "-plugin-opt=-pass-through=-lc", "-plugin-opt=-pass-through=-lgcc", "-plugin-opt=-pass-through=-lgcc_"..., "--build-id", "--no-add-needed", "--eh-frame-hdr", "--hash-style=gnu", "-m", "elf_x86_64", "-dynamic-linker", "/lib64/ld-linux-x86-64.so.2", "-o", "host/buildvm", "/usr/lib/gcc/x86_64-redhat-linux"..., "/usr/lib/gcc/x86_64-redhat-linux"..., "/usr/lib/gcc/x86_64-redhat-linux"..., "-L/usr/lib/gcc/x86_64-redhat-lin"..., "-L/usr/lib/gcc/x86_64-redhat-lin"..., "-L/lib/../lib64", "-L/usr/lib/../lib64", "-L/usr/lib/gcc/x86_64-redhat-lin"..., "host/buildvm.o", "host/buildvm_asm.o", "host/buildvm_peobj.o", "host/buildvm_lib.o", ...], 0x1b70e9c0 /* 121 vars */ <unfinished ...>
1846910 <... clone3 resumed>)           = 1846911
1846910 munmap(0x7f044b029000, 36864)   = 0
1846911 <... execve resumed>)           = 0
1846910 rt_sigprocmask(SIG_SETMASK, [], NULL, 8) = 0
1846911 brk(NULL <unfinished ...>
1846910 wait4(1846911,  <unfinished ...>
1846911 <... brk resumed>)              = 0x491b000
1846911 access("/etc/ld.so.preload", R_OK) = -1 ENOENT (No such file or directory)
1846911 openat(AT_FDCWD, "/etc/ld.so.cache", O_RDONLY|O_CLOEXEC) = 3
1846911 fstat(3, {st_mode=S_IFREG|0644, st_size=171419, ...}) = 0
1846911 mmap(NULL, 171419, PROT_READ, MAP_PRIVATE, 3, 0) = 0x7f09cd327000
1846911 close(3)                        = 0
1846911 mmap(NULL, 8192, PROT_READ|PROT_WRITE, MAP_PRIVATE|MAP_ANONYMOUS, -1, 0) = 0x7f09cd325000
1846911 openat(AT_FDCWD, "/lib64/libm.so.6", O_RDONLY|O_CLOEXEC) = 3
1846911 read(3, "\177ELF\2\1\1\3\0\0\0\0\0\0\0\0\3\0>\0\1\0\0\0\0\0\0\0\0\0\0\0"..., 832) = 832
1846911 fstat(3, {st_mode=S_IFREG|0755, st_size=956824, ...}) = 0
1846911 mmap(NULL, 938000, PROT_READ, MAP_PRIVATE|MAP_DENYWRITE, 3, 0) = 0x7f09cd23f000
1846911 mmap(0x7f09cd240000, 495616, PROT_READ|PROT_EXEC, MAP_PRIVATE|MAP_FIXED|MAP_DENYWRITE, 3, 0x1000) = 0x7f09cd240000
1846911 mmap(0x7f09cd2b9000, 434176, PROT_READ, MAP_PRIVATE|MAP_FIXED|MAP_DENYWRITE, 3, 0x7a000) = 0x7f09cd2b9000
1846911 mmap(0x7f09cd323000, 8192, PROT_READ|PROT_WRITE, MAP_PRIVATE|MAP_FIXED|MAP_DENYWRITE, 3, 0xe3000) = 0x7f09cd323000
1846911 close(3)                        = 0
1846911 openat(AT_FDCWD, "/lib64/libc.so.6", O_RDONLY|O_CLOEXEC) = 3
1846911 read(3, "\177ELF\2\1\1\3\0\0\0\0\0\0\0\0\3\0>\0\1\0\0\0 4\0\0\0\0\0\0"..., 832) = 832
1846911 pread64(3, "\6\0\0\0\4\0\0\0@\0\0\0\0\0\0\0@\0\0\0\0\0\0\0@\0\0\0\0\0\0\0"..., 784, 64) = 784
1846911 fstat(3, {st_mode=S_IFREG|0755, st_size=2454144, ...}) = 0
1846911 pread64(3, "\6\0\0\0\4\0\0\0@\0\0\0\0\0\0\0@\0\0\0\0\0\0\0@\0\0\0\0\0\0\0"..., 784, 64) = 784
1846911 mmap(NULL, 2042904, PROT_READ, MAP_PRIVATE|MAP_DENYWRITE, 3, 0) = 0x7f09cd04c000
1846911 mmap(0x7f09cd04d000, 1503232, PROT_READ|PROT_EXEC, MAP_PRIVATE|MAP_FIXED|MAP_DENYWRITE, 3, 0x1000) = 0x7f09cd04d000
1846911 mmap(0x7f09cd1bc000, 479232, PROT_READ, MAP_PRIVATE|MAP_FIXED|MAP_DENYWRITE, 3, 0x170000) = 0x7f09cd1bc000
1846911 mmap(0x7f09cd231000, 24576, PROT_READ|PROT_WRITE, MAP_PRIVATE|MAP_FIXED|MAP_DENYWRITE, 3, 0x1e5000) = 0x7f09cd231000
1846911 mmap(0x7f09cd237000, 31768, PROT_READ|PROT_WRITE, MAP_PRIVATE|MAP_FIXED|MAP_ANONYMOUS, -1, 0) = 0x7f09cd237000
1846911 close(3)                        = 0
1846911 mmap(NULL, 12288, PROT_READ|PROT_WRITE, MAP_PRIVATE|MAP_ANONYMOUS, -1, 0) = 0x7f09cd049000
1846911 arch_prctl(ARCH_SET_FS, 0x7f09cd049740) = 0
1846911 set_tid_address(0x7f09cd049a10) = 1846911
1846911 set_robust_list(0x7f09cd049a20, 24) = 0
1846911 rseq(0x7f09cd04a060, 0x20, 0, 0x53053053) = 0
1846911 mprotect(0x7f09cd231000, 16384, PROT_READ) = 0
1846911 mprotect(0x7f09cd323000, 4096, PROT_READ) = 0
1846911 mprotect(0x469000, 8192, PROT_READ) = 0
1846911 mprotect(0x7f09cd38c000, 8192, PROT_READ) = 0
1846911 prlimit64(0, RLIMIT_STACK, NULL, {rlim_cur=65536*1024, rlim_max=RLIM64_INFINITY}) = 0
1846911 munmap(0x7f09cd327000, 171419)  = 0
1846911 getrandom("\x6c\x8a\x81\x6f\xd8\x1e\xbd\x8e", 8, GRND_NONBLOCK) = 8
1846911 brk(NULL)                       = 0x491b000
1846911 brk(0x493c000)                  = 0x493c000
1846911 rt_sigaction(SIGQUIT, {sa_handler=SIG_IGN, sa_mask=[QUIT], sa_flags=SA_RESTORER|SA_RESTART, sa_restorer=0x7f09cd066050}, {sa_handler=SIG_DFL, sa_mask=[], sa_flags=0}, 8) = 0
1846911 rt_sigaction(SIGQUIT, {sa_handler=0x409bea, sa_mask=[QUIT], sa_flags=SA_RESTORER|SA_RESTART, sa_restorer=0x7f09cd066050}, {sa_handler=SIG_IGN, sa_mask=[QUIT], sa_flags=SA_RESTORER|SA_RESTART, sa_restorer=0x7f09cd066050}, 8) = 0
1846911 rt_sigaction(SIGINT, {sa_handler=SIG_IGN, sa_mask=[INT], sa_flags=SA_RESTORER|SA_RESTART, sa_restorer=0x7f09cd066050}, {sa_handler=SIG_DFL, sa_mask=[], sa_flags=0}, 8) = 0
1846911 rt_sigaction(SIGINT, {sa_handler=0x409bea, sa_mask=[INT], sa_flags=SA_RESTORER|SA_RESTART, sa_restorer=0x7f09cd066050}, {sa_handler=SIG_IGN, sa_mask=[INT], sa_flags=SA_RESTORER|SA_RESTART, sa_restorer=0x7f09cd066050}, 8) = 0
1846911 rt_sigaction(SIGALRM, {sa_handler=SIG_IGN, sa_mask=[ALRM], sa_flags=SA_RESTORER|SA_RESTART, sa_restorer=0x7f09cd066050}, {sa_handler=SIG_DFL, sa_mask=[], sa_flags=0}, 8) = 0
1846911 rt_sigaction(SIGALRM, {sa_handler=0x409bea, sa_mask=[ALRM], sa_flags=SA_RESTORER|SA_RESTART, sa_restorer=0x7f09cd066050}, {sa_handler=SIG_IGN, sa_mask=[ALRM], sa_flags=SA_RESTORER|SA_RESTART, sa_restorer=0x7f09cd066050}, 8) = 0
1846911 rt_sigaction(SIGHUP, {sa_handler=SIG_IGN, sa_mask=[HUP], sa_flags=SA_RESTORER|SA_RESTART, sa_restorer=0x7f09cd066050}, {sa_handler=SIG_DFL, sa_mask=[], sa_flags=0}, 8) = 0
1846911 rt_sigaction(SIGHUP, {sa_handler=0x409bea, sa_mask=[HUP], sa_flags=SA_RESTORER|SA_RESTART, sa_restorer=0x7f09cd066050}, {sa_handler=SIG_IGN, sa_mask=[HUP], sa_flags=SA_RESTORER|SA_RESTART, sa_restorer=0x7f09cd066050}, 8) = 0
1846911 rt_sigaction(SIGSEGV, {sa_handler=SIG_IGN, sa_mask=[SEGV], sa_flags=SA_RESTORER|SA_RESTART, sa_restorer=0x7f09cd066050}, {sa_handler=SIG_DFL, sa_mask=[], sa_flags=0}, 8) = 0
1846911 rt_sigaction(SIGSEGV, {sa_handler=0x409bea, sa_mask=[SEGV], sa_flags=SA_RESTORER|SA_RESTART, sa_restorer=0x7f09cd066050}, {sa_handler=SIG_IGN, sa_mask=[SEGV], sa_flags=SA_RESTORER|SA_RESTART, sa_restorer=0x7f09cd066050}, 8) = 0
1846911 rt_sigaction(SIGTERM, {sa_handler=SIG_IGN, sa_mask=[TERM], sa_flags=SA_RESTORER|SA_RESTART, sa_restorer=0x7f09cd066050}, {sa_handler=SIG_DFL, sa_mask=[], sa_flags=0}, 8) = 0
1846911 rt_sigaction(SIGTERM, {sa_handler=0x409bea, sa_mask=[TERM], sa_flags=SA_RESTORER|SA_RESTART, sa_restorer=0x7f09cd066050}, {sa_handler=SIG_IGN, sa_mask=[TERM], sa_flags=SA_RESTORER|SA_RESTART, sa_restorer=0x7f09cd066050}, 8) = 0
1846911 rt_sigaction(SIGPIPE, {sa_handler=SIG_IGN, sa_mask=[PIPE], sa_flags=SA_RESTORER|SA_RESTART, sa_restorer=0x7f09cd066050}, {sa_handler=SIG_IGN, sa_mask=[], sa_flags=0}, 8) = 0
1846911 rt_sigaction(SIGBUS, {sa_handler=SIG_IGN, sa_mask=[BUS], sa_flags=SA_RESTORER|SA_RESTART, sa_restorer=0x7f09cd066050}, {sa_handler=SIG_DFL, sa_mask=[], sa_flags=0}, 8) = 0
1846911 rt_sigaction(SIGBUS, {sa_handler=0x409bea, sa_mask=[BUS], sa_flags=SA_RESTORER|SA_RESTART, sa_restorer=0x7f09cd066050}, {sa_handler=SIG_IGN, sa_mask=[BUS], sa_flags=SA_RESTORER|SA_RESTART, sa_restorer=0x7f09cd066050}, 8) = 0
1846911 rt_sigaction(SIGCHLD, {sa_handler=SIG_DFL, sa_mask=[CHLD], sa_flags=SA_RESTORER|SA_RESTART, sa_restorer=0x7f09cd066050}, {sa_handler=SIG_DFL, sa_mask=[], sa_flags=0}, 8) = 0
1846911 openat(AT_FDCWD, "/usr/lib/locale/locale-archive", O_RDONLY|O_CLOEXEC) = 3
1846911 fstat(3, {st_mode=S_IFREG|0644, st_size=232351648, ...}) = 0
1846911 mmap(NULL, 232351648, PROT_READ, MAP_PRIVATE, 3, 0) = 0x7f09bf200000
1846911 close(3)                        = 0
1846911 openat(AT_FDCWD, "/usr/share/locale/locale.alias", O_RDONLY|O_CLOEXEC) = 3
1846911 fstat(3, {st_mode=S_IFREG|0644, st_size=2998, ...}) = 0
1846911 read(3, "# Locale name alias data base.\n#"..., 4096) = 2998
1846911 read(3, "", 4096)               = 0
1846911 close(3)                        = 0
1846911 openat(AT_FDCWD, "/usr/share/locale/en_CA.UTF-8/LC_MESSAGES/gcc.mo", O_RDONLY) = -1 ENOENT (No such file or directory)
1846911 openat(AT_FDCWD, "/usr/share/locale/en_CA.utf8/LC_MESSAGES/gcc.mo", O_RDONLY) = -1 ENOENT (No such file or directory)
1846911 openat(AT_FDCWD, "/usr/share/locale/en_CA/LC_MESSAGES/gcc.mo", O_RDONLY) = -1 ENOENT (No such file or directory)
1846911 openat(AT_FDCWD, "/usr/share/locale/en.UTF-8/LC_MESSAGES/gcc.mo", O_RDONLY) = -1 ENOENT (No such file or directory)
1846911 openat(AT_FDCWD, "/usr/share/locale/en.utf8/LC_MESSAGES/gcc.mo", O_RDONLY) = -1 ENOENT (No such file or directory)
1846911 openat(AT_FDCWD, "/usr/share/locale/en/LC_MESSAGES/gcc.mo", O_RDONLY) = -1 ENOENT (No such file or directory)
1846911 ioctl(2, TCGETS, {c_iflag=ICRNL|IUTF8, c_oflag=NL0|CR0|TAB0|BS0|VT0|FF0|OPOST|ONLCR, c_cflag=B38400|CS8|CREAD, c_lflag=ISIG|ICANON|ECHO|ECHOE|ECHOK|IEXTEN|ECHOCTL|ECHOKE, ...}) = 0
1846911 ioctl(0, TIOCGWINSZ, {ws_row=24, ws_col=222, ws_xpixel=1776, ws_ypixel=449}) = 0
1846911 newfstatat(AT_FDCWD, "/usr/libexec/gcc/x86_64-redhat-linux/14/real-ld", 0x7ffc0fe4df70, 0) = -1 ENOENT (No such file or directory)
1846911 newfstatat(AT_FDCWD, "/usr/libexec/gcc/x86_64-redhat-linux/14/real-ld", 0x7ffc0fe4df70, 0) = -1 ENOENT (No such file or directory)
1846911 newfstatat(AT_FDCWD, "/usr/libexec/gcc/x86_64-redhat-linux/real-ld", 0x7ffc0fe4df70, 0) = -1 ENOENT (No such file or directory)
1846911 newfstatat(AT_FDCWD, "/usr/lib/gcc/x86_64-redhat-linux/14/real-ld", 0x7ffc0fe4df70, 0) = -1 ENOENT (No such file or directory)
1846911 newfstatat(AT_FDCWD, "/usr/lib/gcc/x86_64-redhat-linux/real-ld", 0x7ffc0fe4df70, 0) = -1 ENOENT (No such file or directory)
1846911 newfstatat(AT_FDCWD, "/usr/libexec/gcc/x86_64-redhat-linux/14/collect-ld", 0x7ffc0fe4df70, 0) = -1 ENOENT (No such file or directory)
1846911 newfstatat(AT_FDCWD, "/usr/libexec/gcc/x86_64-redhat-linux/14/collect-ld", 0x7ffc0fe4df70, 0) = -1 ENOENT (No such file or directory)
1846911 newfstatat(AT_FDCWD, "/usr/libexec/gcc/x86_64-redhat-linux/collect-ld", 0x7ffc0fe4df70, 0) = -1 ENOENT (No such file or directory)
1846911 newfstatat(AT_FDCWD, "/usr/lib/gcc/x86_64-redhat-linux/14/collect-ld", 0x7ffc0fe4df70, 0) = -1 ENOENT (No such file or directory)
1846911 newfstatat(AT_FDCWD, "/usr/lib/gcc/x86_64-redhat-linux/collect-ld", 0x7ffc0fe4df70, 0) = -1 ENOENT (No such file or directory)
1846911 newfstatat(AT_FDCWD, "/usr/libexec/gcc/x86_64-redhat-linux/14/ld", 0x7ffc0fe4df70, 0) = -1 ENOENT (No such file or directory)
1846911 newfstatat(AT_FDCWD, "/usr/libexec/gcc/x86_64-redhat-linux/14/ld", 0x7ffc0fe4df70, 0) = -1 ENOENT (No such file or directory)
1846911 newfstatat(AT_FDCWD, "/usr/libexec/gcc/x86_64-redhat-linux/ld", 0x7ffc0fe4df70, 0) = -1 ENOENT (No such file or directory)
1846911 newfstatat(AT_FDCWD, "/usr/lib/gcc/x86_64-redhat-linux/14/ld", 0x7ffc0fe4df70, 0) = -1 ENOENT (No such file or directory)
1846911 newfstatat(AT_FDCWD, "/usr/lib/gcc/x86_64-redhat-linux/ld", 0x7ffc0fe4df70, 0) = -1 ENOENT (No such file or directory)
1846911 newfstatat(AT_FDCWD, "/home/shorty/Android/Sdk/ndk/25.2.9519653/toolchains/llvm/prebuilt/linux-x86_64/bin/ld", {st_mode=S_IFREG|0755, st_size=56832240, ...}, 0) = 0
1846911 access("/home/shorty/Android/Sdk/ndk/25.2.9519653/toolchains/llvm/prebuilt/linux-x86_64/bin/ld", X_OK) = 0
1846911 newfstatat(AT_FDCWD, "/usr/libexec/gcc/x86_64-redhat-linux/14/gnm", 0x7ffc0fe4df70, 0) = -1 ENOENT (No such file or directory)
1846911 newfstatat(AT_FDCWD, "/usr/libexec/gcc/x86_64-redhat-linux/14/gnm", 0x7ffc0fe4df70, 0) = -1 ENOENT (No such file or directory)
1846911 newfstatat(AT_FDCWD, "/usr/libexec/gcc/x86_64-redhat-linux/gnm", 0x7ffc0fe4df70, 0) = -1 ENOENT (No such file or directory)
1846911 newfstatat(AT_FDCWD, "/usr/lib/gcc/x86_64-redhat-linux/14/gnm", 0x7ffc0fe4df70, 0) = -1 ENOENT (No such file or directory)
1846911 newfstatat(AT_FDCWD, "/usr/lib/gcc/x86_64-redhat-linux/gnm", 0x7ffc0fe4df70, 0) = -1 ENOENT (No such file or directory)
1846911 newfstatat(AT_FDCWD, "/home/shorty/Android/Sdk/ndk/25.2.9519653/toolchains/llvm/prebuilt/linux-x86_64/bin/gnm", 0x7ffc0fe4df70, 0) = -1 ENOENT (No such file or directory)
1846911 newfstatat(AT_FDCWD, "/home/shorty/.yarn/bin/gnm", 0x7ffc0fe4df70, 0) = -1 ENOENT (No such file or directory)
1846911 newfstatat(AT_FDCWD, "/home/shorty/.nvm/versions/node/v22.14.0/bin/gnm", 0x7ffc0fe4df70, 0) = -1 ENOENT (No such file or directory)
1846911 newfstatat(AT_FDCWD, "/home/shorty/.cargo/bin/gnm", 0x7ffc0fe4df70, 0) = -1 ENOENT (No such file or directory)
1846911 newfstatat(AT_FDCWD, "/home/shorty/bin/gnm", 0x7ffc0fe4df70, 0) = -1 ENOENT (No such file or directory)
1846911 newfstatat(AT_FDCWD, "/home/shorty/.local/bin/gnm", 0x7ffc0fe4df70, 0) = -1 ENOENT (No such file or directory)
1846911 newfstatat(AT_FDCWD, "/usr/games/gnm", 0x7ffc0fe4df70, 0) = -1 ENOENT (No such file or directory)
1846911 newfstatat(AT_FDCWD, "/usr/lib64/qt-3.3/bin/gnm", 0x7ffc0fe4df70, 0) = -1 ENOENT (No such file or directory)
1846911 newfstatat(AT_FDCWD, "/usr/lib64/ccache/gnm", 0x7ffc0fe4df70, 0) = -1 ENOENT (No such file or directory)
1846911 newfstatat(AT_FDCWD, "/usr/local/bin/gnm", 0x7ffc0fe4df70, 0) = -1 ENOENT (No such file or directory)
1846911 newfstatat(AT_FDCWD, "/usr/bin/gnm", 0x7ffc0fe4df70, 0) = -1 ENOENT (No such file or directory)
1846911 newfstatat(AT_FDCWD, "/bin/gnm", 0x7ffc0fe4df70, 0) = -1 ENOENT (No such file or directory)
1846911 newfstatat(AT_FDCWD, "/usr/local/sbin/gnm", 0x7ffc0fe4df70, 0) = -1 ENOENT (No such file or directory)
1846911 newfstatat(AT_FDCWD, "/usr/sbin/gnm", 0x7ffc0fe4df70, 0) = -1 ENOENT (No such file or directory)
1846911 newfstatat(AT_FDCWD, "/sbin/gnm", 0x7ffc0fe4df70, 0) = -1 ENOENT (No such file or directory)
1846911 newfstatat(AT_FDCWD, "/home/shorty/.dotnet/tools/gnm", 0x7ffc0fe4df70, 0) = -1 ENOENT (No such file or directory)
1846911 newfstatat(AT_FDCWD, "/usr/libexec/gcc/x86_64-redhat-linux/14/nm", 0x7ffc0fe4df70, 0) = -1 ENOENT (No such file or directory)
1846911 newfstatat(AT_FDCWD, "/usr/libexec/gcc/x86_64-redhat-linux/14/nm", 0x7ffc0fe4df70, 0) = -1 ENOENT (No such file or directory)
1846911 newfstatat(AT_FDCWD, "/usr/libexec/gcc/x86_64-redhat-linux/nm", 0x7ffc0fe4df70, 0) = -1 ENOENT (No such file or directory)
1846911 newfstatat(AT_FDCWD, "/usr/lib/gcc/x86_64-redhat-linux/14/nm", 0x7ffc0fe4df70, 0) = -1 ENOENT (No such file or directory)
1846911 newfstatat(AT_FDCWD, "/usr/lib/gcc/x86_64-redhat-linux/nm", 0x7ffc0fe4df70, 0) = -1 ENOENT (No such file or directory)
1846911 newfstatat(AT_FDCWD, "/home/shorty/Android/Sdk/ndk/25.2.9519653/toolchains/llvm/prebuilt/linux-x86_64/bin/nm", 0x7ffc0fe4df70, 0) = -1 ENOENT (No such file or directory)
1846911 newfstatat(AT_FDCWD, "/home/shorty/.yarn/bin/nm", 0x7ffc0fe4df70, 0) = -1 ENOENT (No such file or directory)
1846911 newfstatat(AT_FDCWD, "/home/shorty/.nvm/versions/node/v22.14.0/bin/nm", 0x7ffc0fe4df70, 0) = -1 ENOENT (No such file or directory)
1846911 newfstatat(AT_FDCWD, "/home/shorty/.cargo/bin/nm", 0x7ffc0fe4df70, 0) = -1 ENOENT (No such file or directory)
1846911 newfstatat(AT_FDCWD, "/home/shorty/bin/nm", 0x7ffc0fe4df70, 0) = -1 ENOENT (No such file or directory)
1846911 newfstatat(AT_FDCWD, "/home/shorty/.local/bin/nm", 0x7ffc0fe4df70, 0) = -1 ENOENT (No such file or directory)
1846911 newfstatat(AT_FDCWD, "/usr/games/nm", 0x7ffc0fe4df70, 0) = -1 ENOENT (No such file or directory)
1846911 newfstatat(AT_FDCWD, "/usr/lib64/qt-3.3/bin/nm", 0x7ffc0fe4df70, 0) = -1 ENOENT (No such file or directory)
1846911 newfstatat(AT_FDCWD, "/usr/lib64/ccache/nm", 0x7ffc0fe4df70, 0) = -1 ENOENT (No such file or directory)
1846911 newfstatat(AT_FDCWD, "/usr/local/bin/nm", 0x7ffc0fe4df70, 0) = -1 ENOENT (No such file or directory)
1846911 newfstatat(AT_FDCWD, "/usr/bin/nm", {st_mode=S_IFREG|0755, st_size=48768, ...}, 0) = 0
1846911 access("/usr/bin/nm", X_OK)     = 0
1846911 newfstatat(AT_FDCWD, "/usr/libexec/gcc/x86_64-redhat-linux/14/gstrip", 0x7ffc0fe4df70, 0) = -1 ENOENT (No such file or directory)
1846911 newfstatat(AT_FDCWD, "/usr/libexec/gcc/x86_64-redhat-linux/14/gstrip", 0x7ffc0fe4df70, 0) = -1 ENOENT (No such file or directory)
1846911 newfstatat(AT_FDCWD, "/usr/libexec/gcc/x86_64-redhat-linux/gstrip", 0x7ffc0fe4df70, 0) = -1 ENOENT (No such file or directory)
1846911 newfstatat(AT_FDCWD, "/usr/lib/gcc/x86_64-redhat-linux/14/gstrip", 0x7ffc0fe4df70, 0) = -1 ENOENT (No such file or directory)
1846911 newfstatat(AT_FDCWD, "/usr/lib/gcc/x86_64-redhat-linux/gstrip", 0x7ffc0fe4df70, 0) = -1 ENOENT (No such file or directory)
1846911 newfstatat(AT_FDCWD, "/home/shorty/Android/Sdk/ndk/25.2.9519653/toolchains/llvm/prebuilt/linux-x86_64/bin/gstrip", 0x7ffc0fe4df70, 0) = -1 ENOENT (No such file or directory)
1846911 newfstatat(AT_FDCWD, "/home/shorty/.yarn/bin/gstrip", 0x7ffc0fe4df70, 0) = -1 ENOENT (No such file or directory)
1846911 newfstatat(AT_FDCWD, "/home/shorty/.nvm/versions/node/v22.14.0/bin/gstrip", 0x7ffc0fe4df70, 0) = -1 ENOENT (No such file or directory)
1846911 newfstatat(AT_FDCWD, "/home/shorty/.cargo/bin/gstrip", 0x7ffc0fe4df70, 0) = -1 ENOENT (No such file or directory)
1846911 newfstatat(AT_FDCWD, "/home/shorty/bin/gstrip", 0x7ffc0fe4df70, 0) = -1 ENOENT (No such file or directory)
1846911 newfstatat(AT_FDCWD, "/home/shorty/.local/bin/gstrip", 0x7ffc0fe4df70, 0) = -1 ENOENT (No such file or directory)
1846911 newfstatat(AT_FDCWD, "/usr/games/gstrip", 0x7ffc0fe4df70, 0) = -1 ENOENT (No such file or directory)
1846911 newfstatat(AT_FDCWD, "/usr/lib64/qt-3.3/bin/gstrip", 0x7ffc0fe4df70, 0) = -1 ENOENT (No such file or directory)
1846911 newfstatat(AT_FDCWD, "/usr/lib64/ccache/gstrip", 0x7ffc0fe4df70, 0) = -1 ENOENT (No such file or directory)
1846911 newfstatat(AT_FDCWD, "/usr/local/bin/gstrip", 0x7ffc0fe4df70, 0) = -1 ENOENT (No such file or directory)
1846911 newfstatat(AT_FDCWD, "/usr/bin/gstrip", 0x7ffc0fe4df70, 0) = -1 ENOENT (No such file or directory)
1846911 newfstatat(AT_FDCWD, "/bin/gstrip", 0x7ffc0fe4df70, 0) = -1 ENOENT (No such file or directory)
1846911 newfstatat(AT_FDCWD, "/usr/local/sbin/gstrip", 0x7ffc0fe4df70, 0) = -1 ENOENT (No such file or directory)
1846911 newfstatat(AT_FDCWD, "/usr/sbin/gstrip", 0x7ffc0fe4df70, 0) = -1 ENOENT (No such file or directory)
1846911 newfstatat(AT_FDCWD, "/sbin/gstrip", 0x7ffc0fe4df70, 0) = -1 ENOENT (No such file or directory)
1846911 newfstatat(AT_FDCWD, "/home/shorty/.dotnet/tools/gstrip", 0x7ffc0fe4df70, 0) = -1 ENOENT (No such file or directory)
1846911 newfstatat(AT_FDCWD, "/usr/libexec/gcc/x86_64-redhat-linux/14/strip", 0x7ffc0fe4df70, 0) = -1 ENOENT (No such file or directory)
1846911 newfstatat(AT_FDCWD, "/usr/libexec/gcc/x86_64-redhat-linux/14/strip", 0x7ffc0fe4df70, 0) = -1 ENOENT (No such file or directory)
1846911 newfstatat(AT_FDCWD, "/usr/libexec/gcc/x86_64-redhat-linux/strip", 0x7ffc0fe4df70, 0) = -1 ENOENT (No such file or directory)
1846911 newfstatat(AT_FDCWD, "/usr/lib/gcc/x86_64-redhat-linux/14/strip", 0x7ffc0fe4df70, 0) = -1 ENOENT (No such file or directory)
1846911 newfstatat(AT_FDCWD, "/usr/lib/gcc/x86_64-redhat-linux/strip", 0x7ffc0fe4df70, 0) = -1 ENOENT (No such file or directory)
1846911 newfstatat(AT_FDCWD, "/home/shorty/Android/Sdk/ndk/25.2.9519653/toolchains/llvm/prebuilt/linux-x86_64/bin/strip", 0x7ffc0fe4df70, 0) = -1 ENOENT (No such file or directory)
1846911 newfstatat(AT_FDCWD, "/home/shorty/.yarn/bin/strip", 0x7ffc0fe4df70, 0) = -1 ENOENT (No such file or directory)
1846911 newfstatat(AT_FDCWD, "/home/shorty/.nvm/versions/node/v22.14.0/bin/strip", 0x7ffc0fe4df70, 0) = -1 ENOENT (No such file or directory)
1846911 newfstatat(AT_FDCWD, "/home/shorty/.cargo/bin/strip", 0x7ffc0fe4df70, 0) = -1 ENOENT (No such file or directory)
1846911 newfstatat(AT_FDCWD, "/home/shorty/bin/strip", 0x7ffc0fe4df70, 0) = -1 ENOENT (No such file or directory)
1846911 newfstatat(AT_FDCWD, "/home/shorty/.local/bin/strip", 0x7ffc0fe4df70, 0) = -1 ENOENT (No such file or directory)
1846911 newfstatat(AT_FDCWD, "/usr/games/strip", 0x7ffc0fe4df70, 0) = -1 ENOENT (No such file or directory)
1846911 newfstatat(AT_FDCWD, "/usr/lib64/qt-3.3/bin/strip", 0x7ffc0fe4df70, 0) = -1 ENOENT (No such file or directory)
1846911 newfstatat(AT_FDCWD, "/usr/lib64/ccache/strip", 0x7ffc0fe4df70, 0) = -1 ENOENT (No such file or directory)
1846911 newfstatat(AT_FDCWD, "/usr/local/bin/strip", 0x7ffc0fe4df70, 0) = -1 ENOENT (No such file or directory)
1846911 newfstatat(AT_FDCWD, "/usr/bin/strip", {st_mode=S_IFREG|0755, st_size=187200, ...}, 0) = 0
1846911 access("/usr/bin/strip", X_OK)  = 0
1846911 access("/usr/bin/gcc", X_OK)    = 0
1846911 access("/tmp", R_OK|W_OK|X_OK)  = 0
1846911 newfstatat(AT_FDCWD, "/tmp", {st_mode=S_IFDIR|S_ISVTX|0777, st_size=1280, ...}, 0) = 0
1846911 rt_sigprocmask(SIG_BLOCK, ~[], [], 8) = 0
1846911 mmap(NULL, 4096, PROT_READ|PROT_WRITE, MAP_DROPPABLE|MAP_ANONYMOUS, -1, 0) = 0x7f09cd350000
1846911 mmap(NULL, 4096, PROT_READ|PROT_WRITE, MAP_PRIVATE|MAP_ANONYMOUS, -1, 0) = 0x7f09cd34f000
1846911 rt_sigprocmask(SIG_SETMASK, [], NULL, 8) = 0
1846911 getrandom("\x3d\x4e\xae\x5c\xd5\xbf\xd4\x76\xb1\x64\xb4\x19\xc1\xd6\x5a\x99\xab\x6e\xc8\x7b\x7e\xf1\xbc\x74\x38\x42\xca\xd7\x8a\x85\x85\xaa", 32, 0) = 32
1846911 openat(AT_FDCWD, "/tmp/cctFjPqE.cdtor.c", O_RDWR|O_CREAT|O_EXCL, 0600) = 3
1846911 close(3)                        = 0
1846911 openat(AT_FDCWD, "/tmp/ccM4qPbb.cdtor.o", O_RDWR|O_CREAT|O_EXCL, 0600) = 3
1846911 close(3)                        = 0
1846911 mmap(NULL, 36864, PROT_READ|PROT_WRITE, MAP_PRIVATE|MAP_ANONYMOUS|MAP_STACK, -1, 0) = 0x7f09cd346000
1846911 rt_sigprocmask(SIG_BLOCK, ~[], [], 8) = 0
1846911 clone3({flags=CLONE_VM|CLONE_VFORK|CLONE_CLEAR_SIGHAND, exit_signal=SIGCHLD, stack=0x7f09cd346000, stack_size=0x9000}, 88 <unfinished ...>
1846912 rt_sigprocmask(SIG_BLOCK, NULL, ~[KILL STOP], 8) = 0
1846912 rt_sigprocmask(SIG_SETMASK, [], NULL, 8) = 0
1846912 execve("/home/shorty/Android/Sdk/ndk/25.2.9519653/toolchains/llvm/prebuilt/linux-x86_64/bin/ld", ["/home/shorty/Android/Sdk/ndk/25."..., "-plugin", "/usr/libexec/gcc/x86_64-redhat-l"..., "-plugin-opt=/usr/libexec/gcc/x86"..., "-plugin-opt=-fresolution=/tmp/cc"..., "-plugin-opt=-pass-through=-lgcc", "-plugin-opt=-pass-through=-lgcc_"..., "-plugin-opt=-pass-through=-lc", "-plugin-opt=-pass-through=-lgcc", "-plugin-opt=-pass-through=-lgcc_"..., "--build-id", "--no-add-needed", "--eh-frame-hdr", "--hash-style=gnu", "-m", "elf_x86_64", "-dynamic-linker", "/lib64/ld-linux-x86-64.so.2", "-o", "host/buildvm", "/usr/lib/gcc/x86_64-redhat-linux"..., "/usr/lib/gcc/x86_64-redhat-linux"..., "/usr/lib/gcc/x86_64-redhat-linux"..., "-L/usr/lib/gcc/x86_64-redhat-lin"..., "-L/usr/lib/gcc/x86_64-redhat-lin"..., "-L/lib/../lib64", "-L/usr/lib/../lib64", "-L/usr/lib/gcc/x86_64-redhat-lin"..., "host/buildvm.o", "host/buildvm_asm.o", "host/buildvm_peobj.o", "host/buildvm_lib.o", ...], 0x7ffc0fe4e440 /* 121 vars */ <unfinished ...>
1846911 <... clone3 resumed>)           = 1846912
1846911 munmap(0x7f09cd346000, 36864)   = 0
1846911 rt_sigprocmask(SIG_SETMASK, [], NULL, 8) = 0
1846912 <... execve resumed>)           = 0
1846911 wait4(1846912,  <unfinished ...>
1846912 brk(NULL)                       = 0x3fb05000
1846912 mmap(NULL, 8192, PROT_READ|PROT_WRITE, MAP_PRIVATE|MAP_ANONYMOUS, -1, 0) = 0x7ff7519b5000
1846912 readlinkat(AT_FDCWD, "/proc/self/exe", "/home/shorty/Android/Sdk/ndk/25."..., 4096) = 87
1846912 access("/etc/ld.so.preload", R_OK) = -1 ENOENT (No such file or directory)
1846912 openat(AT_FDCWD, "/home/shorty/Android/Sdk/ndk/25.2.9519653/toolchains/llvm/prebuilt/linux-x86_64/bin/../lib64/glibc-hwcaps/x86-64-v3/libpthread.so.0", O_RDONLY|O_CLOEXEC) = -1 ENOENT (No such file or directory)
1846912 newfstatat(AT_FDCWD, "/home/shorty/Android/Sdk/ndk/25.2.9519653/toolchains/llvm/prebuilt/linux-x86_64/bin/../lib64/glibc-hwcaps/x86-64-v3/", 0x7ffe5aa4c7d0, 0) = -1 ENOENT (No such file or directory)
1846912 openat(AT_FDCWD, "/home/shorty/Android/Sdk/ndk/25.2.9519653/toolchains/llvm/prebuilt/linux-x86_64/bin/../lib64/glibc-hwcaps/x86-64-v2/libpthread.so.0", O_RDONLY|O_CLOEXEC) = -1 ENOENT (No such file or directory)
1846912 newfstatat(AT_FDCWD, "/home/shorty/Android/Sdk/ndk/25.2.9519653/toolchains/llvm/prebuilt/linux-x86_64/bin/../lib64/glibc-hwcaps/x86-64-v2/", 0x7ffe5aa4c7d0, 0) = -1 ENOENT (No such file or directory)
1846912 openat(AT_FDCWD, "/home/shorty/Android/Sdk/ndk/25.2.9519653/toolchains/llvm/prebuilt/linux-x86_64/bin/../lib64/libpthread.so.0", O_RDONLY|O_CLOEXEC) = -1 ENOENT (No such file or directory)
1846912 newfstatat(AT_FDCWD, "/home/shorty/Android/Sdk/ndk/25.2.9519653/toolchains/llvm/prebuilt/linux-x86_64/bin/../lib64/", {st_mode=S_IFDIR|0755, st_size=752, ...}, 0) = 0
1846912 openat(AT_FDCWD, "/etc/ld.so.cache", O_RDONLY|O_CLOEXEC) = 3
1846912 fstat(3, {st_mode=S_IFREG|0644, st_size=171419, ...}) = 0
1846912 mmap(NULL, 171419, PROT_READ, MAP_PRIVATE, 3, 0) = 0x7ff75198b000
1846912 close(3)                        = 0
1846912 openat(AT_FDCWD, "/lib64/libpthread.so.0", O_RDONLY|O_CLOEXEC) = 3
1846912 read(3, "\177ELF\2\1\1\0\0\0\0\0\0\0\0\0\3\0>\0\1\0\0\0\0\0\0\0\0\0\0\0"..., 832) = 832
1846912 fstat(3, {st_mode=S_IFREG|0755, st_size=15640, ...}) = 0
1846912 mmap(NULL, 16392, PROT_READ, MAP_PRIVATE|MAP_DENYWRITE, 3, 0) = 0x7ff751986000
1846912 mmap(0x7ff751987000, 4096, PROT_READ|PROT_EXEC, MAP_PRIVATE|MAP_FIXED|MAP_DENYWRITE, 3, 0x1000) = 0x7ff751987000
1846912 mmap(0x7ff751988000, 4096, PROT_READ, MAP_PRIVATE|MAP_FIXED|MAP_DENYWRITE, 3, 0x2000) = 0x7ff751988000
1846912 mmap(0x7ff751989000, 4096, PROT_READ|PROT_WRITE, MAP_PRIVATE|MAP_FIXED|MAP_DENYWRITE, 3, 0x2000) = 0x7ff751989000
1846912 mmap(0x7ff75198a000, 8, PROT_READ|PROT_WRITE, MAP_PRIVATE|MAP_FIXED|MAP_ANONYMOUS, -1, 0) = 0x7ff75198a000
1846912 close(3)                        = 0
1846912 openat(AT_FDCWD, "/home/shorty/Android/Sdk/ndk/25.2.9519653/toolchains/llvm/prebuilt/linux-x86_64/bin/../lib64/libxml2.so.2.9.13", O_RDONLY|O_CLOEXEC) = 3
1846912 read(3, "\177ELF\2\1\1\0\0\0\0\0\0\0\0\0\3\0>\0\1\0\0\0\0\0\0\0\0\0\0\0"..., 832) = 832
1846912 fstat(3, {st_mode=S_IFREG|0644, st_size=1780024, ...}) = 0
1846912 mmap(NULL, 1659128, PROT_READ, MAP_PRIVATE|MAP_DENYWRITE, 3, 0) = 0x7ff7517f0000
1846912 mmap(0x7ff751873000, 1069056, PROT_READ|PROT_EXEC, MAP_PRIVATE|MAP_FIXED|MAP_DENYWRITE, 3, 0x82000) = 0x7ff751873000
1846912 mmap(0x7ff751978000, 36864, PROT_READ|PROT_WRITE, MAP_PRIVATE|MAP_FIXED|MAP_DENYWRITE, 3, 0x186000) = 0x7ff751978000
1846912 mmap(0x7ff751981000, 16384, PROT_READ|PROT_WRITE, MAP_PRIVATE|MAP_FIXED|MAP_DENYWRITE, 3, 0x18e000) = 0x7ff751981000
1846912 mmap(0x7ff751985000, 248, PROT_READ|PROT_WRITE, MAP_PRIVATE|MAP_FIXED|MAP_ANONYMOUS, -1, 0) = 0x7ff751985000
1846912 close(3)                        = 0
1846912 openat(AT_FDCWD, "/home/shorty/Android/Sdk/ndk/25.2.9519653/toolchains/llvm/prebuilt/linux-x86_64/bin/../lib64/librt.so.1", O_RDONLY|O_CLOEXEC) = -1 ENOENT (No such file or directory)
1846912 openat(AT_FDCWD, "/lib64/librt.so.1", O_RDONLY|O_CLOEXEC) = 3
1846912 read(3, "\177ELF\2\1\1\0\0\0\0\0\0\0\0\0\3\0>\0\1\0\0\0\0\0\0\0\0\0\0\0"..., 832) = 832
1846912 fstat(3, {st_mode=S_IFREG|0755, st_size=15808, ...}) = 0
1846912 mmap(NULL, 16392, PROT_READ, MAP_PRIVATE|MAP_DENYWRITE, 3, 0) = 0x7ff7517eb000
1846912 mmap(0x7ff7517ec000, 4096, PROT_READ|PROT_EXEC, MAP_PRIVATE|MAP_FIXED|MAP_DENYWRITE, 3, 0x1000) = 0x7ff7517ec000
1846912 mmap(0x7ff7517ed000, 4096, PROT_READ, MAP_PRIVATE|MAP_FIXED|MAP_DENYWRITE, 3, 0x2000) = 0x7ff7517ed000
1846912 mmap(0x7ff7517ee000, 4096, PROT_READ|PROT_WRITE, MAP_PRIVATE|MAP_FIXED|MAP_DENYWRITE, 3, 0x2000) = 0x7ff7517ee000
1846912 mmap(0x7ff7517ef000, 8, PROT_READ|PROT_WRITE, MAP_PRIVATE|MAP_FIXED|MAP_ANONYMOUS, -1, 0) = 0x7ff7517ef000
1846912 close(3)                        = 0
1846912 openat(AT_FDCWD, "/home/shorty/Android/Sdk/ndk/25.2.9519653/toolchains/llvm/prebuilt/linux-x86_64/bin/../lib64/libdl.so.2", O_RDONLY|O_CLOEXEC) = -1 ENOENT (No such file or directory)
1846912 openat(AT_FDCWD, "/lib64/libdl.so.2", O_RDONLY|O_CLOEXEC) = 3
1846912 read(3, "\177ELF\2\1\1\0\0\0\0\0\0\0\0\0\3\0>\0\1\0\0\0\0\0\0\0\0\0\0\0"..., 832) = 832
1846912 fstat(3, {st_mode=S_IFREG|0755, st_size=15632, ...}) = 0
1846912 mmap(NULL, 16392, PROT_READ, MAP_PRIVATE|MAP_DENYWRITE, 3, 0) = 0x7ff7517e6000
1846912 mmap(0x7ff7517e7000, 4096, PROT_READ|PROT_EXEC, MAP_PRIVATE|MAP_FIXED|MAP_DENYWRITE, 3, 0x1000) = 0x7ff7517e7000
1846912 mmap(0x7ff7517e8000, 4096, PROT_READ, MAP_PRIVATE|MAP_FIXED|MAP_DENYWRITE, 3, 0x2000) = 0x7ff7517e8000
1846912 mmap(0x7ff7517e9000, 4096, PROT_READ|PROT_WRITE, MAP_PRIVATE|MAP_FIXED|MAP_DENYWRITE, 3, 0x2000) = 0x7ff7517e9000
1846912 mmap(0x7ff7517ea000, 8, PROT_READ|PROT_WRITE, MAP_PRIVATE|MAP_FIXED|MAP_ANONYMOUS, -1, 0) = 0x7ff7517ea000
1846912 close(3)                        = 0
1846912 openat(AT_FDCWD, "/home/shorty/Android/Sdk/ndk/25.2.9519653/toolchains/llvm/prebuilt/linux-x86_64/bin/../lib64/libm.so.6", O_RDONLY|O_CLOEXEC) = -1 ENOENT (No such file or directory)
1846912 openat(AT_FDCWD, "/lib64/libm.so.6", O_RDONLY|O_CLOEXEC) = 3
1846912 read(3, "\177ELF\2\1\1\3\0\0\0\0\0\0\0\0\3\0>\0\1\0\0\0\0\0\0\0\0\0\0\0"..., 832) = 832
1846912 fstat(3, {st_mode=S_IFREG|0755, st_size=956824, ...}) = 0
1846912 mmap(NULL, 938000, PROT_READ, MAP_PRIVATE|MAP_DENYWRITE, 3, 0) = 0x7ff751700000
1846912 mmap(0x7ff751701000, 495616, PROT_READ|PROT_EXEC, MAP_PRIVATE|MAP_FIXED|MAP_DENYWRITE, 3, 0x1000) = 0x7ff751701000
1846912 mmap(0x7ff75177a000, 434176, PROT_READ, MAP_PRIVATE|MAP_FIXED|MAP_DENYWRITE, 3, 0x7a000) = 0x7ff75177a000
1846912 mmap(0x7ff7517e4000, 8192, PROT_READ|PROT_WRITE, MAP_PRIVATE|MAP_FIXED|MAP_DENYWRITE, 3, 0xe3000) = 0x7ff7517e4000
1846912 close(3)                        = 0
1846912 openat(AT_FDCWD, "/home/shorty/Android/Sdk/ndk/25.2.9519653/toolchains/llvm/prebuilt/linux-x86_64/bin/../lib64/libz.so.1", O_RDONLY|O_CLOEXEC) = -1 ENOENT (No such file or directory)
1846912 openat(AT_FDCWD, "/lib64/libz.so.1", O_RDONLY|O_CLOEXEC) = 3
1846912 read(3, "\177ELF\2\1\1\0\0\0\0\0\0\0\0\0\3\0>\0\1\0\0\0\0\0\0\0\0\0\0\0"..., 832) = 832
1846912 fstat(3, {st_mode=S_IFREG|0755, st_size=145224, ...}) = 0
1846912 mmap(NULL, 8192, PROT_READ|PROT_WRITE, MAP_PRIVATE|MAP_ANONYMOUS, -1, 0) = 0x7ff7516fe000
1846912 mmap(NULL, 143488, PROT_READ, MAP_PRIVATE|MAP_DENYWRITE, 3, 0) = 0x7ff7516da000
1846912 mmap(0x7ff7516db000, 94208, PROT_READ|PROT_EXEC, MAP_PRIVATE|MAP_FIXED|MAP_DENYWRITE, 3, 0x1000) = 0x7ff7516db000
1846912 mmap(0x7ff7516f2000, 40960, PROT_READ, MAP_PRIVATE|MAP_FIXED|MAP_DENYWRITE, 3, 0x18000) = 0x7ff7516f2000
1846912 mmap(0x7ff7516fc000, 8192, PROT_READ|PROT_WRITE, MAP_PRIVATE|MAP_FIXED|MAP_DENYWRITE, 3, 0x21000) = 0x7ff7516fc000
1846912 close(3)                        = 0
1846912 openat(AT_FDCWD, "/home/shorty/Android/Sdk/ndk/25.2.9519653/toolchains/llvm/prebuilt/linux-x86_64/bin/../lib64/libc++.so.1", O_RDONLY|O_CLOEXEC) = 3
1846912 read(3, "\177ELF\2\1\1\0\0\0\0\0\0\0\0\0\3\0>\0\1\0\0\0\0\0\0\0\0\0\0\0"..., 832) = 832
1846912 fstat(3, {st_mode=S_IFREG|0644, st_size=2015120, ...}) = 0
1846912 mmap(NULL, 1159028, PROT_READ, MAP_PRIVATE|MAP_DENYWRITE, 3, 0) = 0x7ff7515bf000
1846912 mmap(0x7ff751659000, 458752, PROT_READ|PROT_EXEC, MAP_PRIVATE|MAP_FIXED|MAP_DENYWRITE, 3, 0x99000) = 0x7ff751659000
1846912 mmap(0x7ff7516c9000, 36864, PROT_READ|PROT_WRITE, MAP_PRIVATE|MAP_FIXED|MAP_DENYWRITE, 3, 0x108000) = 0x7ff7516c9000
1846912 mmap(0x7ff7516d2000, 4096, PROT_READ|PROT_WRITE, MAP_PRIVATE|MAP_FIXED|MAP_DENYWRITE, 3, 0x111000) = 0x7ff7516d2000
1846912 mmap(0x7ff7516d3000, 28532, PROT_READ|PROT_WRITE, MAP_PRIVATE|MAP_FIXED|MAP_ANONYMOUS, -1, 0) = 0x7ff7516d3000
1846912 close(3)                        = 0
1846912 openat(AT_FDCWD, "/home/shorty/Android/Sdk/ndk/25.2.9519653/toolchains/llvm/prebuilt/linux-x86_64/bin/../lib64/libgcc_s.so.1", O_RDONLY|O_CLOEXEC) = -1 ENOENT (No such file or directory)
1846912 openat(AT_FDCWD, "/lib64/libgcc_s.so.1", O_RDONLY|O_CLOEXEC) = 3
1846912 read(3, "\177ELF\2\1\1\0\0\0\0\0\0\0\0\0\3\0>\0\1\0\0\0\0\0\0\0\0\0\0\0"..., 832) = 832
1846912 fstat(3, {st_mode=S_IFREG|0755, st_size=186800, ...}) = 0
1846912 mmap(NULL, 188872, PROT_READ, MAP_PRIVATE|MAP_DENYWRITE, 3, 0) = 0x7ff751590000
1846912 mmap(0x7ff751591000, 147456, PROT_READ|PROT_EXEC, MAP_PRIVATE|MAP_FIXED|MAP_DENYWRITE, 3, 0x1000) = 0x7ff751591000
1846912 mmap(0x7ff7515b5000, 32768, PROT_READ, MAP_PRIVATE|MAP_FIXED|MAP_DENYWRITE, 3, 0x25000) = 0x7ff7515b5000
1846912 mmap(0x7ff7515bd000, 4096, PROT_READ|PROT_WRITE, MAP_PRIVATE|MAP_FIXED|MAP_DENYWRITE, 3, 0x2c000) = 0x7ff7515bd000
1846912 mmap(0x7ff7515be000, 456, PROT_READ|PROT_WRITE, MAP_PRIVATE|MAP_FIXED|MAP_ANONYMOUS, -1, 0) = 0x7ff7515be000
1846912 close(3)                        = 0
1846912 openat(AT_FDCWD, "/home/shorty/Android/Sdk/ndk/25.2.9519653/toolchains/llvm/prebuilt/linux-x86_64/bin/../lib64/libc.so.6", O_RDONLY|O_CLOEXEC) = -1 ENOENT (No such file or directory)
1846912 openat(AT_FDCWD, "/lib64/libc.so.6", O_RDONLY|O_CLOEXEC) = 3
1846912 read(3, "\177ELF\2\1\1\3\0\0\0\0\0\0\0\0\3\0>\0\1\0\0\0 4\0\0\0\0\0\0"..., 832) = 832
1846912 pread64(3, "\6\0\0\0\4\0\0\0@\0\0\0\0\0\0\0@\0\0\0\0\0\0\0@\0\0\0\0\0\0\0"..., 784, 64) = 784
1846912 fstat(3, {st_mode=S_IFREG|0755, st_size=2454144, ...}) = 0
1846912 pread64(3, "\6\0\0\0\4\0\0\0@\0\0\0\0\0\0\0@\0\0\0\0\0\0\0@\0\0\0\0\0\0\0"..., 784, 64) = 784
1846912 mmap(NULL, 2042904, PROT_READ, MAP_PRIVATE|MAP_DENYWRITE, 3, 0) = 0x7ff75139d000
1846912 mmap(0x7ff75139e000, 1503232, PROT_READ|PROT_EXEC, MAP_PRIVATE|MAP_FIXED|MAP_DENYWRITE, 3, 0x1000) = 0x7ff75139e000
1846912 mmap(0x7ff75150d000, 479232, PROT_READ, MAP_PRIVATE|MAP_FIXED|MAP_DENYWRITE, 3, 0x170000) = 0x7ff75150d000
1846912 mmap(0x7ff751582000, 24576, PROT_READ|PROT_WRITE, MAP_PRIVATE|MAP_FIXED|MAP_DENYWRITE, 3, 0x1e5000) = 0x7ff751582000
1846912 mmap(0x7ff751588000, 31768, PROT_READ|PROT_WRITE, MAP_PRIVATE|MAP_FIXED|MAP_ANONYMOUS, -1, 0) = 0x7ff751588000
1846912 close(3)                        = 0
1846912 mmap(NULL, 8192, PROT_READ|PROT_WRITE, MAP_PRIVATE|MAP_ANONYMOUS, -1, 0) = 0x7ff75139b000
1846912 mmap(NULL, 12288, PROT_READ|PROT_WRITE, MAP_PRIVATE|MAP_ANONYMOUS, -1, 0) = 0x7ff751398000
1846912 arch_prctl(ARCH_SET_FS, 0x7ff751398740) = 0
1846912 set_tid_address(0x7ff751398a10) = 1846912
1846912 set_robust_list(0x7ff751398a20, 24) = 0
1846912 rseq(0x7ff751399060, 0x20, 0, 0x53053053) = 0
1846912 mprotect(0x7ff751582000, 16384, PROT_READ) = 0
1846912 mprotect(0x7ff7515bd000, 4096, PROT_READ) = 0
1846912 mprotect(0x7ff751989000, 4096, PROT_READ) = 0
1846912 mprotect(0x7ff7517e4000, 4096, PROT_READ) = 0
1846912 mprotect(0x7ff7517ee000, 4096, PROT_READ) = 0
1846912 mprotect(0x7ff7516c9000, 36864, PROT_READ) = 0
1846912 mprotect(0x7ff7516fc000, 4096, PROT_READ) = 0
1846912 mprotect(0x7ff7517e9000, 4096, PROT_READ) = 0
1846912 mprotect(0x7ff751978000, 36864, PROT_READ) = 0
1846912 mprotect(0x382f000, 8192, PROT_READ) = 0
1846912 mprotect(0x7ff7519f2000, 8192, PROT_READ) = 0
1846912 prlimit64(0, RLIMIT_STACK, NULL, {rlim_cur=65536*1024, rlim_max=RLIM64_INFINITY}) = 0
1846912 munmap(0x7ff75198b000, 171419)  = 0
1846912 gettid()                        = 1846912
1846912 gettid()                        = 1846912
1846912 gettid()                        = 1846912
1846912 gettid()                        = 1846912
1846912 gettid()                        = 1846912
1846912 gettid()                        = 1846912
1846912 getrandom("\xe9\x5f\xd7\x21\x0d\x92\xfe\x27", 8, GRND_NONBLOCK) = 8
1846912 brk(NULL)                       = 0x3fb05000
1846912 brk(0x3fb26000)                 = 0x3fb26000
1846912 brk(0x3fb49000)                 = 0x3fb49000
1846912 sigaltstack(NULL, {ss_sp=NULL, ss_flags=SS_DISABLE, ss_size=0}) = 0
1846912 brk(0x3fb75000)                 = 0x3fb75000
1846912 sigaltstack({ss_sp=0x3fb43990, ss_flags=0, ss_size=67584}, {ss_sp=NULL, ss_flags=SS_DISABLE, ss_size=0}) = 0
1846912 rt_sigaction(SIGHUP, {sa_handler=0x2a05060, sa_mask=[], sa_flags=SA_RESTORER|SA_ONSTACK|SA_NODEFER|SA_RESETHAND|0xffffffff00000000, sa_restorer=0x7ff7513b7050}, {sa_handler=SIG_DFL, sa_mask=[], sa_flags=0}, 8) = 0
1846912 rt_sigaction(SIGINT, {sa_handler=0x2a05060, sa_mask=[], sa_flags=SA_RESTORER|SA_ONSTACK|SA_NODEFER|SA_RESETHAND|0xffffffff00000000, sa_restorer=0x7ff7513b7050}, {sa_handler=SIG_DFL, sa_mask=[], sa_flags=0}, 8) = 0
1846912 rt_sigaction(SIGTERM, {sa_handler=0x2a05060, sa_mask=[], sa_flags=SA_RESTORER|SA_ONSTACK|SA_NODEFER|SA_RESETHAND|0xffffffff00000000, sa_restorer=0x7ff7513b7050}, {sa_handler=SIG_DFL, sa_mask=[], sa_flags=0}, 8) = 0
1846912 rt_sigaction(SIGUSR2, {sa_handler=0x2a05060, sa_mask=[], sa_flags=SA_RESTORER|SA_ONSTACK|SA_NODEFER|SA_RESETHAND|0xffffffff00000000, sa_restorer=0x7ff7513b7050}, {sa_handler=SIG_DFL, sa_mask=[], sa_flags=0}, 8) = 0
1846912 rt_sigaction(SIGILL, {sa_handler=0x2a05060, sa_mask=[], sa_flags=SA_RESTORER|SA_ONSTACK|SA_NODEFER|SA_RESETHAND|0xffffffff00000000, sa_restorer=0x7ff7513b7050}, {sa_handler=SIG_DFL, sa_mask=[], sa_flags=0}, 8) = 0
1846912 rt_sigaction(SIGTRAP, {sa_handler=0x2a05060, sa_mask=[], sa_flags=SA_RESTORER|SA_ONSTACK|SA_NODEFER|SA_RESETHAND|0xffffffff00000000, sa_restorer=0x7ff7513b7050}, {sa_handler=SIG_DFL, sa_mask=[], sa_flags=0}, 8) = 0
1846912 rt_sigaction(SIGABRT, {sa_handler=0x2a05060, sa_mask=[], sa_flags=SA_RESTORER|SA_ONSTACK|SA_NODEFER|SA_RESETHAND|0xffffffff00000000, sa_restorer=0x7ff7513b7050}, {sa_handler=SIG_DFL, sa_mask=[], sa_flags=0}, 8) = 0
1846912 rt_sigaction(SIGFPE, {sa_handler=0x2a05060, sa_mask=[], sa_flags=SA_RESTORER|SA_ONSTACK|SA_NODEFER|SA_RESETHAND|0xffffffff00000000, sa_restorer=0x7ff7513b7050}, {sa_handler=SIG_DFL, sa_mask=[], sa_flags=0}, 8) = 0
1846912 rt_sigaction(SIGBUS, {sa_handler=0x2a05060, sa_mask=[], sa_flags=SA_RESTORER|SA_ONSTACK|SA_NODEFER|SA_RESETHAND|0xffffffff00000000, sa_restorer=0x7ff7513b7050}, {sa_handler=SIG_DFL, sa_mask=[], sa_flags=0}, 8) = 0
1846912 rt_sigaction(SIGSEGV, {sa_handler=0x2a05060, sa_mask=[], sa_flags=SA_RESTORER|SA_ONSTACK|SA_NODEFER|SA_RESETHAND|0xffffffff00000000, sa_restorer=0x7ff7513b7050}, {sa_handler=SIG_DFL, sa_mask=[], sa_flags=0}, 8) = 0
1846912 rt_sigaction(SIGQUIT, {sa_handler=0x2a05060, sa_mask=[], sa_flags=SA_RESTORER|SA_ONSTACK|SA_NODEFER|SA_RESETHAND|0xffffffff00000000, sa_restorer=0x7ff7513b7050}, {sa_handler=SIG_DFL, sa_mask=[], sa_flags=0}, 8) = 0
1846912 rt_sigaction(SIGSYS, {sa_handler=0x2a05060, sa_mask=[], sa_flags=SA_RESTORER|SA_ONSTACK|SA_NODEFER|SA_RESETHAND|0xffffffff00000000, sa_restorer=0x7ff7513b7050}, {sa_handler=SIG_DFL, sa_mask=[], sa_flags=0}, 8) = 0
1846912 rt_sigaction(SIGXCPU, {sa_handler=0x2a05060, sa_mask=[], sa_flags=SA_RESTORER|SA_ONSTACK|SA_NODEFER|SA_RESETHAND|0xffffffff00000000, sa_restorer=0x7ff7513b7050}, {sa_handler=SIG_DFL, sa_mask=[], sa_flags=0}, 8) = 0
1846912 rt_sigaction(SIGXFSZ, {sa_handler=0x2a05060, sa_mask=[], sa_flags=SA_RESTORER|SA_ONSTACK|SA_NODEFER|SA_RESETHAND|0xffffffff00000000, sa_restorer=0x7ff7513b7050}, {sa_handler=SIG_DFL, sa_mask=[], sa_flags=0}, 8) = 0
1846912 rt_sigaction(SIGPIPE, {sa_handler=0x2a05060, sa_mask=[], sa_flags=SA_RESTORER|SA_ONSTACK|SA_NODEFER|SA_RESETHAND|0xffffffff00000000, sa_restorer=0x7ff7513b7050}, {sa_handler=SIG_IGN, sa_mask=[], sa_flags=0}, 8) = 0
1846912 rt_sigaction(SIGUSR1, {sa_handler=0x2a04c10, sa_mask=[], sa_flags=SA_RESTORER|SA_ONSTACK, sa_restorer=0x7ff7513b7050}, {sa_handler=SIG_DFL, sa_mask=[], sa_flags=0}, 8) = 0
1846912 gettid()                        = 1846912
1846912 gettid()                        = 1846912
1846912 gettid()                        = 1846912
1846912 lseek(1, 0, SEEK_CUR)           = -1 ESPIPE (Illegal seek)
1846912 fstat(1, {st_mode=S_IFCHR|0600, st_rdev=makedev(0x88, 0x4), ...}) = 0
1846912 gettid()                        = 1846912
1846912 lseek(2, 0, SEEK_CUR)           = -1 ESPIPE (Illegal seek)
1846912 fstat(2, {st_mode=S_IFCHR|0600, st_rdev=makedev(0x88, 0x4), ...}) = 0
1846912 gettid()                        = 1846912
1846912 gettid()                        = 1846912
1846912 gettid()                        = 1846912
1846912 gettid()                        = 1846912
1846912 gettid()                        = 1846912
1846912 gettid()                        = 1846912
1846912 gettid()                        = 1846912
1846912 gettid()                        = 1846912
1846912 gettid()                        = 1846912
1846912 gettid()                        = 1846912
1846912 gettid()                        = 1846912
1846912 gettid()                        = 1846912
1846912 gettid()                        = 1846912
1846912 gettid()                        = 1846912
1846912 gettid()                        = 1846912
1846912 gettid()                        = 1846912
1846912 gettid()                        = 1846912
1846912 gettid()                        = 1846912
1846912 gettid()                        = 1846912
1846912 gettid()                        = 1846912
1846912 gettid()                        = 1846912
1846912 gettid()                        = 1846912
1846912 gettid()                        = 1846912
1846912 gettid()                        = 1846912
1846912 gettid()                        = 1846912
1846912 gettid()                        = 1846912
1846912 gettid()                        = 1846912
1846912 gettid()                        = 1846912
1846912 gettid()                        = 1846912
1846912 gettid()                        = 1846912
1846912 gettid()                        = 1846912
1846912 gettid()                        = 1846912
1846912 gettid()                        = 1846912
1846912 gettid()                        = 1846912
1846912 gettid()                        = 1846912
1846912 gettid()                        = 1846912
1846912 gettid()                        = 1846912
1846912 gettid()                        = 1846912
1846912 gettid()                        = 1846912
1846912 gettid()                        = 1846912
1846912 gettid()                        = 1846912
1846912 gettid()                        = 1846912
1846912 gettid()                        = 1846912
1846912 gettid()                        = 1846912
1846912 gettid()                        = 1846912
1846912 gettid()                        = 1846912
1846912 gettid()                        = 1846912
1846912 gettid()                        = 1846912
1846912 gettid()                        = 1846912
1846912 gettid()                        = 1846912
1846912 gettid()                        = 1846912
1846912 gettid()                        = 1846912
1846912 gettid()                        = 1846912
1846912 gettid()                        = 1846912
1846912 gettid()                        = 1846912
1846912 gettid()                        = 1846912
1846912 gettid()                        = 1846912
1846912 gettid()                        = 1846912
1846912 gettid()                        = 1846912
1846912 gettid()                        = 1846912
1846912 gettid()                        = 1846912
1846912 ioctl(2, TCGETS, {c_iflag=ICRNL|IUTF8, c_oflag=NL0|CR0|TAB0|BS0|VT0|FF0|OPOST|ONLCR, c_cflag=B38400|CS8|CREAD, c_lflag=ISIG|ICANON|ECHO|ECHOE|ECHOK|IEXTEN|ECHOCTL|ECHOKE, ...}) = 0
1846912 gettid()                        = 1846912
1846912 write(2, "ld: \33[0;31merror: \33[0munknown ar"..., 57) = 57
1846912 gettid()                        = 1846912
1846912 gettid()                        = 1846912
1846912 gettid()                        = 1846912
1846912 gettid()                        = 1846912
1846912 gettid()                        = 1846912
1846912 gettid()                        = 1846912
1846912 gettid()                        = 1846912
1846912 gettid()                        = 1846912
1846912 gettid()                        = 1846912
1846912 gettid()                        = 1846912
1846912 gettid()                        = 1846912
1846912 gettid()                        = 1846912
1846912 gettid()                        = 1846912
1846912 gettid()                        = 1846912
1846912 gettid()                        = 1846912
1846912 openat(AT_FDCWD, "/usr/lib/gcc/x86_64-redhat-linux/14/../../../../lib64/crt1.o", O_RDONLY|O_CLOEXEC) = 3
1846912 gettid()                        = 1846912
1846912 gettid()                        = 1846912
1846912 fstat(3, {st_mode=S_IFREG|0644, st_size=2896, ...}) = 0
1846912 pread64(3, "\177ELF\2\1\1\0\0\0\0\0\0\0\0\0\1\0>\0\1\0\0\0\0\0\0\0\0\0\0\0"..., 2896, 0) = 2896
1846912 rt_sigprocmask(SIG_SETMASK, ~[RTMIN RT_1], [], 8) = 0
1846912 close(3)                        = 0
1846912 rt_sigprocmask(SIG_SETMASK, [], NULL, 8) = 0
1846912 gettid()                        = 1846912
1846912 openat(AT_FDCWD, "/usr/lib/gcc/x86_64-redhat-linux/14/../../../../lib64/crti.o", O_RDONLY|O_CLOEXEC) = 3
1846912 fstat(3, {st_mode=S_IFREG|0644, st_size=1728, ...}) = 0
1846912 pread64(3, "\177ELF\2\1\1\0\0\0\0\0\0\0\0\0\1\0>\0\1\0\0\0\0\0\0\0\0\0\0\0"..., 1728, 0) = 1728
1846912 rt_sigprocmask(SIG_SETMASK, ~[RTMIN RT_1], [], 8) = 0
1846912 close(3)                        = 0
1846912 rt_sigprocmask(SIG_SETMASK, [], NULL, 8) = 0
1846912 openat(AT_FDCWD, "/usr/lib/gcc/x86_64-redhat-linux/14/crtbegin.o", O_RDONLY|O_CLOEXEC) = 3
1846912 fstat(3, {st_mode=S_IFREG|0644, st_size=2776, ...}) = 0
1846912 pread64(3, "\177ELF\2\1\1\0\0\0\0\0\0\0\0\0\1\0>\0\1\0\0\0\0\0\0\0\0\0\0\0"..., 2776, 0) = 2776
1846912 rt_sigprocmask(SIG_SETMASK, ~[RTMIN RT_1], [], 8) = 0
1846912 close(3)                        = 0
1846912 rt_sigprocmask(SIG_SETMASK, [], NULL, 8) = 0
1846912 openat(AT_FDCWD, "host/buildvm.o", O_RDONLY|O_CLOEXEC) = 3
1846912 fstat(3, {st_mode=S_IFREG|0644, st_size=223776, ...}) = 0
1846912 mmap(NULL, 223776, PROT_READ, MAP_PRIVATE|MAP_NORESERVE, 3, 0) = 0x7ff751361000
1846912 rt_sigprocmask(SIG_SETMASK, ~[RTMIN RT_1], [], 8) = 0
1846912 close(3)                        = 0
1846912 rt_sigprocmask(SIG_SETMASK, [], NULL, 8) = 0
1846912 openat(AT_FDCWD, "host/buildvm_asm.o", O_RDONLY|O_CLOEXEC) = 3
1846912 fstat(3, {st_mode=S_IFREG|0644, st_size=25480, ...}) = 0
1846912 mmap(NULL, 25480, PROT_READ, MAP_PRIVATE|MAP_NORESERVE, 3, 0) = 0x7ff7519ae000
1846912 rt_sigprocmask(SIG_SETMASK, ~[RTMIN RT_1], [], 8) = 0
1846912 close(3)                        = 0
1846912 rt_sigprocmask(SIG_SETMASK, [], NULL, 8) = 0
1846912 openat(AT_FDCWD, "host/buildvm_peobj.o", O_RDONLY|O_CLOEXEC) = 3
1846912 fstat(3, {st_mode=S_IFREG|0644, st_size=9328, ...}) = 0
1846912 pread64(3, "\177ELF\2\1\1\0\0\0\0\0\0\0\0\0\1\0>\0\1\0\0\0\0\0\0\0\0\0\0\0"..., 9328, 0) = 9328
1846912 rt_sigprocmask(SIG_SETMASK, ~[RTMIN RT_1], [], 8) = 0
1846912 close(3)                        = 0
1846912 rt_sigprocmask(SIG_SETMASK, [], NULL, 8) = 0
1846912 openat(AT_FDCWD, "host/buildvm_lib.o", O_RDONLY|O_CLOEXEC) = 3
1846912 fstat(3, {st_mode=S_IFREG|0644, st_size=54864, ...}) = 0
1846912 mmap(NULL, 54864, PROT_READ, MAP_PRIVATE|MAP_NORESERVE, 3, 0) = 0x7ff7519a0000
1846912 rt_sigprocmask(SIG_SETMASK, ~[RTMIN RT_1], [], 8) = 0
1846912 close(3)                        = 0
1846912 rt_sigprocmask(SIG_SETMASK, [], NULL, 8) = 0
1846912 openat(AT_FDCWD, "host/buildvm_fold.o", O_RDONLY|O_CLOEXEC) = 3
1846912 fstat(3, {st_mode=S_IFREG|0644, st_size=36072, ...}) = 0
1846912 mmap(NULL, 36072, PROT_READ, MAP_PRIVATE|MAP_NORESERVE, 3, 0) = 0x7ff751997000
1846912 rt_sigprocmask(SIG_SETMASK, ~[RTMIN RT_1], [], 8) = 0
1846912 close(3)                        = 0
1846912 rt_sigprocmask(SIG_SETMASK, [], NULL, 8) = 0
1846912 access("/usr/lib/gcc/x86_64-redhat-linux/14/libgcc.so", F_OK) = -1 ENOENT (No such file or directory)
1846912 access("/usr/lib/gcc/x86_64-redhat-linux/14/libgcc.a", F_OK) = 0
1846912 openat(AT_FDCWD, "/usr/lib/gcc/x86_64-redhat-linux/14/libgcc.a", O_RDONLY|O_CLOEXEC) = 3
1846912 fstat(3, {st_mode=S_IFREG|0644, st_size=3357972, ...}) = 0
1846912 mmap(NULL, 3357972, PROT_READ, MAP_PRIVATE|MAP_NORESERVE, 3, 0) = 0x7ff751000000
1846912 rt_sigprocmask(SIG_SETMASK, ~[RTMIN RT_1], [], 8) = 0
1846912 close(3)                        = 0
1846912 rt_sigprocmask(SIG_SETMASK, [], NULL, 8) = 0
1846912 access("/usr/lib/gcc/x86_64-redhat-linux/14/libgcc_s.so", F_OK) = 0
1846912 openat(AT_FDCWD, "/usr/lib/gcc/x86_64-redhat-linux/14/libgcc_s.so", O_RDONLY|O_CLOEXEC) = 3
1846912 fstat(3, {st_mode=S_IFREG|0644, st_size=195, ...}) = 0
1846912 pread64(3, "/* GNU ld script\n   Use the shar"..., 195, 0) = 195
1846912 rt_sigprocmask(SIG_SETMASK, ~[RTMIN RT_1], [], 8) = 0
1846912 close(3)                        = 0
1846912 rt_sigprocmask(SIG_SETMASK, [], NULL, 8) = 0
1846912 access("/usr/lib/gcc/x86_64-redhat-linux/14/libc.so", F_OK) = -1 ENOENT (No such file or directory)
1846912 access("/usr/lib/gcc/x86_64-redhat-linux/14/libc.a", F_OK) = -1 ENOENT (No such file or directory)
1846912 access("/usr/lib/gcc/x86_64-redhat-linux/14/../../../../lib64/libc.so", F_OK) = 0
1846912 openat(AT_FDCWD, "/usr/lib/gcc/x86_64-redhat-linux/14/../../../../lib64/libc.so", O_RDONLY|O_CLOEXEC) = 3
1846912 fstat(3, {st_mode=S_IFREG|0644, st_size=253, ...}) = 0
1846912 pread64(3, "/* GNU ld script\n   Use the shar"..., 253, 0) = 253
1846912 rt_sigprocmask(SIG_SETMASK, ~[RTMIN RT_1], [], 8) = 0
1846912 close(3)                        = 0
1846912 rt_sigprocmask(SIG_SETMASK, [], NULL, 8) = 0
1846912 access("/usr/lib/gcc/x86_64-redhat-linux/14/libgcc.so", F_OK) = -1 ENOENT (No such file or directory)
1846912 access("/usr/lib/gcc/x86_64-redhat-linux/14/libgcc.a", F_OK) = 0
1846912 openat(AT_FDCWD, "/usr/lib/gcc/x86_64-redhat-linux/14/libgcc.a", O_RDONLY|O_CLOEXEC) = 3
1846912 fstat(3, {st_mode=S_IFREG|0644, st_size=3357972, ...}) = 0
1846912 mmap(NULL, 3357972, PROT_READ, MAP_PRIVATE|MAP_NORESERVE, 3, 0) = 0x7ff750c00000
1846912 rt_sigprocmask(SIG_SETMASK, ~[RTMIN RT_1], [], 8) = 0
1846912 close(3)                        = 0
1846912 rt_sigprocmask(SIG_SETMASK, [], NULL, 8) = 0
1846912 access("/usr/lib/gcc/x86_64-redhat-linux/14/libgcc_s.so", F_OK) = 0
1846912 openat(AT_FDCWD, "/usr/lib/gcc/x86_64-redhat-linux/14/libgcc_s.so", O_RDONLY|O_CLOEXEC) = 3
1846912 fstat(3, {st_mode=S_IFREG|0644, st_size=195, ...}) = 0
1846912 pread64(3, "/* GNU ld script\n   Use the shar"..., 195, 0) = 195
1846912 rt_sigprocmask(SIG_SETMASK, ~[RTMIN RT_1], [], 8) = 0
1846912 close(3)                        = 0
1846912 rt_sigprocmask(SIG_SETMASK, [], NULL, 8) = 0
1846912 openat(AT_FDCWD, "/usr/lib/gcc/x86_64-redhat-linux/14/crtend.o", O_RDONLY|O_CLOEXEC) = 3
1846912 fstat(3, {st_mode=S_IFREG|0644, st_size=1456, ...}) = 0
1846912 pread64(3, "\177ELF\2\1\1\0\0\0\0\0\0\0\0\0\1\0>\0\1\0\0\0\0\0\0\0\0\0\0\0"..., 1456, 0) = 1456
1846912 rt_sigprocmask(SIG_SETMASK, ~[RTMIN RT_1], [], 8) = 0
1846912 close(3)                        = 0
1846912 rt_sigprocmask(SIG_SETMASK, [], NULL, 8) = 0
1846912 openat(AT_FDCWD, "/usr/lib/gcc/x86_64-redhat-linux/14/../../../../lib64/crtn.o", O_RDONLY|O_CLOEXEC) = 3
1846912 fstat(3, {st_mode=S_IFREG|0644, st_size=1464, ...}) = 0
1846912 pread64(3, "\177ELF\2\1\1\0\0\0\0\0\0\0\0\0\1\0>\0\1\0\0\0\0\0\0\0\0\0\0\0"..., 1464, 0) = 1464
1846912 rt_sigprocmask(SIG_SETMASK, ~[RTMIN RT_1], [], 8) = 0
1846912 close(3)                        = 0
1846912 rt_sigprocmask(SIG_SETMASK, [], NULL, 8) = 0
1846912 exit_group(1)                   = ?
1846912 +++ exited with 1 +++
1846911 <... wait4 resumed>[{WIFEXITED(s) && WEXITSTATUS(s) == 1}], 0, NULL) = 1846912
1846911 --- SIGCHLD {si_signo=SIGCHLD, si_code=CLD_EXITED, si_pid=1846912, si_uid=1000, si_status=1, si_utime=0, si_stime=0} ---
1846911 write(2, "collect2: error: ld returned 1 e"..., 43) = 43
1846911 newfstatat(AT_FDCWD, "/tmp/cctFjPqE.cdtor.c", {st_mode=S_IFREG|0600, st_size=0, ...}, AT_SYMLINK_NOFOLLOW) = 0
1846911 unlink("/tmp/cctFjPqE.cdtor.c") = 0
1846911 newfstatat(AT_FDCWD, "/tmp/ccM4qPbb.cdtor.o", {st_mode=S_IFREG|0600, st_size=0, ...}, AT_SYMLINK_NOFOLLOW) = 0
1846911 unlink("/tmp/ccM4qPbb.cdtor.o") = 0
1846911 exit_group(1)                   = ?
1846911 +++ exited with 1 +++
1846910 <... wait4 resumed>[{WIFEXITED(s) && WEXITSTATUS(s) == 1}], 0, NULL) = 1846911
1846910 --- SIGCHLD {si_signo=SIGCHLD, si_code=CLD_EXITED, si_pid=1846911, si_uid=1000, si_status=1, si_utime=0, si_stime=0} ---
1846910 newfstatat(AT_FDCWD, "/tmp/ccE0V4me.res", {st_mode=S_IFREG|0600, st_size=0, ...}, 0) = 0
1846910 unlink("/tmp/ccE0V4me.res")     = 0
1846910 exit_group(1)                   = ?
1846910 +++ exited with 1 +++
1846894 <... wait4 resumed>[{WIFEXITED(s) && WEXITSTATUS(s) == 1}], 0, NULL) = 1846910
1846894 write(2, "make[2]: *** [Makefile:669: host"..., 50) = 50
1846894 rt_sigprocmask(SIG_BLOCK, [HUP INT QUIT PIPE TERM XCPU XFSZ], NULL, 8) = 0
1846894 rt_sigprocmask(SIG_UNBLOCK, [HUP INT QUIT PIPE TERM XCPU XFSZ], NULL, 8) = 0
1846894 write(1, "make[2]: Leaving directory '/hom"..., 101) = 101
1846894 chdir("/home/shorty/projects/external/love-android/love/src/jni/LuaJIT-2.1/src") = 0
1846894 close(1)                        = 0
1846894 exit_group(2)                   = ?
1846894 +++ exited with 2 +++
1846874 <... wait4 resumed>[{WIFEXITED(s) && WEXITSTATUS(s) == 2}], 0, NULL) = 1846894
1846874 write(2, "make[1]: *** [Makefile:623: amal"..., 43) = 43
1846874 rt_sigprocmask(SIG_BLOCK, [HUP INT QUIT PIPE TERM XCPU XFSZ], NULL, 8) = 0
1846874 rt_sigprocmask(SIG_UNBLOCK, [HUP INT QUIT PIPE TERM XCPU XFSZ], NULL, 8) = 0
1846874 write(1, "make[1]: Leaving directory '/hom"..., 101) = 101
1846874 chdir("/home/shorty/projects/external/love-android/love/src/jni/LuaJIT-2.1") = 0
1846874 close(1)                        = 0
1846874 exit_group(2)                   = ?
1846874 +++ exited with 2 +++
1846871 <... wait4 resumed>[{WIFEXITED(s) && WEXITSTATUS(s) == 2}], 0, NULL) = 1846874
1846871 openat(AT_FDCWD, "/usr/share/locale/locale.alias", O_RDONLY|O_CLOEXEC) = 5
1846871 fstat(5, {st_mode=S_IFREG|0644, st_size=2998, ...}) = 0
1846871 read(5, "# Locale name alias data base.\n#"..., 4096) = 2998
1846871 read(5, "", 4096)               = 0
1846871 close(5)                        = 0
1846871 openat(AT_FDCWD, "/usr/share/locale/en_CA.UTF-8/LC_MESSAGES/make.mo", O_RDONLY) = -1 ENOENT (No such file or directory)
1846871 openat(AT_FDCWD, "/usr/share/locale/en_CA.utf8/LC_MESSAGES/make.mo", O_RDONLY) = -1 ENOENT (No such file or directory)
1846871 openat(AT_FDCWD, "/usr/share/locale/en_CA/LC_MESSAGES/make.mo", O_RDONLY) = -1 ENOENT (No such file or directory)
1846871 openat(AT_FDCWD, "/usr/share/locale/en.UTF-8/LC_MESSAGES/make.mo", O_RDONLY) = -1 ENOENT (No such file or directory)
1846871 openat(AT_FDCWD, "/usr/share/locale/en.utf8/LC_MESSAGES/make.mo", O_RDONLY) = -1 ENOENT (No such file or directory)
1846871 openat(AT_FDCWD, "/usr/share/locale/en/LC_MESSAGES/make.mo", O_RDONLY) = -1 ENOENT (No such file or directory)
1846871 write(2, "make: *** [Makefile:165: amalg] "..., 40) = 40
1846871 rt_sigprocmask(SIG_BLOCK, [HUP INT QUIT PIPE TERM XCPU XFSZ], NULL, 8) = 0
1846871 rt_sigprocmask(SIG_UNBLOCK, [HUP INT QUIT PIPE TERM XCPU XFSZ], NULL, 8) = 0
1846871 fcntl(3, F_GETFL)               = 0x8800 (flags O_RDONLY|O_NONBLOCK|O_LARGEFILE)
1846871 fcntl(3, F_SETFL, O_RDONLY|O_LARGEFILE) = 0
1846871 close(4)                        = 0
1846871 read(3, "+", 1)                 = 1
1846871 read(3, "+", 1)                 = 1
1846871 read(3, "+", 1)                 = 1
1846871 read(3, "+", 1)                 = 1
1846871 read(3, "+", 1)                 = 1
1846871 read(3, "+", 1)                 = 1
1846871 read(3, "+", 1)                 = 1
1846871 read(3, "+", 1)                 = 1
1846871 read(3, "+", 1)                 = 1
1846871 read(3, "+", 1)                 = 1
1846871 read(3, "+", 1)                 = 1
1846871 read(3, "+", 1)                 = 1
1846871 read(3, "+", 1)                 = 1
1846871 read(3, "+", 1)                 = 1
1846871 read(3, "+", 1)                 = 1
1846871 read(3, "", 1)                  = 0
1846871 close(3)                        = 0
1846871 unlink("/tmp/GMfifo1846871")    = 0
1846871 chdir("/home/shorty/projects/external/love-android/love/src/jni/LuaJIT-2.1") = 0
1846871 close(1)                        = 0
1846871 exit_group(2)                   = ?
1846871 +++ exited with 2 +++
